method,article_id,question_id,difficult,gold_label,predicted_index,correct,parsed,predicted_raw,tree_layers
agglomerative,52845,52845_75VB1ISR_1,0,2,3,0,1,C,1
agglomerative,52845,52845_75VB1ISR_2,1,2,3,0,1,C,1
agglomerative,52845,52845_75VB1ISR_3,1,3,3,1,1,C,1
agglomerative,52845,52845_75VB1ISR_4,1,4,1,0,1,A,1
agglomerative,52845,52845_75VB1ISR_5,1,1,1,1,1,A,1
agglomerative,52845,52845_75VB1ISR_6,0,4,4,1,1,D,1
agglomerative,30029,30029_F5N22U40_1,1,2,2,1,1,B,1
agglomerative,30029,30029_F5N22U40_2,1,1,2,0,1,B,1
agglomerative,30029,30029_F5N22U40_3,0,2,2,1,1,B,1
agglomerative,30029,30029_F5N22U40_4,1,2,4,0,1,D,1
agglomerative,30029,30029_F5N22U40_5,1,2,2,1,1,B,1
agglomerative,30029,30029_F5N22U40_6,1,4,4,1,1,D,1
agglomerative,30029,30029_F5N22U40_7,1,4,4,1,1,D,1
agglomerative,30029,30029_F5N22U40_8,0,1,1,1,1,A,1
agglomerative,30029,30029_F5N22U40_9,0,4,4,1,1,D,1
agglomerative,62139,62139_J05FWZR6_1,0,4,4,1,1,D,1
agglomerative,62139,62139_J05FWZR6_2,0,4,4,1,1,D,1
agglomerative,62139,62139_J05FWZR6_3,0,2,2,1,1,B,1
agglomerative,62139,62139_J05FWZR6_4,0,4,1,0,1,A,1
agglomerative,62139,62139_J05FWZR6_5,0,2,2,1,1,B,1
agglomerative,62139,62139_J05FWZR6_6,0,2,2,1,1,B,1
agglomerative,62139,62139_J05FWZR6_7,1,4,2,0,1,B,1
agglomerative,62139,62139_J05FWZR6_8,0,1,1,1,1,A,1
agglomerative,62139,62139_J05FWZR6_9,1,4,4,1,1,D,1
agglomerative,63523,63523_STSHLFEA_1,0,3,3,1,1,C,1
agglomerative,63523,63523_STSHLFEA_2,0,4,4,1,1,D,1
agglomerative,63523,63523_STSHLFEA_3,1,1,1,1,1,A,1
agglomerative,63523,63523_STSHLFEA_4,1,4,4,1,1,D,1
agglomerative,63523,63523_STSHLFEA_5,1,4,4,1,1,D,1
agglomerative,63523,63523_STSHLFEA_6,1,3,1,0,1,A,1
agglomerative,63523,63523_STSHLFEA_7,0,1,1,1,1,A,1
agglomerative,63523,63523_STSHLFEA_8,1,4,4,1,1,D,1
agglomerative,63523,63523_STSHLFEA_9,0,3,3,1,1,C,1
agglomerative,63523,63523_STSHLFEA_10,1,4,4,1,1,D,1
agglomerative,63401,63401_ZCP5ZDGL_1,0,1,1,1,1,A,1
agglomerative,63401,63401_ZCP5ZDGL_2,1,4,4,1,1,D,1
agglomerative,63401,63401_ZCP5ZDGL_3,0,3,3,1,1,C,1
agglomerative,63401,63401_ZCP5ZDGL_4,1,1,1,1,1,A,1
agglomerative,63401,63401_ZCP5ZDGL_5,0,2,4,0,1,D,1
agglomerative,63401,63401_ZCP5ZDGL_6,1,3,3,1,1,C,1
agglomerative,63401,63401_ZCP5ZDGL_7,1,1,2,0,1,B,1
agglomerative,63401,63401_ZCP5ZDGL_8,0,3,2,0,1,B,1
agglomerative,63401,63401_ZCP5ZDGL_9,1,2,3,0,1,C,1
agglomerative,63401,63401_ZCP5ZDGL_10,1,3,3,1,1,C,1
agglomerative,62476,62476_Z8GFDCIZ_1,1,1,1,1,1,A,1
agglomerative,62476,62476_Z8GFDCIZ_2,0,1,2,0,1,B,1
agglomerative,62476,62476_Z8GFDCIZ_3,1,3,1,0,1,A,1
agglomerative,62476,62476_Z8GFDCIZ_4,0,1,1,1,1,A,1
agglomerative,62476,62476_Z8GFDCIZ_5,0,4,3,0,1,C,1
agglomerative,62476,62476_Z8GFDCIZ_6,1,3,3,1,1,C,1
agglomerative,62476,62476_Z8GFDCIZ_7,0,1,1,1,1,A,1
agglomerative,62476,62476_Z8GFDCIZ_8,1,4,3,0,1,C,1
agglomerative,62476,62476_Z8GFDCIZ_9,0,2,4,0,1,D,1
agglomerative,52845,52845_91NAQ9LY_1,1,3,3,1,1,C,1
agglomerative,52845,52845_91NAQ9LY_2,0,1,1,1,1,A,1
agglomerative,52845,52845_91NAQ9LY_3,0,3,3,1,1,C,1
agglomerative,52845,52845_91NAQ9LY_4,1,2,1,0,1,A,1
agglomerative,52845,52845_91NAQ9LY_5,1,4,4,1,1,D,1
agglomerative,52845,52845_91NAQ9LY_6,1,2,2,1,1,B,1
agglomerative,52845,52845_91NAQ9LY_7,1,1,1,1,1,A,1
agglomerative,52845,52845_91NAQ9LY_8,1,2,3,0,1,C,1
agglomerative,30029,30029_XQTTOPHP_1,1,2,3,0,1,C,1
agglomerative,30029,30029_XQTTOPHP_2,0,1,1,1,1,A,1
agglomerative,30029,30029_XQTTOPHP_3,0,3,3,1,1,C,1
agglomerative,30029,30029_XQTTOPHP_4,1,3,3,1,1,C,1
agglomerative,30029,30029_XQTTOPHP_5,1,4,2,0,1,B,1
agglomerative,30029,30029_XQTTOPHP_6,0,2,2,1,1,B,1
agglomerative,30029,30029_XQTTOPHP_7,0,1,1,1,1,A,1
agglomerative,30029,30029_XQTTOPHP_8,0,3,3,1,1,C,1
agglomerative,30029,30029_XQTTOPHP_9,1,3,2,0,1,B,1
agglomerative,30029,30029_XQTTOPHP_10,0,1,1,1,1,A,1
agglomerative,62139,62139_V60QHFBZ_1,1,3,4,0,1,D,1
agglomerative,62139,62139_V60QHFBZ_2,1,2,2,1,1,B,1
agglomerative,62139,62139_V60QHFBZ_3,1,1,2,0,1,B,1
agglomerative,62139,62139_V60QHFBZ_4,1,3,3,1,1,C,1
agglomerative,62139,62139_V60QHFBZ_5,1,4,1,0,1,A,1
agglomerative,62139,62139_V60QHFBZ_6,1,3,3,1,1,C,1
agglomerative,62139,62139_V60QHFBZ_7,1,3,4,0,1,D,1
agglomerative,62139,62139_V60QHFBZ_8,0,3,2,0,1,B,1
agglomerative,62139,62139_V60QHFBZ_9,1,3,3,1,1,C,1
agglomerative,63523,63523_3B46MIE8_1,0,3,1,0,1,A,1
agglomerative,63523,63523_3B46MIE8_2,0,2,2,1,1,B,1
agglomerative,63523,63523_3B46MIE8_3,0,1,4,0,1,D,1
agglomerative,63523,63523_3B46MIE8_4,0,3,3,1,1,C,1
agglomerative,63523,63523_3B46MIE8_5,1,4,4,1,1,D,1
agglomerative,63523,63523_3B46MIE8_6,0,4,4,1,1,D,1
agglomerative,63523,63523_3B46MIE8_7,0,4,4,1,1,D,1
agglomerative,63523,63523_3B46MIE8_8,1,4,2,0,1,B,1
agglomerative,63523,63523_3B46MIE8_9,1,4,3,0,1,C,1
agglomerative,63523,63523_3B46MIE8_10,0,1,1,1,1,A,1
agglomerative,63401,63401_TBZWTSB7_1,0,4,2,0,1,B,1
agglomerative,63401,63401_TBZWTSB7_2,0,3,3,1,1,C,1
agglomerative,63401,63401_TBZWTSB7_3,1,4,2,0,1,B,1
agglomerative,63401,63401_TBZWTSB7_4,1,1,4,0,1,D,1
agglomerative,63401,63401_TBZWTSB7_5,1,4,2,0,1,B,1
agglomerative,63401,63401_TBZWTSB7_6,1,1,2,0,1,B,1
agglomerative,63401,63401_TBZWTSB7_7,0,1,1,1,1,A,1
agglomerative,63401,63401_TBZWTSB7_8,0,1,1,1,1,A,1
agglomerative,63401,63401_TBZWTSB7_9,1,4,4,1,1,D,1
agglomerative,62476,62476_0WTVH8V9_1,1,3,2,0,1,B,1
agglomerative,62476,62476_0WTVH8V9_2,1,3,2,0,1,B,1
agglomerative,62476,62476_0WTVH8V9_3,1,2,4,0,1,D,1
agglomerative,62476,62476_0WTVH8V9_4,1,3,3,1,1,C,1
agglomerative,62476,62476_0WTVH8V9_5,0,1,1,1,1,A,1
agglomerative,62476,62476_0WTVH8V9_6,1,4,4,1,1,D,1
agglomerative,62476,62476_0WTVH8V9_7,1,2,2,1,1,B,1
agglomerative,62476,62476_0WTVH8V9_8,0,4,4,1,1,D,1
agglomerative,62476,62476_0WTVH8V9_9,1,2,2,1,1,B,1
agglomerative,62476,62476_0WTVH8V9_10,1,1,1,1,1,A,1
agglomerative,63041,63041_SC73PXBG_1,1,2,2,1,1,B,0
agglomerative,63041,63041_SC73PXBG_2,1,1,1,1,1,A,0
agglomerative,63041,63041_SC73PXBG_3,1,2,2,1,1,B,0
agglomerative,63041,63041_SC73PXBG_4,1,4,2,0,1,B,0
agglomerative,63041,63041_SC73PXBG_5,1,1,1,1,1,A,0
agglomerative,63041,63041_SC73PXBG_6,1,1,1,1,1,A,0
agglomerative,63041,63041_SC73PXBG_7,1,3,4,0,1,D,0
agglomerative,63041,63041_SC73PXBG_8,1,2,2,1,1,B,0
agglomerative,63041,63041_SC73PXBG_9,1,3,3,1,1,C,0
agglomerative,30035,30035_SLGX7NNR_1,1,4,4,1,1,D,0
agglomerative,30035,30035_SLGX7NNR_2,1,2,2,1,1,B,0
agglomerative,30035,30035_SLGX7NNR_3,0,4,3,0,1,C,0
agglomerative,30035,30035_SLGX7NNR_4,0,3,3,1,1,C,0
agglomerative,30035,30035_SLGX7NNR_5,1,4,4,1,1,D,0
agglomerative,30035,30035_SLGX7NNR_6,1,3,4,0,1,D,0
agglomerative,30035,30035_SLGX7NNR_7,1,4,2,0,1,B,0
agglomerative,30035,30035_SLGX7NNR_8,0,2,2,1,1,B,0
agglomerative,61285,61285_XLEJCW65_1,1,3,3,1,1,C,1
agglomerative,61285,61285_XLEJCW65_2,1,4,2,0,1,B,1
agglomerative,61285,61285_XLEJCW65_3,0,2,2,1,1,B,1
agglomerative,61285,61285_XLEJCW65_4,1,1,1,1,1,A,1
agglomerative,61285,61285_XLEJCW65_5,1,2,2,1,1,B,1
agglomerative,61285,61285_XLEJCW65_6,0,4,4,1,1,D,1
agglomerative,61285,61285_XLEJCW65_7,0,4,2,0,1,B,1
agglomerative,62261,62261_SJZYUNBJ_1,0,4,4,1,1,D,1
agglomerative,62261,62261_SJZYUNBJ_2,0,4,4,1,1,D,1
agglomerative,62261,62261_SJZYUNBJ_3,1,2,2,1,1,B,1
agglomerative,62261,62261_SJZYUNBJ_4,1,1,1,1,1,A,1
agglomerative,62261,62261_SJZYUNBJ_5,1,1,1,1,1,A,1
agglomerative,62261,62261_SJZYUNBJ_6,0,1,1,1,1,A,1
agglomerative,62261,62261_SJZYUNBJ_7,1,4,4,1,1,D,1
agglomerative,62261,62261_SJZYUNBJ_8,0,1,2,0,1,B,1
agglomerative,62314,62314_ARZ8DZS1_1,1,2,3,0,1,C,1
agglomerative,62314,62314_ARZ8DZS1_2,1,2,2,1,1,B,1
agglomerative,62314,62314_ARZ8DZS1_3,1,4,2,0,1,B,1
agglomerative,62314,62314_ARZ8DZS1_4,1,1,2,0,1,B,1
agglomerative,62314,62314_ARZ8DZS1_5,1,3,3,1,1,C,1
agglomerative,62314,62314_ARZ8DZS1_6,1,4,4,1,1,D,1
agglomerative,62314,62314_ARZ8DZS1_7,1,3,2,0,1,B,1
agglomerative,62314,62314_ARZ8DZS1_8,1,3,3,1,1,C,1
agglomerative,62314,62314_ARZ8DZS1_9,1,2,2,1,1,B,1
agglomerative,62314,62314_ARZ8DZS1_10,1,1,3,0,1,C,1
agglomerative,61430,61430_X9N4VIUX_1,1,1,3,0,1,C,1
agglomerative,61430,61430_X9N4VIUX_2,1,1,1,1,1,A,1
agglomerative,61430,61430_X9N4VIUX_3,1,4,4,1,1,D,1
agglomerative,61430,61430_X9N4VIUX_4,1,4,2,0,1,B,1
agglomerative,61430,61430_X9N4VIUX_5,0,3,3,1,1,C,1
agglomerative,61430,61430_X9N4VIUX_6,1,2,2,1,1,B,1
agglomerative,61430,61430_X9N4VIUX_7,1,1,4,0,1,D,1
agglomerative,61430,61430_X9N4VIUX_8,1,2,2,1,1,B,1
agglomerative,63041,63041_TFO74FFD_1,0,2,2,1,1,B,0
agglomerative,63041,63041_TFO74FFD_2,1,1,1,1,1,A,0
agglomerative,63041,63041_TFO74FFD_3,1,1,1,1,1,A,0
agglomerative,63041,63041_TFO74FFD_4,1,4,4,1,1,D,0
agglomerative,63041,63041_TFO74FFD_5,0,1,1,1,1,A,0
agglomerative,63041,63041_TFO74FFD_6,1,3,2,0,1,B,0
agglomerative,63041,63041_TFO74FFD_7,0,4,4,1,1,D,0
agglomerative,63041,63041_TFO74FFD_8,1,4,2,0,1,B,0
agglomerative,63041,63041_TFO74FFD_9,1,2,2,1,1,B,0
agglomerative,63041,63041_TFO74FFD_10,0,4,4,1,1,D,0
agglomerative,30035,30035_C0HFCNPI_1,1,4,4,1,1,D,0
agglomerative,30035,30035_C0HFCNPI_2,0,2,2,1,1,B,0
agglomerative,30035,30035_C0HFCNPI_3,1,2,2,1,1,B,0
agglomerative,30035,30035_C0HFCNPI_4,1,4,4,1,1,D,0
agglomerative,30035,30035_C0HFCNPI_5,1,2,1,0,1,A,0
agglomerative,30035,30035_C0HFCNPI_6,1,3,3,1,1,C,0
agglomerative,30035,30035_C0HFCNPI_7,1,1,1,1,1,A,0
agglomerative,30035,30035_C0HFCNPI_8,1,3,1,0,1,A,0
agglomerative,30035,30035_C0HFCNPI_9,1,3,3,1,1,C,0
agglomerative,30035,30035_C0HFCNPI_10,0,1,1,1,1,A,0
agglomerative,61285,61285_D8AIH84L_1,0,2,2,1,1,B,1
agglomerative,61285,61285_D8AIH84L_2,0,3,3,1,1,C,1
agglomerative,61285,61285_D8AIH84L_3,1,2,2,1,1,B,1
agglomerative,61285,61285_D8AIH84L_4,1,4,4,1,1,D,1
agglomerative,61285,61285_D8AIH84L_5,0,1,1,1,1,A,1
agglomerative,61285,61285_D8AIH84L_6,1,2,4,0,1,D,1
agglomerative,61285,61285_D8AIH84L_7,0,4,4,1,1,D,1
agglomerative,61285,61285_D8AIH84L_8,1,3,3,1,1,C,1
agglomerative,61285,61285_D8AIH84L_9,1,4,4,1,1,D,1
agglomerative,61285,61285_D8AIH84L_10,0,4,4,1,1,D,1
agglomerative,62261,62261_99Z0HIK2_1,0,2,2,1,1,B,1
agglomerative,62261,62261_99Z0HIK2_2,1,2,2,1,1,B,1
agglomerative,62261,62261_99Z0HIK2_3,1,3,4,0,1,D,1
agglomerative,62261,62261_99Z0HIK2_4,1,3,4,0,1,D,1
agglomerative,62261,62261_99Z0HIK2_5,0,1,1,1,1,A,1
agglomerative,62261,62261_99Z0HIK2_6,1,1,4,0,1,D,1
agglomerative,62261,62261_99Z0HIK2_7,1,3,3,1,1,C,1
agglomerative,62261,62261_99Z0HIK2_8,0,3,2,0,1,B,1
agglomerative,62261,62261_99Z0HIK2_9,0,1,1,1,1,A,1
agglomerative,62261,62261_99Z0HIK2_10,1,1,1,1,1,A,1
agglomerative,62314,62314_QZHV11CY_1,1,3,3,1,1,C,1
agglomerative,62314,62314_QZHV11CY_2,1,2,2,1,1,B,1
agglomerative,62314,62314_QZHV11CY_3,0,3,3,1,1,C,1
agglomerative,62314,62314_QZHV11CY_4,1,1,1,1,1,A,1
agglomerative,62314,62314_QZHV11CY_5,0,4,4,1,1,D,1
agglomerative,62314,62314_QZHV11CY_6,1,3,3,1,1,C,1
agglomerative,62314,62314_QZHV11CY_7,1,3,4,0,1,D,1
agglomerative,62314,62314_QZHV11CY_8,1,1,1,1,1,A,1
agglomerative,62314,62314_QZHV11CY_9,0,1,1,1,1,A,1
agglomerative,62314,62314_QZHV11CY_10,0,2,1,0,1,A,1
agglomerative,61430,61430_R8T5MKW8_1,0,4,4,1,1,D,1
agglomerative,61430,61430_R8T5MKW8_2,1,1,1,1,1,A,1
agglomerative,61430,61430_R8T5MKW8_3,0,3,3,1,1,C,1
agglomerative,61430,61430_R8T5MKW8_4,1,2,2,1,1,B,1
agglomerative,61430,61430_R8T5MKW8_5,0,3,3,1,1,C,1
agglomerative,61430,61430_R8T5MKW8_6,1,4,4,1,1,D,1
agglomerative,61430,61430_R8T5MKW8_7,0,3,1,0,1,A,1
agglomerative,61430,61430_R8T5MKW8_8,1,3,3,1,1,C,1
agglomerative,61430,61430_R8T5MKW8_9,0,1,1,1,1,A,1
agglomerative,61430,61430_R8T5MKW8_10,0,4,4,1,1,D,1
agglomerative,52855,52855_MV65I88C_1,0,3,4,0,1,D,1
agglomerative,52855,52855_MV65I88C_2,1,1,3,0,1,C,1
agglomerative,52855,52855_MV65I88C_3,1,1,1,1,1,A,1
agglomerative,52855,52855_MV65I88C_4,1,1,1,1,1,A,1
agglomerative,52855,52855_MV65I88C_5,0,1,4,0,1,D,1
agglomerative,52855,52855_MV65I88C_6,1,2,1,0,1,A,1
agglomerative,52855,52855_MV65I88C_7,1,4,1,0,1,A,1
agglomerative,52855,52855_MV65I88C_8,1,4,3,0,1,C,1
agglomerative,52855,52855_MV65I88C_9,1,4,4,1,1,D,1
agglomerative,62085,62085_C1SL2YBE_1,0,4,4,1,1,D,1
agglomerative,62085,62085_C1SL2YBE_2,1,3,3,1,1,C,1
agglomerative,62085,62085_C1SL2YBE_3,1,4,4,1,1,D,1
agglomerative,62085,62085_C1SL2YBE_4,1,4,2,0,1,B,1
agglomerative,62085,62085_C1SL2YBE_5,0,2,2,1,1,B,1
agglomerative,62085,62085_C1SL2YBE_6,1,1,1,1,1,A,1
agglomerative,62085,62085_C1SL2YBE_7,1,2,2,1,1,B,1
agglomerative,62085,62085_C1SL2YBE_8,1,1,1,1,1,A,1
agglomerative,62085,62085_C1SL2YBE_9,0,2,2,1,1,B,1
agglomerative,62498,62498_D60CXKRF_1,0,3,3,1,1,C,1
agglomerative,62498,62498_D60CXKRF_2,1,1,3,0,1,C,1
agglomerative,62498,62498_D60CXKRF_3,1,2,2,1,1,B,1
agglomerative,62498,62498_D60CXKRF_4,0,3,3,1,1,C,1
agglomerative,62498,62498_D60CXKRF_5,0,4,4,1,1,D,1
agglomerative,62498,62498_D60CXKRF_6,1,4,4,1,1,D,1
agglomerative,62498,62498_D60CXKRF_7,0,4,4,1,1,D,1
agglomerative,62498,62498_D60CXKRF_8,1,3,3,1,1,C,1
agglomerative,62498,62498_D60CXKRF_9,1,2,2,1,1,B,1
agglomerative,61119,61119_BNH82NAU_1,1,2,3,0,1,C,1
agglomerative,61119,61119_BNH82NAU_2,0,2,2,1,1,B,1
agglomerative,61119,61119_BNH82NAU_3,1,4,1,0,1,A,1
agglomerative,61119,61119_BNH82NAU_4,1,1,2,0,1,B,1
agglomerative,61119,61119_BNH82NAU_5,1,1,3,0,1,C,1
agglomerative,61119,61119_BNH82NAU_6,1,3,3,1,1,C,1
agglomerative,61119,61119_BNH82NAU_7,0,1,1,1,1,A,1
agglomerative,63616,63616_MQ1O9T2Q_1,0,4,4,1,1,D,1
agglomerative,63616,63616_MQ1O9T2Q_2,1,4,3,0,1,C,1
agglomerative,63616,63616_MQ1O9T2Q_3,1,3,2,0,1,B,1
agglomerative,63616,63616_MQ1O9T2Q_4,1,4,4,1,1,D,1
agglomerative,63616,63616_MQ1O9T2Q_5,1,1,1,1,1,A,1
agglomerative,63616,63616_MQ1O9T2Q_6,0,4,4,1,1,D,1
agglomerative,61467,61467_TASABS87_1,1,2,2,1,1,B,1
agglomerative,61467,61467_TASABS87_2,1,2,3,0,1,C,1
agglomerative,61467,61467_TASABS87_3,0,2,2,1,1,B,1
agglomerative,61467,61467_TASABS87_4,0,4,4,1,1,D,1
agglomerative,61467,61467_TASABS87_5,1,4,4,1,1,D,1
agglomerative,61467,61467_TASABS87_6,1,1,3,0,1,C,1
agglomerative,61467,61467_TASABS87_7,1,4,3,0,1,C,1
agglomerative,61467,61467_TASABS87_8,0,2,2,1,1,B,1
agglomerative,61467,61467_TASABS87_9,1,4,1,0,1,A,1
agglomerative,52855,52855_3OS4Y95O_1,1,4,2,0,1,B,1
agglomerative,52855,52855_3OS4Y95O_2,0,4,4,1,1,D,1
agglomerative,52855,52855_3OS4Y95O_3,1,3,1,0,1,A,1
agglomerative,52855,52855_3OS4Y95O_4,1,1,2,0,1,B,1
agglomerative,52855,52855_3OS4Y95O_5,1,1,4,0,1,D,1
agglomerative,52855,52855_3OS4Y95O_6,0,4,2,0,1,B,1
agglomerative,52855,52855_3OS4Y95O_7,1,2,2,1,1,B,1
agglomerative,52855,52855_3OS4Y95O_8,1,2,2,1,1,B,1
agglomerative,52855,52855_3OS4Y95O_9,1,2,2,1,1,B,1
agglomerative,52855,52855_3OS4Y95O_10,1,1,4,0,1,D,1
agglomerative,62085,62085_OTOKKIL9_1,0,1,1,1,1,A,1
agglomerative,62085,62085_OTOKKIL9_2,1,4,1,0,1,A,1
agglomerative,62085,62085_OTOKKIL9_3,1,3,3,1,1,C,1
agglomerative,62085,62085_OTOKKIL9_4,0,2,2,1,1,B,1
agglomerative,62085,62085_OTOKKIL9_5,1,4,3,0,1,C,1
agglomerative,62085,62085_OTOKKIL9_6,1,1,1,1,1,A,1
agglomerative,62085,62085_OTOKKIL9_7,0,1,3,0,1,C,1
agglomerative,62085,62085_OTOKKIL9_8,1,1,4,0,1,D,1
agglomerative,62498,62498_9BZIZ3SE_1,0,3,1,0,1,A,1
agglomerative,62498,62498_9BZIZ3SE_2,1,2,2,1,1,B,1
agglomerative,62498,62498_9BZIZ3SE_3,1,2,2,1,1,B,1
agglomerative,62498,62498_9BZIZ3SE_4,0,2,2,1,1,B,1
agglomerative,62498,62498_9BZIZ3SE_5,0,2,2,1,1,B,1
agglomerative,62498,62498_9BZIZ3SE_6,1,3,3,1,1,C,1
agglomerative,62498,62498_9BZIZ3SE_7,1,1,4,0,1,D,1
agglomerative,62498,62498_9BZIZ3SE_8,0,4,4,1,1,D,1
agglomerative,62498,62498_9BZIZ3SE_9,0,3,3,1,1,C,1
agglomerative,61119,61119_27E8WDJC_1,1,1,1,1,1,A,1
agglomerative,61119,61119_27E8WDJC_2,0,1,1,1,1,A,1
agglomerative,61119,61119_27E8WDJC_3,1,4,1,0,1,A,1
agglomerative,61119,61119_27E8WDJC_4,1,1,1,1,1,A,1
agglomerative,61119,61119_27E8WDJC_5,0,4,4,1,1,D,1
agglomerative,61119,61119_27E8WDJC_6,1,1,1,1,1,A,1
agglomerative,61119,61119_27E8WDJC_7,1,3,3,1,1,C,1
agglomerative,61119,61119_27E8WDJC_8,0,4,4,1,1,D,1
agglomerative,61119,61119_27E8WDJC_9,1,4,4,1,1,D,1
agglomerative,63616,63616_AZTRNB8D_1,0,4,3,0,1,C,1
agglomerative,63616,63616_AZTRNB8D_2,1,4,3,0,1,C,1
agglomerative,63616,63616_AZTRNB8D_3,1,2,2,1,1,B,1
agglomerative,63616,63616_AZTRNB8D_4,1,4,4,1,1,D,1
agglomerative,63616,63616_AZTRNB8D_5,1,2,3,0,1,C,1
agglomerative,63616,63616_AZTRNB8D_6,0,3,3,1,1,C,1
agglomerative,63616,63616_AZTRNB8D_7,1,1,1,1,1,A,1
agglomerative,63616,63616_AZTRNB8D_8,0,1,3,0,1,C,1
agglomerative,63616,63616_AZTRNB8D_9,1,3,3,1,1,C,1
agglomerative,61467,61467_S2P1EICS_1,1,1,1,1,1,A,1
agglomerative,61467,61467_S2P1EICS_2,1,1,1,1,1,A,1
agglomerative,61467,61467_S2P1EICS_3,1,2,2,1,1,B,1
agglomerative,61467,61467_S2P1EICS_4,1,1,1,1,1,A,1
agglomerative,61467,61467_S2P1EICS_5,0,2,2,1,1,B,1
agglomerative,61467,61467_S2P1EICS_6,0,2,2,1,1,B,1
agglomerative,61467,61467_S2P1EICS_7,0,1,1,1,1,A,1
agglomerative,61467,61467_S2P1EICS_8,1,3,3,1,1,C,1
agglomerative,61467,61467_S2P1EICS_9,1,1,1,1,1,A,1
agglomerative,60412,60412_XM0T4STT_1,1,4,2,0,1,B,1
agglomerative,60412,60412_XM0T4STT_2,0,2,2,1,1,B,1
agglomerative,60412,60412_XM0T4STT_3,0,1,3,0,1,C,1
agglomerative,60412,60412_XM0T4STT_4,1,1,1,1,1,A,1
agglomerative,60412,60412_XM0T4STT_5,1,3,3,1,1,C,1
agglomerative,60412,60412_XM0T4STT_6,1,1,3,0,1,C,1
agglomerative,60412,60412_XM0T4STT_7,1,2,4,0,1,D,1
agglomerative,63855,63855_F9FDT8EG_1,0,2,2,1,1,B,1
agglomerative,63855,63855_F9FDT8EG_2,1,4,3,0,1,C,1
agglomerative,63855,63855_F9FDT8EG_3,1,2,2,1,1,B,1
agglomerative,63855,63855_F9FDT8EG_4,0,2,2,1,1,B,1
agglomerative,63855,63855_F9FDT8EG_5,1,4,2,0,1,B,1
agglomerative,63855,63855_F9FDT8EG_6,0,2,2,1,1,B,1
agglomerative,63855,63855_F9FDT8EG_7,1,2,2,1,1,B,1
agglomerative,63855,63855_F9FDT8EG_8,1,3,2,0,1,B,1
agglomerative,63855,63855_F9FDT8EG_9,1,1,1,1,1,A,1
agglomerative,63633,63633_TE8SMQXZ_1,1,4,3,0,1,C,1
agglomerative,63633,63633_TE8SMQXZ_2,1,1,4,0,1,D,1
agglomerative,63633,63633_TE8SMQXZ_3,1,3,3,1,1,C,1
agglomerative,63633,63633_TE8SMQXZ_4,1,2,2,1,1,B,1
agglomerative,63633,63633_TE8SMQXZ_5,0,3,3,1,1,C,1
agglomerative,63633,63633_TE8SMQXZ_6,0,4,4,1,1,D,1
agglomerative,63633,63633_TE8SMQXZ_7,1,4,4,1,1,D,1
agglomerative,63633,63633_TE8SMQXZ_8,1,1,4,0,1,D,1
agglomerative,63633,63633_TE8SMQXZ_9,1,3,3,1,1,C,1
agglomerative,63473,63473_IMAZR7FI_1,1,4,2,0,1,B,1
agglomerative,63473,63473_IMAZR7FI_2,0,4,4,1,1,D,1
agglomerative,63473,63473_IMAZR7FI_3,1,2,4,0,1,D,1
agglomerative,63473,63473_IMAZR7FI_4,1,2,2,1,1,B,1
agglomerative,63473,63473_IMAZR7FI_5,0,3,3,1,1,C,1
agglomerative,63473,63473_IMAZR7FI_6,0,1,1,1,1,A,1
agglomerative,61434,61434_C4DV5MOT_1,1,2,3,0,1,C,1
agglomerative,61434,61434_C4DV5MOT_2,1,1,4,0,1,D,1
agglomerative,61434,61434_C4DV5MOT_3,0,2,2,1,1,B,1
agglomerative,61434,61434_C4DV5MOT_4,1,1,1,1,1,A,1
agglomerative,61434,61434_C4DV5MOT_5,1,2,3,0,1,C,1
agglomerative,61434,61434_C4DV5MOT_6,1,3,1,0,1,A,1
agglomerative,61434,61434_C4DV5MOT_7,1,3,1,0,1,A,1
agglomerative,61434,61434_C4DV5MOT_8,1,1,2,0,1,B,1
agglomerative,63150,63150_2I9H6MLD_1,1,2,3,0,1,C,1
agglomerative,63150,63150_2I9H6MLD_2,0,4,2,0,1,B,1
agglomerative,63150,63150_2I9H6MLD_3,1,4,4,1,1,D,1
agglomerative,63150,63150_2I9H6MLD_4,1,2,3,0,1,C,1
agglomerative,63150,63150_2I9H6MLD_5,0,4,4,1,1,D,1
agglomerative,63150,63150_2I9H6MLD_6,0,4,4,1,1,D,1
agglomerative,63150,63150_2I9H6MLD_7,0,3,3,1,1,C,1
agglomerative,63150,63150_2I9H6MLD_8,1,4,2,0,1,B,1
agglomerative,63645,63645_THY3SLLH_1,1,3,1,0,1,A,1
agglomerative,63645,63645_THY3SLLH_2,1,2,2,1,1,B,1
agglomerative,63645,63645_THY3SLLH_3,1,2,4,0,1,D,1
agglomerative,63645,63645_THY3SLLH_4,1,2,1,0,1,A,1
agglomerative,63645,63645_THY3SLLH_5,1,1,1,1,1,A,1
agglomerative,63645,63645_THY3SLLH_6,1,2,2,1,1,B,1
agglomerative,63645,63645_THY3SLLH_7,1,4,4,1,1,D,1
agglomerative,63645,63645_THY3SLLH_8,1,4,2,0,1,B,1
agglomerative,61146,61146_1K27MAZN_1,0,3,4,0,1,D,1
agglomerative,61146,61146_1K27MAZN_2,0,2,1,0,1,A,1
agglomerative,61146,61146_1K27MAZN_3,0,4,4,1,1,D,1
agglomerative,61146,61146_1K27MAZN_4,1,1,1,1,1,A,1
agglomerative,61146,61146_1K27MAZN_5,1,4,2,0,1,B,1
agglomerative,61146,61146_1K27MAZN_6,1,3,2,0,1,B,1
agglomerative,61146,61146_1K27MAZN_7,1,2,3,0,1,C,1
agglomerative,61146,61146_1K27MAZN_8,0,2,4,0,1,D,1
agglomerative,63936,63936_L8TF3034_1,1,1,3,0,1,C,1
agglomerative,63936,63936_L8TF3034_2,0,3,3,1,1,C,1
agglomerative,63936,63936_L8TF3034_3,0,2,2,1,1,B,1
agglomerative,63936,63936_L8TF3034_4,0,3,3,1,1,C,1
agglomerative,63936,63936_L8TF3034_5,1,1,1,1,1,A,1
agglomerative,63936,63936_L8TF3034_6,1,4,2,0,1,B,1
agglomerative,63936,63936_L8TF3034_7,1,2,2,1,1,B,1
agglomerative,63936,63936_L8TF3034_8,1,3,2,0,1,B,1
agglomerative,63936,63936_L8TF3034_9,1,1,2,0,1,B,1
agglomerative,20007,20007_RZDMZJYW_1,1,3,3,1,1,C,0
agglomerative,20007,20007_RZDMZJYW_2,1,3,3,1,1,C,0
agglomerative,20007,20007_RZDMZJYW_3,0,1,1,1,1,A,0
agglomerative,20007,20007_RZDMZJYW_4,1,4,4,1,1,D,0
agglomerative,20007,20007_RZDMZJYW_5,1,4,4,1,1,D,0
agglomerative,20007,20007_RZDMZJYW_6,1,4,2,0,1,B,0
agglomerative,20007,20007_RZDMZJYW_7,1,4,4,1,1,D,0
agglomerative,20007,20007_RZDMZJYW_8,0,4,2,0,1,B,0
agglomerative,20007,20007_RZDMZJYW_9,0,2,2,1,1,B,0
agglomerative,20007,20007_RZDMZJYW_10,1,2,2,1,1,B,0
agglomerative,20008,20008_5QQ88LP2_1,0,4,4,1,1,D,0
agglomerative,20008,20008_5QQ88LP2_2,0,2,2,1,1,B,0
agglomerative,20008,20008_5QQ88LP2_3,0,2,1,0,1,A,0
agglomerative,20008,20008_5QQ88LP2_4,0,2,2,1,1,B,0
agglomerative,20008,20008_5QQ88LP2_5,1,4,4,1,1,D,0
agglomerative,20008,20008_5QQ88LP2_6,1,3,2,0,1,B,0
agglomerative,20008,20008_5QQ88LP2_7,0,3,3,1,1,C,0
agglomerative,20008,20008_5QQ88LP2_8,1,3,3,1,1,C,0
agglomerative,20008,20008_5QQ88LP2_9,1,2,2,1,1,B,0
agglomerative,20006,20006_VZW02G1T_1,0,1,1,1,1,A,0
agglomerative,20006,20006_VZW02G1T_2,0,2,2,1,1,B,0
agglomerative,20006,20006_VZW02G1T_3,0,4,3,0,1,C,0
agglomerative,20006,20006_VZW02G1T_4,1,3,1,0,1,A,0
agglomerative,20006,20006_VZW02G1T_5,0,4,4,1,1,D,0
agglomerative,20006,20006_VZW02G1T_6,0,3,3,1,1,C,0
agglomerative,20006,20006_VZW02G1T_7,0,3,3,1,1,C,0
agglomerative,20006,20006_VZW02G1T_8,0,2,2,1,1,B,0
agglomerative,20006,20006_VZW02G1T_9,0,4,4,1,1,D,0
agglomerative,20006,20006_VZW02G1T_10,0,1,1,1,1,A,0
agglomerative,62382,62382_0ORSPEA2_1,1,2,2,1,1,B,1
agglomerative,62382,62382_0ORSPEA2_2,1,2,2,1,1,B,1
agglomerative,62382,62382_0ORSPEA2_3,0,3,3,1,1,C,1
agglomerative,62382,62382_0ORSPEA2_4,0,4,1,0,1,A,1
agglomerative,62382,62382_0ORSPEA2_5,0,2,2,1,1,B,1
agglomerative,62382,62382_0ORSPEA2_6,1,1,2,0,1,B,1
agglomerative,62382,62382_0ORSPEA2_7,1,1,1,1,1,A,1
agglomerative,62382,62382_0ORSPEA2_8,1,4,3,0,1,C,1
agglomerative,62382,62382_0ORSPEA2_9,1,2,2,1,1,B,1
agglomerative,62382,62382_0ORSPEA2_10,0,1,1,1,1,A,1
agglomerative,63862,63862_XR1KS2MX_1,1,4,1,0,1,A,1
agglomerative,63862,63862_XR1KS2MX_2,1,4,4,1,1,D,1
agglomerative,63862,63862_XR1KS2MX_3,1,4,1,0,1,A,1
agglomerative,63862,63862_XR1KS2MX_4,0,1,1,1,1,A,1
agglomerative,63862,63862_XR1KS2MX_5,1,4,4,1,1,D,1
agglomerative,63862,63862_XR1KS2MX_6,0,1,1,1,1,A,1
agglomerative,63862,63862_XR1KS2MX_7,0,2,4,0,1,D,1
agglomerative,40965,40965_7AWX7OE9_1,1,3,4,0,1,D,1
agglomerative,40965,40965_7AWX7OE9_2,1,3,2,0,1,B,1
agglomerative,40965,40965_7AWX7OE9_3,1,2,2,1,1,B,1
agglomerative,40965,40965_7AWX7OE9_4,0,1,1,1,1,A,1
agglomerative,40965,40965_7AWX7OE9_5,0,4,4,1,1,D,1
agglomerative,40965,40965_7AWX7OE9_6,1,1,1,1,1,A,1
agglomerative,40965,40965_7AWX7OE9_7,1,4,4,1,1,D,1
agglomerative,40965,40965_7AWX7OE9_8,1,4,4,1,1,D,1
agglomerative,32665,32665_BFH6JK2Z_1,1,1,2,0,1,B,0
agglomerative,32665,32665_BFH6JK2Z_2,0,3,3,1,1,C,0
agglomerative,32665,32665_BFH6JK2Z_3,1,4,4,1,1,D,0
agglomerative,32665,32665_BFH6JK2Z_4,0,2,2,1,1,B,0
agglomerative,32665,32665_BFH6JK2Z_5,1,2,2,1,1,B,0
agglomerative,32665,32665_BFH6JK2Z_6,1,4,4,1,1,D,0
agglomerative,32665,32665_BFH6JK2Z_7,1,1,1,1,1,A,0
agglomerative,32665,32665_BFH6JK2Z_8,0,3,3,1,1,C,0
agglomerative,32665,32665_BFH6JK2Z_9,0,2,2,1,1,B,0
agglomerative,55815,55815_ZJPKF6YE_1,1,3,3,1,1,C,1
agglomerative,55815,55815_ZJPKF6YE_2,1,2,2,1,1,B,1
agglomerative,55815,55815_ZJPKF6YE_3,0,1,2,0,1,B,1
agglomerative,55815,55815_ZJPKF6YE_4,1,3,3,1,1,C,1
agglomerative,55815,55815_ZJPKF6YE_5,1,4,2,0,1,B,1
agglomerative,55815,55815_ZJPKF6YE_6,1,2,3,0,1,C,1
agglomerative,55815,55815_ZJPKF6YE_7,1,1,1,1,1,A,1
agglomerative,63812,63812_DQG6TAWJ_1,1,3,4,0,1,D,1
agglomerative,63812,63812_DQG6TAWJ_2,1,2,1,0,1,A,1
agglomerative,63812,63812_DQG6TAWJ_3,1,4,4,1,1,D,1
agglomerative,63812,63812_DQG6TAWJ_4,0,1,1,1,1,A,1
agglomerative,63812,63812_DQG6TAWJ_5,0,4,4,1,1,D,1
agglomerative,63812,63812_DQG6TAWJ_6,0,3,3,1,1,C,1
agglomerative,63812,63812_DQG6TAWJ_7,0,2,2,1,1,B,1
agglomerative,63812,63812_DQG6TAWJ_8,0,4,4,1,1,D,1
agglomerative,63812,63812_DQG6TAWJ_9,1,1,2,0,1,B,1
agglomerative,63812,63812_DQG6TAWJ_10,1,4,2,0,1,B,1
agglomerative,63392,63392_KMVGI51I_1,1,2,2,1,1,B,1
agglomerative,63392,63392_KMVGI51I_2,1,1,1,1,1,A,1
agglomerative,63392,63392_KMVGI51I_3,1,1,1,1,1,A,1
agglomerative,63392,63392_KMVGI51I_4,1,2,4,0,1,D,1
agglomerative,63392,63392_KMVGI51I_5,0,1,1,1,1,A,1
agglomerative,63392,63392_KMVGI51I_6,1,3,3,1,1,C,1
agglomerative,63392,63392_KMVGI51I_7,0,2,2,1,1,B,1
agglomerative,63392,63392_KMVGI51I_8,0,2,2,1,1,B,1
agglomerative,63392,63392_KMVGI51I_9,1,1,1,1,1,A,1
agglomerative,63392,63392_KMVGI51I_10,0,2,2,1,1,B,1
agglomerative,63130,63130_PRY03TR7_1,0,2,2,1,1,B,1
agglomerative,63130,63130_PRY03TR7_2,0,2,2,1,1,B,1
agglomerative,63130,63130_PRY03TR7_3,1,2,2,1,1,B,1
agglomerative,63130,63130_PRY03TR7_4,1,2,2,1,1,B,1
agglomerative,63130,63130_PRY03TR7_5,0,3,2,0,1,B,1
agglomerative,63130,63130_PRY03TR7_6,1,4,4,1,1,D,1
agglomerative,63130,63130_PRY03TR7_7,1,1,1,1,1,A,1
agglomerative,63130,63130_PRY03TR7_8,1,4,4,1,1,D,1
agglomerative,63130,63130_PRY03TR7_9,1,3,4,0,1,D,1
agglomerative,63130,63130_PRY03TR7_10,0,3,3,1,1,C,1
agglomerative,63916,63916_C3PEXPCO_1,1,1,2,0,1,B,1
agglomerative,63916,63916_C3PEXPCO_2,1,4,4,1,1,D,1
agglomerative,63916,63916_C3PEXPCO_3,1,4,4,1,1,D,1
agglomerative,63916,63916_C3PEXPCO_4,1,4,1,0,1,A,1
agglomerative,63916,63916_C3PEXPCO_5,1,3,1,0,1,A,1
agglomerative,63916,63916_C3PEXPCO_6,1,1,3,0,1,C,1
agglomerative,63916,63916_C3PEXPCO_7,1,3,3,1,1,C,1
agglomerative,63916,63916_C3PEXPCO_8,1,4,4,1,1,D,1
agglomerative,63916,63916_C3PEXPCO_9,1,4,1,0,1,A,1
agglomerative,63833,63833_V187YO4H_1,1,3,3,1,1,C,1
agglomerative,63833,63833_V187YO4H_2,1,1,3,0,1,C,1
agglomerative,63833,63833_V187YO4H_3,0,3,3,1,1,C,1
agglomerative,63833,63833_V187YO4H_4,1,2,3,0,1,C,1
agglomerative,63833,63833_V187YO4H_5,0,4,4,1,1,D,1
agglomerative,63833,63833_V187YO4H_6,0,1,1,1,1,A,1
agglomerative,63833,63833_V187YO4H_7,1,1,1,1,1,A,1
agglomerative,63833,63833_V187YO4H_8,1,3,3,1,1,C,1
agglomerative,63833,63833_V187YO4H_9,0,2,2,1,1,B,1
agglomerative,20002,20002_GO5OYJJA_1,0,3,3,1,1,C,0
agglomerative,20002,20002_GO5OYJJA_2,0,3,3,1,1,C,0
agglomerative,20002,20002_GO5OYJJA_3,1,3,3,1,1,C,0
agglomerative,20002,20002_GO5OYJJA_4,1,1,1,1,1,A,0
agglomerative,20002,20002_GO5OYJJA_5,1,2,2,1,1,B,0
agglomerative,20002,20002_GO5OYJJA_6,0,1,1,1,1,A,0
agglomerative,20002,20002_GO5OYJJA_7,1,4,4,1,1,D,0
agglomerative,20002,20002_GO5OYJJA_8,0,1,3,0,1,C,0
agglomerative,20002,20002_GO5OYJJA_9,1,2,2,1,1,B,0
agglomerative,20002,20002_GO5OYJJA_10,1,4,4,1,1,D,0
agglomerative,60412,60412_K8F7TZVE_1,1,2,3,0,1,C,1
agglomerative,60412,60412_K8F7TZVE_2,1,2,1,0,1,A,1
agglomerative,60412,60412_K8F7TZVE_3,1,1,4,0,1,D,1
agglomerative,60412,60412_K8F7TZVE_4,1,4,4,1,1,D,1
agglomerative,60412,60412_K8F7TZVE_5,0,4,2,0,1,B,1
agglomerative,60412,60412_K8F7TZVE_6,1,4,1,0,1,A,1
agglomerative,60412,60412_K8F7TZVE_7,1,2,2,1,1,B,1
agglomerative,60412,60412_K8F7TZVE_8,1,3,3,1,1,C,1
agglomerative,60412,60412_K8F7TZVE_9,1,1,2,0,1,B,1
agglomerative,63855,63855_OUVVRF81_1,0,1,2,0,1,B,1
agglomerative,63855,63855_OUVVRF81_2,1,1,1,1,1,A,1
agglomerative,63855,63855_OUVVRF81_3,1,1,4,0,1,D,1
agglomerative,63855,63855_OUVVRF81_4,1,3,1,0,1,A,1
agglomerative,63855,63855_OUVVRF81_5,1,1,1,1,1,A,1
agglomerative,63855,63855_OUVVRF81_6,0,3,3,1,1,C,1
agglomerative,63855,63855_OUVVRF81_7,1,3,4,0,1,D,1
agglomerative,63855,63855_OUVVRF81_8,0,2,2,1,1,B,1
agglomerative,63855,63855_OUVVRF81_9,1,1,1,1,1,A,1
agglomerative,63855,63855_OUVVRF81_10,1,2,2,1,1,B,1
agglomerative,62382,62382_O6HCHTPL_1,1,4,1,0,1,A,1
agglomerative,62382,62382_O6HCHTPL_2,0,3,3,1,1,C,1
agglomerative,62382,62382_O6HCHTPL_3,1,1,1,1,1,A,1
agglomerative,62382,62382_O6HCHTPL_4,1,3,4,0,1,D,1
agglomerative,62382,62382_O6HCHTPL_5,0,1,1,1,1,A,1
agglomerative,62382,62382_O6HCHTPL_6,1,1,1,1,1,A,1
agglomerative,62382,62382_O6HCHTPL_7,0,4,4,1,1,D,1
agglomerative,62382,62382_O6HCHTPL_8,1,4,4,1,1,D,1
agglomerative,62382,62382_O6HCHTPL_9,0,4,4,1,1,D,1
agglomerative,63862,63862_ZK5EYM9W_1,0,1,1,1,1,A,1
agglomerative,63862,63862_ZK5EYM9W_2,1,1,1,1,1,A,1
agglomerative,63862,63862_ZK5EYM9W_3,0,2,2,1,1,B,1
agglomerative,63862,63862_ZK5EYM9W_4,1,3,1,0,1,A,1
agglomerative,63862,63862_ZK5EYM9W_5,1,4,4,1,1,D,1
agglomerative,63862,63862_ZK5EYM9W_6,0,4,4,1,1,D,1
agglomerative,63862,63862_ZK5EYM9W_7,1,1,4,0,1,D,1
agglomerative,63862,63862_ZK5EYM9W_8,1,3,3,1,1,C,1
agglomerative,63862,63862_ZK5EYM9W_9,1,1,1,1,1,A,1
agglomerative,40965,40965_ZUFZ7UG6_1,1,4,4,1,1,D,1
agglomerative,40965,40965_ZUFZ7UG6_2,1,1,2,0,1,B,1
agglomerative,40965,40965_ZUFZ7UG6_3,1,2,1,0,1,A,1
agglomerative,40965,40965_ZUFZ7UG6_4,1,3,1,0,1,A,1
agglomerative,40965,40965_ZUFZ7UG6_5,1,2,2,1,1,B,1
agglomerative,40965,40965_ZUFZ7UG6_6,0,2,4,0,1,D,1
agglomerative,40965,40965_ZUFZ7UG6_7,1,3,3,1,1,C,1
agglomerative,40965,40965_ZUFZ7UG6_8,0,3,3,1,1,C,1
agglomerative,32665,32665_VRYQXG3Y_1,0,2,4,0,1,D,0
agglomerative,32665,32665_VRYQXG3Y_2,1,2,4,0,1,D,0
agglomerative,32665,32665_VRYQXG3Y_3,1,3,3,1,1,C,0
agglomerative,32665,32665_VRYQXG3Y_4,1,3,1,0,1,A,0
agglomerative,32665,32665_VRYQXG3Y_5,1,4,4,1,1,D,0
agglomerative,32665,32665_VRYQXG3Y_6,1,2,4,0,1,D,0
agglomerative,32665,32665_VRYQXG3Y_7,1,1,2,0,1,B,0
agglomerative,32665,32665_VRYQXG3Y_8,1,2,1,0,1,A,0
agglomerative,32665,32665_VRYQXG3Y_9,1,1,1,1,1,A,0
agglomerative,32665,32665_VRYQXG3Y_10,1,3,3,1,1,C,0
agglomerative,55815,55815_4DJBZQ7I_1,1,3,3,1,1,C,1
agglomerative,55815,55815_4DJBZQ7I_2,0,3,3,1,1,C,1
agglomerative,55815,55815_4DJBZQ7I_3,1,3,2,0,1,B,1
agglomerative,55815,55815_4DJBZQ7I_4,1,2,3,0,1,C,1
agglomerative,55815,55815_4DJBZQ7I_5,1,4,1,0,1,A,1
agglomerative,55815,55815_4DJBZQ7I_6,1,1,2,0,1,B,1
agglomerative,55815,55815_4DJBZQ7I_7,0,2,2,1,1,B,1
agglomerative,55815,55815_4DJBZQ7I_8,0,2,1,0,1,A,1
agglomerative,55815,55815_4DJBZQ7I_9,1,1,4,0,1,D,1
agglomerative,63812,63812_G3YOJRZD_1,0,4,4,1,1,D,1
agglomerative,63812,63812_G3YOJRZD_2,1,1,4,0,1,D,1
agglomerative,63812,63812_G3YOJRZD_3,1,3,3,1,1,C,1
agglomerative,63812,63812_G3YOJRZD_4,1,3,3,1,1,C,1
agglomerative,63812,63812_G3YOJRZD_5,1,4,4,1,1,D,1
agglomerative,63812,63812_G3YOJRZD_6,1,2,2,1,1,B,1
agglomerative,63812,63812_G3YOJRZD_7,1,4,1,0,1,A,1
agglomerative,63812,63812_G3YOJRZD_8,0,3,3,1,1,C,1
agglomerative,63812,63812_G3YOJRZD_9,1,1,1,1,1,A,1
agglomerative,63392,63392_7YS4HHFI_1,0,2,2,1,1,B,1
agglomerative,63392,63392_7YS4HHFI_2,0,3,1,0,1,A,1
agglomerative,63392,63392_7YS4HHFI_3,0,3,3,1,1,C,1
agglomerative,63392,63392_7YS4HHFI_4,0,1,1,1,1,A,1
agglomerative,63392,63392_7YS4HHFI_5,0,1,4,0,1,D,1
agglomerative,63392,63392_7YS4HHFI_6,1,3,3,1,1,C,1
agglomerative,63392,63392_7YS4HHFI_7,1,3,3,1,1,C,1
agglomerative,63392,63392_7YS4HHFI_8,0,3,1,0,1,A,1
agglomerative,63130,63130_HY86PCEO_1,1,4,4,1,1,D,1
agglomerative,63130,63130_HY86PCEO_2,1,4,3,0,1,C,1
agglomerative,63130,63130_HY86PCEO_3,1,4,4,1,1,D,1
agglomerative,63130,63130_HY86PCEO_4,0,2,2,1,1,B,1
agglomerative,63130,63130_HY86PCEO_5,1,1,1,1,1,A,1
agglomerative,63130,63130_HY86PCEO_6,1,3,3,1,1,C,1
agglomerative,63130,63130_HY86PCEO_7,0,4,4,1,1,D,1
agglomerative,63130,63130_HY86PCEO_8,0,4,4,1,1,D,1
agglomerative,63130,63130_HY86PCEO_9,0,4,4,1,1,D,1
agglomerative,63916,63916_MPWP9IG6_1,0,1,1,1,1,A,1
agglomerative,63916,63916_MPWP9IG6_2,1,3,3,1,1,C,1
agglomerative,63916,63916_MPWP9IG6_3,0,4,4,1,1,D,1
agglomerative,63916,63916_MPWP9IG6_4,1,4,1,0,1,A,1
agglomerative,63916,63916_MPWP9IG6_5,0,3,2,0,1,B,1
agglomerative,63916,63916_MPWP9IG6_6,0,1,1,1,1,A,1
agglomerative,63916,63916_MPWP9IG6_7,0,3,3,1,1,C,1
agglomerative,63916,63916_MPWP9IG6_8,1,3,3,1,1,C,1
agglomerative,63916,63916_MPWP9IG6_9,1,2,2,1,1,B,1
agglomerative,63833,63833_NVJ3AK4J_1,0,2,2,1,1,B,1
agglomerative,63833,63833_NVJ3AK4J_2,0,1,1,1,1,A,1
agglomerative,63833,63833_NVJ3AK4J_3,1,4,2,0,1,B,1
agglomerative,63833,63833_NVJ3AK4J_4,1,3,3,1,1,C,1
agglomerative,63833,63833_NVJ3AK4J_5,1,2,2,1,1,B,1
agglomerative,63833,63833_NVJ3AK4J_6,1,1,2,0,1,B,1
agglomerative,63833,63833_NVJ3AK4J_7,1,2,2,1,1,B,1
agglomerative,63833,63833_NVJ3AK4J_8,1,2,4,0,1,D,1
agglomerative,63833,63833_NVJ3AK4J_9,1,4,4,1,1,D,1
agglomerative,20002,20002_V4XXHZGB_1,0,1,1,1,1,A,0
agglomerative,20002,20002_V4XXHZGB_2,0,2,2,1,1,B,0
agglomerative,20002,20002_V4XXHZGB_3,1,2,2,1,1,B,0
agglomerative,20002,20002_V4XXHZGB_4,0,1,1,1,1,A,0
agglomerative,20002,20002_V4XXHZGB_5,1,3,3,1,1,C,0
agglomerative,20002,20002_V4XXHZGB_6,1,3,3,1,1,C,0
agglomerative,20002,20002_V4XXHZGB_7,0,2,4,0,1,D,0
agglomerative,20002,20002_V4XXHZGB_8,1,4,4,1,1,D,0
agglomerative,20006,20006_RQF3XP3W_1,1,3,3,1,1,C,0
agglomerative,20006,20006_RQF3XP3W_2,1,2,4,0,1,D,0
agglomerative,20006,20006_RQF3XP3W_3,1,3,3,1,1,C,0
agglomerative,20006,20006_RQF3XP3W_4,1,1,1,1,1,A,0
agglomerative,20006,20006_RQF3XP3W_5,1,1,1,1,1,A,0
agglomerative,20006,20006_RQF3XP3W_6,0,2,2,1,1,B,0
agglomerative,20006,20006_RQF3XP3W_7,1,2,3,0,1,C,0
agglomerative,20006,20006_RQF3XP3W_8,0,2,3,0,1,C,0
agglomerative,63936,63936_1LRE5TR5_1,0,2,2,1,1,B,1
agglomerative,63936,63936_1LRE5TR5_2,0,3,3,1,1,C,1
agglomerative,63936,63936_1LRE5TR5_3,1,2,2,1,1,B,1
agglomerative,63936,63936_1LRE5TR5_4,1,3,1,0,1,A,1
agglomerative,63936,63936_1LRE5TR5_5,1,3,1,0,1,A,1
agglomerative,63936,63936_1LRE5TR5_6,1,3,3,1,1,C,1
agglomerative,63936,63936_1LRE5TR5_7,1,2,2,1,1,B,1
agglomerative,63936,63936_1LRE5TR5_8,0,3,3,1,1,C,1
agglomerative,20008,20008_JTYOKW25_1,0,2,2,1,1,B,0
agglomerative,20008,20008_JTYOKW25_2,1,2,2,1,1,B,0
agglomerative,20008,20008_JTYOKW25_3,1,3,3,1,1,C,0
agglomerative,20008,20008_JTYOKW25_4,0,3,3,1,1,C,0
agglomerative,20008,20008_JTYOKW25_5,1,4,4,1,1,D,0
agglomerative,20008,20008_JTYOKW25_6,0,2,2,1,1,B,0
agglomerative,20008,20008_JTYOKW25_7,1,1,1,1,1,A,0
agglomerative,20008,20008_JTYOKW25_8,1,4,4,1,1,D,0
agglomerative,20008,20008_JTYOKW25_9,0,4,4,1,1,D,0
agglomerative,20008,20008_JTYOKW25_10,1,1,1,1,1,A,0
agglomerative,63150,63150_Z3E7PK9T_1,0,1,1,1,1,A,1
agglomerative,63150,63150_Z3E7PK9T_2,0,3,3,1,1,C,1
agglomerative,63150,63150_Z3E7PK9T_3,1,3,3,1,1,C,1
agglomerative,63150,63150_Z3E7PK9T_4,1,1,1,1,1,A,1
agglomerative,63150,63150_Z3E7PK9T_5,0,1,1,1,1,A,1
agglomerative,63150,63150_Z3E7PK9T_6,1,2,2,1,1,B,1
agglomerative,63150,63150_Z3E7PK9T_7,1,4,4,1,1,D,1
agglomerative,63150,63150_Z3E7PK9T_8,1,1,3,0,1,C,1
agglomerative,63150,63150_Z3E7PK9T_9,0,2,2,1,1,B,1
agglomerative,63150,63150_Z3E7PK9T_10,1,3,3,1,1,C,1
agglomerative,63645,63645_32M9QZ2I_1,1,1,1,1,1,A,1
agglomerative,63645,63645_32M9QZ2I_2,0,4,4,1,1,D,1
agglomerative,63645,63645_32M9QZ2I_3,0,3,3,1,1,C,1
agglomerative,63645,63645_32M9QZ2I_4,0,4,4,1,1,D,1
agglomerative,63645,63645_32M9QZ2I_5,0,3,3,1,1,C,1
agglomerative,63645,63645_32M9QZ2I_6,1,3,4,0,1,D,1
agglomerative,63645,63645_32M9QZ2I_7,1,2,2,1,1,B,1
agglomerative,63645,63645_32M9QZ2I_8,0,1,1,1,1,A,1
agglomerative,63645,63645_32M9QZ2I_9,1,2,2,1,1,B,1
agglomerative,61146,61146_76LHD3BB_1,0,3,3,1,1,C,1
agglomerative,61146,61146_76LHD3BB_2,1,4,4,1,1,D,1
agglomerative,61146,61146_76LHD3BB_3,1,1,2,0,1,B,1
agglomerative,61146,61146_76LHD3BB_4,0,3,3,1,1,C,1
agglomerative,61146,61146_76LHD3BB_5,0,3,1,0,1,A,1
agglomerative,61146,61146_76LHD3BB_6,0,4,4,1,1,D,1
agglomerative,61146,61146_76LHD3BB_7,1,3,3,1,1,C,1
agglomerative,61146,61146_76LHD3BB_8,1,3,3,1,1,C,1
agglomerative,61146,61146_76LHD3BB_9,0,2,2,1,1,B,1
agglomerative,61146,61146_76LHD3BB_10,1,4,1,0,1,A,1
agglomerative,63633,63633_N3YQYXBC_1,0,3,2,0,1,B,1
agglomerative,63633,63633_N3YQYXBC_2,1,1,2,0,1,B,1
agglomerative,63633,63633_N3YQYXBC_3,1,3,3,1,1,C,1
agglomerative,63633,63633_N3YQYXBC_4,1,1,3,0,1,C,1
agglomerative,63633,63633_N3YQYXBC_5,0,2,2,1,1,B,1
agglomerative,63633,63633_N3YQYXBC_6,1,1,2,0,1,B,1
agglomerative,63633,63633_N3YQYXBC_7,0,1,1,1,1,A,1
agglomerative,63633,63633_N3YQYXBC_8,0,3,2,0,1,B,1
agglomerative,63633,63633_N3YQYXBC_9,1,3,1,0,1,A,1
agglomerative,63633,63633_N3YQYXBC_10,0,2,2,1,1,B,1
agglomerative,63473,63473_1VIHQ8TY_1,0,3,3,1,1,C,1
agglomerative,63473,63473_1VIHQ8TY_2,1,2,1,0,1,A,1
agglomerative,63473,63473_1VIHQ8TY_3,1,2,4,0,1,D,1
agglomerative,63473,63473_1VIHQ8TY_4,0,3,4,0,1,D,1
agglomerative,63473,63473_1VIHQ8TY_5,1,2,2,1,1,B,1
agglomerative,63473,63473_1VIHQ8TY_6,0,4,4,1,1,D,1
agglomerative,63473,63473_1VIHQ8TY_7,0,2,2,1,1,B,1
agglomerative,63473,63473_1VIHQ8TY_8,1,3,3,1,1,C,1
agglomerative,61434,61434_J9JTAFPH_1,0,4,4,1,1,D,1
agglomerative,61434,61434_J9JTAFPH_2,1,1,3,0,1,C,1
agglomerative,61434,61434_J9JTAFPH_3,1,2,2,1,1,B,1
agglomerative,61434,61434_J9JTAFPH_4,1,4,3,0,1,C,1
agglomerative,61434,61434_J9JTAFPH_5,1,2,2,1,1,B,1
agglomerative,61434,61434_J9JTAFPH_6,0,1,1,1,1,A,1
agglomerative,61434,61434_J9JTAFPH_7,0,3,3,1,1,C,1
agglomerative,61434,61434_J9JTAFPH_8,0,2,2,1,1,B,1
agglomerative,61434,61434_J9JTAFPH_9,1,1,3,0,1,C,1
agglomerative,61434,61434_J9JTAFPH_10,1,4,4,1,1,D,1
agglomerative,20007,20007_5OCOFL2D_1,0,4,4,1,1,D,0
agglomerative,20007,20007_5OCOFL2D_2,1,3,3,1,1,C,0
agglomerative,20007,20007_5OCOFL2D_3,0,1,1,1,1,A,0
agglomerative,20007,20007_5OCOFL2D_4,0,4,4,1,1,D,0
agglomerative,20007,20007_5OCOFL2D_5,0,4,4,1,1,D,0
agglomerative,20007,20007_5OCOFL2D_6,0,4,4,1,1,D,0
agglomerative,20007,20007_5OCOFL2D_7,0,3,3,1,1,C,0
agglomerative,20007,20007_5OCOFL2D_8,0,1,2,0,1,B,0
agglomerative,20007,20007_5OCOFL2D_9,1,4,4,1,1,D,0
agglomerative,51650,51650_B3KKWWD1_1,0,3,3,1,1,C,1
agglomerative,51650,51650_B3KKWWD1_2,0,2,4,0,1,D,1
agglomerative,51650,51650_B3KKWWD1_3,1,2,3,0,1,C,1
agglomerative,51650,51650_B3KKWWD1_4,0,4,4,1,1,D,1
agglomerative,51650,51650_B3KKWWD1_5,1,3,1,0,1,A,1
agglomerative,51650,51650_B3KKWWD1_6,1,4,1,0,1,A,1
agglomerative,51650,51650_B3KKWWD1_7,0,2,2,1,1,B,1
agglomerative,51650,51650_B3KKWWD1_8,1,1,1,1,1,A,1
agglomerative,51650,51650_B3KKWWD1_9,1,1,1,1,1,A,1
agglomerative,51650,51650_B3KKWWD1_10,1,3,3,1,1,C,1
agglomerative,51483,51483_9DX3EDKN_1,0,3,3,1,1,C,1
agglomerative,51483,51483_9DX3EDKN_2,0,3,3,1,1,C,1
agglomerative,51483,51483_9DX3EDKN_3,0,1,1,1,1,A,1
agglomerative,51483,51483_9DX3EDKN_4,1,3,4,0,1,D,1
agglomerative,51483,51483_9DX3EDKN_5,1,3,1,0,1,A,1
agglomerative,51483,51483_9DX3EDKN_6,1,3,2,0,1,B,1
agglomerative,51483,51483_9DX3EDKN_7,1,1,4,0,1,D,1
agglomerative,51483,51483_9DX3EDKN_8,1,3,2,0,1,B,1
agglomerative,51483,51483_9DX3EDKN_9,1,3,3,1,1,C,1
agglomerative,51483,51483_9DX3EDKN_10,1,2,2,1,1,B,1
agglomerative,51461,51461_OV4JLLBG_1,0,3,2,0,1,B,1
agglomerative,51461,51461_OV4JLLBG_2,1,1,1,1,1,A,1
agglomerative,51461,51461_OV4JLLBG_3,1,1,1,1,1,A,1
agglomerative,51461,51461_OV4JLLBG_4,0,1,1,1,1,A,1
agglomerative,51461,51461_OV4JLLBG_5,1,2,1,0,1,A,1
agglomerative,51461,51461_OV4JLLBG_6,1,2,2,1,1,B,1
agglomerative,51461,51461_OV4JLLBG_7,0,4,4,1,1,D,1
agglomerative,51461,51461_OV4JLLBG_8,1,3,3,1,1,C,1
agglomerative,50818,50818_U50BKW97_1,0,4,1,0,1,A,1
agglomerative,50818,50818_U50BKW97_2,1,4,2,0,1,B,1
agglomerative,50818,50818_U50BKW97_3,1,2,1,0,1,A,1
agglomerative,50818,50818_U50BKW97_4,1,1,1,1,1,A,1
agglomerative,50818,50818_U50BKW97_5,1,4,4,1,1,D,1
agglomerative,50818,50818_U50BKW97_6,0,2,2,1,1,B,1
agglomerative,50818,50818_U50BKW97_7,1,3,2,0,1,B,1
agglomerative,50818,50818_U50BKW97_8,1,1,3,0,1,C,1
agglomerative,51687,51687_XND06EI3_1,1,3,3,1,1,C,1
agglomerative,51687,51687_XND06EI3_2,1,4,4,1,1,D,1
agglomerative,51687,51687_XND06EI3_3,1,4,4,1,1,D,1
agglomerative,51687,51687_XND06EI3_4,1,3,3,1,1,C,1
agglomerative,51687,51687_XND06EI3_5,0,2,2,1,1,B,1
agglomerative,51687,51687_XND06EI3_6,0,3,3,1,1,C,1
agglomerative,51687,51687_XND06EI3_7,1,4,1,0,1,A,1
agglomerative,51687,51687_XND06EI3_8,1,3,2,0,1,B,1
agglomerative,51687,51687_XND06EI3_9,1,2,2,1,1,B,1
agglomerative,51687,51687_XND06EI3_10,1,1,1,1,1,A,1
agglomerative,51027,51027_8PULD7D5_1,0,2,3,0,1,C,1
agglomerative,51027,51027_8PULD7D5_2,1,1,4,0,1,D,1
agglomerative,51027,51027_8PULD7D5_3,0,4,2,0,1,B,1
agglomerative,51027,51027_8PULD7D5_4,1,4,1,0,1,A,1
agglomerative,51027,51027_8PULD7D5_5,0,2,3,0,1,C,1
agglomerative,51027,51027_8PULD7D5_6,0,1,1,1,1,A,1
agglomerative,51027,51027_8PULD7D5_7,1,1,1,1,1,A,1
agglomerative,51027,51027_8PULD7D5_8,0,4,1,0,1,A,1
agglomerative,51027,51027_8PULD7D5_9,0,3,4,0,1,D,1
agglomerative,51027,51027_8PULD7D5_10,1,2,4,0,1,D,1
agglomerative,51267,51267_N197XHK2_1,1,4,1,0,1,A,1
agglomerative,51267,51267_N197XHK2_2,1,3,3,1,1,C,1
agglomerative,51267,51267_N197XHK2_3,1,3,3,1,1,C,1
agglomerative,51267,51267_N197XHK2_4,1,4,3,0,1,C,1
agglomerative,51267,51267_N197XHK2_5,1,4,3,0,1,C,1
agglomerative,51267,51267_N197XHK2_6,1,1,3,0,1,C,1
agglomerative,51267,51267_N197XHK2_7,1,1,1,1,1,A,1
agglomerative,51267,51267_N197XHK2_8,0,4,4,1,1,D,1
agglomerative,51267,51267_N197XHK2_9,1,1,3,0,1,C,1
agglomerative,51351,51351_HAZYFZSV_1,1,3,4,0,1,D,1
agglomerative,51351,51351_HAZYFZSV_2,0,3,3,1,1,C,1
agglomerative,51351,51351_HAZYFZSV_3,1,2,1,0,1,A,1
agglomerative,51351,51351_HAZYFZSV_4,1,1,1,1,1,A,1
agglomerative,51351,51351_HAZYFZSV_5,0,3,3,1,1,C,1
agglomerative,51351,51351_HAZYFZSV_6,0,1,2,0,1,B,1
agglomerative,51351,51351_HAZYFZSV_7,1,1,3,0,1,C,1
agglomerative,51351,51351_HAZYFZSV_8,1,4,2,0,1,B,1
agglomerative,51351,51351_HAZYFZSV_9,1,4,4,1,1,D,1
agglomerative,51605,51605_E8R4X4OP_1,0,3,4,0,1,D,1
agglomerative,51605,51605_E8R4X4OP_2,0,1,4,0,1,D,1
agglomerative,51605,51605_E8R4X4OP_3,1,2,3,0,1,C,1
agglomerative,51605,51605_E8R4X4OP_4,0,4,4,1,1,D,1
agglomerative,51605,51605_E8R4X4OP_5,1,3,1,0,1,A,1
agglomerative,51605,51605_E8R4X4OP_6,1,1,2,0,1,B,1
agglomerative,51605,51605_E8R4X4OP_7,1,3,3,1,1,C,1
agglomerative,51605,51605_E8R4X4OP_8,0,4,4,1,1,D,1
agglomerative,51605,51605_E8R4X4OP_9,0,3,3,1,1,C,1
agglomerative,49897,49897_QQKS0TK3_1,1,2,2,1,1,B,1
agglomerative,49897,49897_QQKS0TK3_2,1,3,2,0,1,B,1
agglomerative,49897,49897_QQKS0TK3_3,1,3,2,0,1,B,1
agglomerative,49897,49897_QQKS0TK3_4,0,2,2,1,1,B,1
agglomerative,49897,49897_QQKS0TK3_5,0,2,4,0,1,D,1
agglomerative,49897,49897_QQKS0TK3_6,0,3,2,0,1,B,1
agglomerative,49897,49897_QQKS0TK3_7,1,4,1,0,1,A,1
agglomerative,49897,49897_QQKS0TK3_8,1,1,3,0,1,C,1
agglomerative,49897,49897_QQKS0TK3_9,1,2,4,0,1,D,1
agglomerative,49897,49897_QQKS0TK3_10,1,1,1,1,1,A,1
agglomerative,51126,51126_FCNHD3SS_1,0,4,2,0,1,B,1
agglomerative,51126,51126_FCNHD3SS_2,1,3,4,0,1,D,1
agglomerative,51126,51126_FCNHD3SS_3,1,2,1,0,1,A,1
agglomerative,51126,51126_FCNHD3SS_4,1,3,3,1,1,C,1
agglomerative,51126,51126_FCNHD3SS_5,1,1,1,1,1,A,1
agglomerative,51126,51126_FCNHD3SS_6,0,3,3,1,1,C,1
agglomerative,51126,51126_FCNHD3SS_7,0,3,2,0,1,B,1
agglomerative,51126,51126_FCNHD3SS_8,1,2,4,0,1,D,1
agglomerative,51126,51126_FCNHD3SS_9,1,4,4,1,1,D,1
agglomerative,51350,51350_MZ3KCERV_1,1,4,3,0,1,C,1
agglomerative,51350,51350_MZ3KCERV_2,0,3,3,1,1,C,1
agglomerative,51350,51350_MZ3KCERV_3,0,3,3,1,1,C,1
agglomerative,51350,51350_MZ3KCERV_4,0,2,3,0,1,C,1
agglomerative,51350,51350_MZ3KCERV_5,0,2,2,1,1,B,1
agglomerative,51350,51350_MZ3KCERV_6,1,2,2,1,1,B,1
agglomerative,51350,51350_MZ3KCERV_7,1,3,1,0,1,A,1
agglomerative,51350,51350_MZ3KCERV_8,1,4,3,0,1,C,1
agglomerative,50948,50948_AGIAFP2X_1,1,3,4,0,1,D,1
agglomerative,50948,50948_AGIAFP2X_2,0,4,4,1,1,D,1
agglomerative,50948,50948_AGIAFP2X_3,0,2,1,0,1,A,1
agglomerative,50948,50948_AGIAFP2X_4,1,1,1,1,1,A,1
agglomerative,50948,50948_AGIAFP2X_5,1,1,1,1,1,A,1
agglomerative,50948,50948_AGIAFP2X_6,1,2,4,0,1,D,1
agglomerative,50948,50948_AGIAFP2X_7,0,2,2,1,1,B,1
agglomerative,50948,50948_AGIAFP2X_8,1,1,1,1,1,A,1
agglomerative,50948,50948_AGIAFP2X_9,0,1,4,0,1,D,1
agglomerative,51320,51320_4G14XR5O_1,1,1,1,1,1,A,1
agglomerative,51320,51320_4G14XR5O_2,0,3,3,1,1,C,1
agglomerative,51320,51320_4G14XR5O_3,0,1,1,1,1,A,1
agglomerative,51320,51320_4G14XR5O_4,1,1,1,1,1,A,1
agglomerative,51320,51320_4G14XR5O_5,1,4,2,0,1,B,1
agglomerative,51320,51320_4G14XR5O_6,1,2,2,1,1,B,1
agglomerative,51320,51320_4G14XR5O_7,0,2,2,1,1,B,1
agglomerative,51320,51320_4G14XR5O_8,1,2,2,1,1,B,1
agglomerative,51320,51320_4G14XR5O_9,1,4,4,1,1,D,1
agglomerative,51395,51395_2PILALCT_1,1,1,1,1,1,A,1
agglomerative,51395,51395_2PILALCT_2,1,1,3,0,1,C,1
agglomerative,51395,51395_2PILALCT_3,1,4,4,1,1,D,1
agglomerative,51395,51395_2PILALCT_4,0,3,3,1,1,C,1
agglomerative,51395,51395_2PILALCT_5,1,4,2,0,1,B,1
agglomerative,51436,51436_VJM64720_1,1,4,3,0,1,C,1
agglomerative,51436,51436_VJM64720_2,0,2,2,1,1,B,1
agglomerative,51436,51436_VJM64720_3,0,1,3,0,1,C,1
agglomerative,51436,51436_VJM64720_4,0,4,4,1,1,D,1
agglomerative,51436,51436_VJM64720_5,1,4,4,1,1,D,1
agglomerative,51436,51436_VJM64720_6,0,4,4,1,1,D,1
agglomerative,51436,51436_VJM64720_7,0,4,4,1,1,D,1
agglomerative,51436,51436_VJM64720_8,0,2,2,1,1,B,1
agglomerative,51436,51436_VJM64720_9,0,3,3,1,1,C,1
agglomerative,51362,51362_ZBD9O785_1,0,2,1,0,1,A,1
agglomerative,51362,51362_ZBD9O785_2,0,3,2,0,1,B,1
agglomerative,51362,51362_ZBD9O785_3,0,2,2,1,1,B,1
agglomerative,51362,51362_ZBD9O785_4,1,1,1,1,1,A,1
agglomerative,51362,51362_ZBD9O785_5,1,1,4,0,1,D,1
agglomerative,51362,51362_ZBD9O785_6,1,1,1,1,1,A,1
agglomerative,51362,51362_ZBD9O785_7,0,3,3,1,1,C,1
agglomerative,51362,51362_ZBD9O785_8,1,1,3,0,1,C,1
agglomerative,51150,51150_AP0HI29X_1,0,4,2,0,1,B,1
agglomerative,51150,51150_AP0HI29X_2,0,1,1,1,1,A,1
agglomerative,51150,51150_AP0HI29X_3,0,4,2,0,1,B,1
agglomerative,51150,51150_AP0HI29X_4,1,1,2,0,1,B,1
agglomerative,51150,51150_AP0HI29X_5,0,3,4,0,1,D,1
agglomerative,51150,51150_AP0HI29X_6,1,3,1,0,1,A,1
agglomerative,51150,51150_AP0HI29X_7,1,4,3,0,1,C,1
agglomerative,51150,51150_AP0HI29X_8,1,1,3,0,1,C,1
agglomerative,51150,51150_AP0HI29X_9,1,1,4,0,1,D,1
agglomerative,51150,51150_AP0HI29X_10,1,2,2,1,1,B,1
agglomerative,51274,51274_8Q2YNHG5_1,1,3,3,1,1,C,1
agglomerative,51274,51274_8Q2YNHG5_2,1,1,1,1,1,A,1
agglomerative,51274,51274_8Q2YNHG5_3,1,2,2,1,1,B,1
agglomerative,51274,51274_8Q2YNHG5_4,0,2,3,0,1,C,1
agglomerative,51274,51274_8Q2YNHG5_5,1,2,2,1,1,B,1
agglomerative,51274,51274_8Q2YNHG5_6,0,1,1,1,1,A,1
agglomerative,51274,51274_8Q2YNHG5_7,0,1,1,1,1,A,1
agglomerative,51274,51274_8Q2YNHG5_8,1,3,3,1,1,C,1
agglomerative,51274,51274_8Q2YNHG5_9,1,3,3,1,1,C,1
agglomerative,51274,51274_8Q2YNHG5_10,0,1,1,1,1,A,1
agglomerative,51413,51413_0Q4GSNGI_1,1,1,4,0,1,D,1
agglomerative,51413,51413_0Q4GSNGI_2,1,4,2,0,1,B,1
agglomerative,51413,51413_0Q4GSNGI_3,0,1,1,1,1,A,1
agglomerative,51413,51413_0Q4GSNGI_4,0,2,2,1,1,B,1
agglomerative,51413,51413_0Q4GSNGI_5,1,2,2,1,1,B,1
agglomerative,51413,51413_0Q4GSNGI_6,0,3,,0,0,"None of the options A, B,",1
agglomerative,51413,51413_0Q4GSNGI_7,0,1,4,0,1,D,1
agglomerative,51413,51413_0Q4GSNGI_8,1,1,1,1,1,A,1
agglomerative,51413,51413_0Q4GSNGI_9,1,4,4,1,1,D,1
agglomerative,51413,51413_0Q4GSNGI_10,1,2,2,1,1,B,1
agglomerative,20041,20041_E0WD00T4_1,0,3,3,1,1,C,0
agglomerative,20041,20041_E0WD00T4_2,1,3,2,0,1,B,0
agglomerative,20041,20041_E0WD00T4_3,0,4,4,1,1,D,0
agglomerative,20041,20041_E0WD00T4_4,1,2,4,0,1,D,0
agglomerative,20041,20041_E0WD00T4_5,0,2,2,1,1,B,0
agglomerative,20041,20041_E0WD00T4_6,1,4,2,0,1,B,0
agglomerative,20041,20041_E0WD00T4_7,0,2,2,1,1,B,0
agglomerative,20048,20048_2UKOUEKS_1,0,3,4,0,1,D,0
agglomerative,20048,20048_2UKOUEKS_2,0,2,2,1,1,B,0
agglomerative,20048,20048_2UKOUEKS_3,1,2,2,1,1,B,0
agglomerative,20048,20048_2UKOUEKS_4,0,3,3,1,1,C,0
agglomerative,20048,20048_2UKOUEKS_5,1,4,4,1,1,D,0
agglomerative,20048,20048_2UKOUEKS_6,0,2,2,1,1,B,0
agglomerative,20048,20048_2UKOUEKS_7,0,4,4,1,1,D,0
agglomerative,20048,20048_2UKOUEKS_8,0,2,2,1,1,B,0
agglomerative,20048,20048_2UKOUEKS_9,0,2,2,1,1,B,0
agglomerative,20048,20048_2UKOUEKS_10,0,1,1,1,1,A,0
agglomerative,20020,20020_L7G74WXN_1,1,3,3,1,1,C,0
agglomerative,20020,20020_L7G74WXN_2,1,3,3,1,1,C,0
agglomerative,20020,20020_L7G74WXN_3,0,4,4,1,1,D,0
agglomerative,20020,20020_L7G74WXN_4,0,2,2,1,1,B,0
agglomerative,20020,20020_L7G74WXN_5,1,1,1,1,1,A,0
agglomerative,20020,20020_L7G74WXN_6,0,3,3,1,1,C,0
agglomerative,20020,20020_L7G74WXN_7,0,1,1,1,1,A,0
agglomerative,20020,20020_L7G74WXN_8,1,2,1,0,1,A,0
agglomerative,20020,20020_L7G74WXN_9,0,1,1,1,1,A,0
agglomerative,20020,20020_L7G74WXN_10,1,2,1,0,1,A,0
agglomerative,20051,20051_7QSETVSE_1,1,4,2,0,1,B,0
agglomerative,20051,20051_7QSETVSE_2,0,4,4,1,1,D,0
agglomerative,20051,20051_7QSETVSE_3,0,2,2,1,1,B,0
agglomerative,20051,20051_7QSETVSE_4,0,2,3,0,1,C,0
agglomerative,20051,20051_7QSETVSE_5,1,3,3,1,1,C,0
agglomerative,20051,20051_7QSETVSE_6,0,2,2,1,1,B,0
agglomerative,20051,20051_7QSETVSE_7,0,4,4,1,1,D,0
agglomerative,20051,20051_7QSETVSE_8,1,4,4,1,1,D,0
agglomerative,20056,20056_H2CYR8K0_1,1,4,4,1,1,D,0
agglomerative,20056,20056_H2CYR8K0_2,1,4,4,1,1,D,0
agglomerative,20056,20056_H2CYR8K0_3,0,2,2,1,1,B,0
agglomerative,20056,20056_H2CYR8K0_4,1,2,2,1,1,B,0
agglomerative,20056,20056_H2CYR8K0_5,1,3,4,0,1,D,0
agglomerative,20056,20056_H2CYR8K0_6,0,1,1,1,1,A,0
agglomerative,20056,20056_H2CYR8K0_7,1,4,1,0,1,A,0
agglomerative,20056,20056_H2CYR8K0_8,0,3,3,1,1,C,0
agglomerative,20056,20056_H2CYR8K0_9,1,1,1,1,1,A,0
agglomerative,20056,20056_H2CYR8K0_10,0,2,2,1,1,B,0
agglomerative,20044,20044_EBV68EUZ_1,0,4,2,0,1,B,0
agglomerative,20044,20044_EBV68EUZ_2,1,3,3,1,1,C,0
agglomerative,20044,20044_EBV68EUZ_3,0,3,3,1,1,C,0
agglomerative,20044,20044_EBV68EUZ_4,0,4,4,1,1,D,0
agglomerative,20044,20044_EBV68EUZ_5,0,1,1,1,1,A,0
agglomerative,20044,20044_EBV68EUZ_6,0,2,2,1,1,B,0
agglomerative,20044,20044_EBV68EUZ_7,0,2,2,1,1,B,0
agglomerative,20044,20044_EBV68EUZ_8,0,3,3,1,1,C,0
agglomerative,20044,20044_EBV68EUZ_9,0,4,4,1,1,D,0
agglomerative,20031,20031_HFEBGS1A_1,0,4,4,1,1,D,0
agglomerative,20031,20031_HFEBGS1A_2,1,3,3,1,1,C,0
agglomerative,20031,20031_HFEBGS1A_3,0,4,2,0,1,B,0
agglomerative,20031,20031_HFEBGS1A_4,1,1,1,1,1,A,0
agglomerative,20031,20031_HFEBGS1A_5,0,1,1,1,1,A,0
agglomerative,20031,20031_HFEBGS1A_6,0,4,4,1,1,D,0
agglomerative,20031,20031_HFEBGS1A_7,0,1,1,1,1,A,0
agglomerative,20031,20031_HFEBGS1A_8,0,4,4,1,1,D,0
agglomerative,20031,20031_HFEBGS1A_9,1,4,3,0,1,C,0
agglomerative,20031,20031_HFEBGS1A_10,0,2,4,0,1,D,0
agglomerative,20029,20029_8FG4YEDB_1,0,3,2,0,1,B,0
agglomerative,20029,20029_8FG4YEDB_2,1,3,1,0,1,A,0
agglomerative,20029,20029_8FG4YEDB_3,1,1,1,1,1,A,0
agglomerative,20029,20029_8FG4YEDB_4,1,2,2,1,1,B,0
agglomerative,20029,20029_8FG4YEDB_5,0,4,4,1,1,D,0
agglomerative,20029,20029_8FG4YEDB_6,1,3,3,1,1,C,0
agglomerative,20029,20029_8FG4YEDB_7,0,1,1,1,1,A,0
agglomerative,20029,20029_8FG4YEDB_8,1,2,2,1,1,B,0
agglomerative,20029,20029_8FG4YEDB_9,1,2,2,1,1,B,0
agglomerative,20029,20029_8FG4YEDB_10,0,2,2,1,1,B,0
agglomerative,20027,20027_2RUIA5TI_1,1,2,1,0,1,A,0
agglomerative,20027,20027_2RUIA5TI_2,1,2,2,1,1,B,0
agglomerative,20027,20027_2RUIA5TI_3,1,1,1,1,1,A,0
agglomerative,20027,20027_2RUIA5TI_4,1,2,2,1,1,B,0
agglomerative,20027,20027_2RUIA5TI_5,0,1,1,1,1,A,0
agglomerative,20027,20027_2RUIA5TI_6,0,1,1,1,1,A,0
agglomerative,20027,20027_2RUIA5TI_7,1,3,2,0,1,B,0
agglomerative,20055,20055_VR0SZT3O_1,0,3,3,1,1,C,0
agglomerative,20055,20055_VR0SZT3O_2,1,3,3,1,1,C,0
agglomerative,20055,20055_VR0SZT3O_3,0,4,4,1,1,D,0
agglomerative,20055,20055_VR0SZT3O_4,1,3,3,1,1,C,0
agglomerative,20055,20055_VR0SZT3O_5,1,2,2,1,1,B,0
agglomerative,20055,20055_VR0SZT3O_6,1,4,4,1,1,D,0
agglomerative,20055,20055_VR0SZT3O_7,1,4,1,0,1,A,0
agglomerative,20055,20055_VR0SZT3O_8,1,2,2,1,1,B,0
agglomerative,20055,20055_VR0SZT3O_9,0,3,3,1,1,C,0
agglomerative,20055,20055_VR0SZT3O_10,1,3,3,1,1,C,0
agglomerative,51650,51650_RM2TQ88X_1,0,1,1,1,1,A,1
agglomerative,51650,51650_RM2TQ88X_2,0,2,2,1,1,B,1
agglomerative,51650,51650_RM2TQ88X_3,0,3,3,1,1,C,1
agglomerative,51650,51650_RM2TQ88X_4,1,3,3,1,1,C,1
agglomerative,51650,51650_RM2TQ88X_5,1,1,1,1,1,A,1
agglomerative,51650,51650_RM2TQ88X_6,1,4,4,1,1,D,1
agglomerative,51650,51650_RM2TQ88X_7,1,4,4,1,1,D,1
agglomerative,51650,51650_RM2TQ88X_8,1,2,2,1,1,B,1
agglomerative,51483,51483_T4WIZ6A8_1,1,3,4,0,1,D,1
agglomerative,51483,51483_T4WIZ6A8_2,0,4,3,0,1,C,1
agglomerative,51483,51483_T4WIZ6A8_3,1,1,3,0,1,C,1
agglomerative,51483,51483_T4WIZ6A8_4,0,3,3,1,1,C,1
agglomerative,51483,51483_T4WIZ6A8_5,1,4,4,1,1,D,1
agglomerative,51483,51483_T4WIZ6A8_6,1,1,4,0,1,D,1
agglomerative,51483,51483_T4WIZ6A8_7,0,4,4,1,1,D,1
agglomerative,51483,51483_T4WIZ6A8_8,1,3,4,0,1,D,1
agglomerative,51483,51483_T4WIZ6A8_9,1,3,2,0,1,B,1
agglomerative,51483,51483_T4WIZ6A8_10,1,2,2,1,1,B,1
agglomerative,51461,51461_YZX4JZ16_1,1,4,4,1,1,D,1
agglomerative,51461,51461_YZX4JZ16_2,1,4,4,1,1,D,1
agglomerative,51461,51461_YZX4JZ16_3,0,2,2,1,1,B,1
agglomerative,51461,51461_YZX4JZ16_4,1,2,3,0,1,C,1
agglomerative,51461,51461_YZX4JZ16_5,1,2,1,0,1,A,1
agglomerative,51461,51461_YZX4JZ16_6,0,4,1,0,1,A,1
agglomerative,51461,51461_YZX4JZ16_7,0,1,1,1,1,A,1
agglomerative,51461,51461_YZX4JZ16_8,1,4,1,0,1,A,1
agglomerative,51461,51461_YZX4JZ16_9,1,1,1,1,1,A,1
agglomerative,50818,50818_XCIZ1MIT_1,0,3,4,0,1,D,1
agglomerative,50818,50818_XCIZ1MIT_2,0,1,1,1,1,A,1
agglomerative,50818,50818_XCIZ1MIT_3,1,2,2,1,1,B,1
agglomerative,50818,50818_XCIZ1MIT_4,1,3,2,0,1,B,1
agglomerative,50818,50818_XCIZ1MIT_5,1,4,1,0,1,A,1
agglomerative,50818,50818_XCIZ1MIT_6,1,1,1,1,1,A,1
agglomerative,50818,50818_XCIZ1MIT_7,1,3,3,1,1,C,1
agglomerative,50818,50818_XCIZ1MIT_8,0,2,2,1,1,B,1
agglomerative,50818,50818_XCIZ1MIT_9,1,3,3,1,1,C,1
agglomerative,50818,50818_XCIZ1MIT_10,0,1,2,0,1,B,1
agglomerative,51687,51687_3JYPCVFP_1,1,3,3,1,1,C,1
agglomerative,51687,51687_3JYPCVFP_2,0,4,4,1,1,D,1
agglomerative,51687,51687_3JYPCVFP_3,1,2,3,0,1,C,1
agglomerative,51687,51687_3JYPCVFP_4,1,2,2,1,1,B,1
agglomerative,51687,51687_3JYPCVFP_5,1,2,2,1,1,B,1
agglomerative,51687,51687_3JYPCVFP_6,1,1,4,0,1,D,1
agglomerative,51687,51687_3JYPCVFP_7,1,3,1,0,1,A,1
agglomerative,51687,51687_3JYPCVFP_8,1,3,3,1,1,C,1
agglomerative,51027,51027_FT44CSGW_1,1,3,3,1,1,C,1
agglomerative,51027,51027_FT44CSGW_2,0,3,4,0,1,D,1
agglomerative,51027,51027_FT44CSGW_3,1,4,3,0,1,C,1
agglomerative,51027,51027_FT44CSGW_4,1,4,4,1,1,D,1
agglomerative,51027,51027_FT44CSGW_5,1,2,2,1,1,B,1
agglomerative,51027,51027_FT44CSGW_6,1,3,3,1,1,C,1
agglomerative,51027,51027_FT44CSGW_7,0,1,1,1,1,A,1
agglomerative,51027,51027_FT44CSGW_8,0,1,1,1,1,A,1
agglomerative,51027,51027_FT44CSGW_9,1,2,3,0,1,C,1
agglomerative,51267,51267_AQABCPUB_1,1,1,3,0,1,C,1
agglomerative,51267,51267_AQABCPUB_2,0,1,4,0,1,D,1
agglomerative,51267,51267_AQABCPUB_3,1,4,4,1,1,D,1
agglomerative,51267,51267_AQABCPUB_4,1,1,1,1,1,A,1
agglomerative,51267,51267_AQABCPUB_5,1,4,4,1,1,D,1
agglomerative,51267,51267_AQABCPUB_6,1,2,2,1,1,B,1
agglomerative,51267,51267_AQABCPUB_7,0,4,4,1,1,D,1
agglomerative,51267,51267_AQABCPUB_8,1,4,4,1,1,D,1
agglomerative,51267,51267_AQABCPUB_9,1,1,1,1,1,A,1
agglomerative,51351,51351_HAXFQ1YV_1,1,3,4,0,1,D,1
agglomerative,51351,51351_HAXFQ1YV_2,1,1,1,1,1,A,1
agglomerative,51351,51351_HAXFQ1YV_3,1,4,3,0,1,C,1
agglomerative,51351,51351_HAXFQ1YV_4,0,2,3,0,1,C,1
agglomerative,51351,51351_HAXFQ1YV_5,1,1,1,1,1,A,1
agglomerative,51351,51351_HAXFQ1YV_6,1,3,3,1,1,C,1
agglomerative,51351,51351_HAXFQ1YV_7,1,1,1,1,1,A,1
agglomerative,51351,51351_HAXFQ1YV_8,0,2,2,1,1,B,1
agglomerative,51605,51605_0HW4DYXI_1,0,1,3,0,1,C,1
agglomerative,51605,51605_0HW4DYXI_2,1,1,2,0,1,B,1
agglomerative,51605,51605_0HW4DYXI_3,1,4,1,0,1,A,1
agglomerative,51605,51605_0HW4DYXI_4,1,4,4,1,1,D,1
agglomerative,51605,51605_0HW4DYXI_5,1,3,3,1,1,C,1
agglomerative,51605,51605_0HW4DYXI_6,1,1,1,1,1,A,1
agglomerative,51605,51605_0HW4DYXI_7,1,4,4,1,1,D,1
agglomerative,51605,51605_0HW4DYXI_8,1,3,1,0,1,A,1
agglomerative,51605,51605_0HW4DYXI_9,1,2,2,1,1,B,1
agglomerative,51605,51605_0HW4DYXI_10,1,1,3,0,1,C,1
agglomerative,49897,49897_D53LJ447_1,1,3,3,1,1,C,1
agglomerative,49897,49897_D53LJ447_2,0,3,3,1,1,C,1
agglomerative,49897,49897_D53LJ447_3,1,4,4,1,1,D,1
agglomerative,49897,49897_D53LJ447_4,1,1,1,1,1,A,1
agglomerative,49897,49897_D53LJ447_5,1,2,1,0,1,A,1
agglomerative,49897,49897_D53LJ447_6,0,2,2,1,1,B,1
agglomerative,49897,49897_D53LJ447_7,1,2,2,1,1,B,1
agglomerative,49897,49897_D53LJ447_8,1,1,2,0,1,B,1
agglomerative,49897,49897_D53LJ447_9,1,4,4,1,1,D,1
agglomerative,51126,51126_PGSZW543_1,1,4,4,1,1,D,1
agglomerative,51126,51126_PGSZW543_2,1,2,1,0,1,A,1
agglomerative,51126,51126_PGSZW543_3,0,3,3,1,1,C,1
agglomerative,51126,51126_PGSZW543_4,1,1,1,1,1,A,1
agglomerative,51126,51126_PGSZW543_5,1,2,2,1,1,B,1
agglomerative,51126,51126_PGSZW543_6,0,2,4,0,1,D,1
agglomerative,51126,51126_PGSZW543_7,0,2,2,1,1,B,1
agglomerative,51126,51126_PGSZW543_8,1,2,2,1,1,B,1
agglomerative,51126,51126_PGSZW543_9,0,3,3,1,1,C,1
agglomerative,51126,51126_PGSZW543_10,1,2,2,1,1,B,1
agglomerative,51350,51350_VLBM4QEI_1,0,3,3,1,1,C,1
agglomerative,51350,51350_VLBM4QEI_2,1,3,3,1,1,C,1
agglomerative,51350,51350_VLBM4QEI_3,0,4,4,1,1,D,1
agglomerative,51350,51350_VLBM4QEI_4,1,3,3,1,1,C,1
agglomerative,51350,51350_VLBM4QEI_5,1,2,2,1,1,B,1
agglomerative,51350,51350_VLBM4QEI_6,1,1,1,1,1,A,1
agglomerative,51350,51350_VLBM4QEI_7,0,4,4,1,1,D,1
agglomerative,51350,51350_VLBM4QEI_8,0,1,1,1,1,A,1
agglomerative,51350,51350_VLBM4QEI_9,0,4,3,0,1,C,1
agglomerative,50948,50948_U9YCQJBR_1,1,2,2,1,1,B,1
agglomerative,50948,50948_U9YCQJBR_2,1,1,1,1,1,A,1
agglomerative,50948,50948_U9YCQJBR_3,1,3,3,1,1,C,1
agglomerative,50948,50948_U9YCQJBR_4,1,4,1,0,1,A,1
agglomerative,50948,50948_U9YCQJBR_5,1,4,4,1,1,D,1
agglomerative,50948,50948_U9YCQJBR_6,1,3,3,1,1,C,1
agglomerative,51320,51320_DIEFXLAR_1,1,2,2,1,1,B,1
agglomerative,51320,51320_DIEFXLAR_2,1,4,4,1,1,D,1
agglomerative,51320,51320_DIEFXLAR_3,1,1,1,1,1,A,1
agglomerative,51320,51320_DIEFXLAR_4,0,4,4,1,1,D,1
agglomerative,51320,51320_DIEFXLAR_5,1,2,3,0,1,C,1
agglomerative,51320,51320_DIEFXLAR_6,1,3,3,1,1,C,1
agglomerative,51320,51320_DIEFXLAR_7,0,1,1,1,1,A,1
agglomerative,51320,51320_DIEFXLAR_8,1,2,2,1,1,B,1
agglomerative,51320,51320_DIEFXLAR_9,0,2,2,1,1,B,1
agglomerative,51320,51320_DIEFXLAR_10,1,3,4,0,1,D,1
agglomerative,51395,51395_9PYVRG7M_1,1,4,4,1,1,D,1
agglomerative,51395,51395_9PYVRG7M_2,1,3,3,1,1,C,1
agglomerative,51395,51395_9PYVRG7M_3,1,1,3,0,1,C,1
agglomerative,51395,51395_9PYVRG7M_4,0,3,3,1,1,C,1
agglomerative,51395,51395_9PYVRG7M_5,1,3,3,1,1,C,1
agglomerative,51395,51395_9PYVRG7M_6,0,1,1,1,1,A,1
agglomerative,51395,51395_9PYVRG7M_7,0,1,1,1,1,A,1
agglomerative,51395,51395_9PYVRG7M_8,1,4,4,1,1,D,1
agglomerative,51436,51436_MT3ROY6U_1,1,3,3,1,1,C,1
agglomerative,51436,51436_MT3ROY6U_2,0,2,2,1,1,B,1
agglomerative,51436,51436_MT3ROY6U_3,1,2,2,1,1,B,1
agglomerative,51436,51436_MT3ROY6U_4,1,1,1,1,1,A,1
agglomerative,51436,51436_MT3ROY6U_5,1,2,2,1,1,B,1
agglomerative,51436,51436_MT3ROY6U_6,0,4,4,1,1,D,1
agglomerative,51436,51436_MT3ROY6U_7,0,1,1,1,1,A,1
agglomerative,51436,51436_MT3ROY6U_8,0,1,4,0,1,D,1
agglomerative,51436,51436_MT3ROY6U_9,1,3,3,1,1,C,1
agglomerative,51436,51436_MT3ROY6U_10,0,2,4,0,1,D,1
agglomerative,51362,51362_RJHWV3IH_1,1,1,1,1,1,A,1
agglomerative,51362,51362_RJHWV3IH_2,0,3,3,1,1,C,1
agglomerative,51362,51362_RJHWV3IH_3,0,2,2,1,1,B,1
agglomerative,51362,51362_RJHWV3IH_4,1,2,1,0,1,A,1
agglomerative,51362,51362_RJHWV3IH_5,1,3,3,1,1,C,1
agglomerative,51362,51362_RJHWV3IH_6,1,2,2,1,1,B,1
agglomerative,51362,51362_RJHWV3IH_7,1,2,2,1,1,B,1
agglomerative,51362,51362_RJHWV3IH_8,1,3,3,1,1,C,1
agglomerative,51362,51362_RJHWV3IH_9,1,3,3,1,1,C,1
agglomerative,51150,51150_WUSMNF3O_1,1,4,1,0,1,A,1
agglomerative,51150,51150_WUSMNF3O_2,0,1,1,1,1,A,1
agglomerative,51150,51150_WUSMNF3O_3,1,3,3,1,1,C,1
agglomerative,51150,51150_WUSMNF3O_4,1,4,4,1,1,D,1
agglomerative,51150,51150_WUSMNF3O_5,1,2,2,1,1,B,1
agglomerative,51150,51150_WUSMNF3O_6,1,4,4,1,1,D,1
agglomerative,51150,51150_WUSMNF3O_7,1,2,2,1,1,B,1
agglomerative,51150,51150_WUSMNF3O_8,1,3,1,0,1,A,1
agglomerative,51274,51274_A9WCJN4U_1,1,3,4,0,1,D,1
agglomerative,51274,51274_A9WCJN4U_2,1,4,2,0,1,B,1
agglomerative,51274,51274_A9WCJN4U_3,0,4,4,1,1,D,1
agglomerative,51274,51274_A9WCJN4U_4,1,2,2,1,1,B,1
agglomerative,51274,51274_A9WCJN4U_5,1,4,2,0,1,B,1
agglomerative,51274,51274_A9WCJN4U_6,1,2,2,1,1,B,1
agglomerative,51274,51274_A9WCJN4U_7,1,2,3,0,1,C,1
agglomerative,51274,51274_A9WCJN4U_8,1,2,2,1,1,B,1
agglomerative,51274,51274_A9WCJN4U_9,1,1,4,0,1,D,1
agglomerative,51274,51274_A9WCJN4U_10,0,4,3,0,1,C,1
agglomerative,51413,51413_MS1UBQRG_1,1,4,4,1,1,D,1
agglomerative,51413,51413_MS1UBQRG_2,1,4,1,0,1,A,1
agglomerative,51413,51413_MS1UBQRG_3,0,2,1,0,1,A,1
agglomerative,51413,51413_MS1UBQRG_4,1,3,4,0,1,D,1
agglomerative,51413,51413_MS1UBQRG_5,1,3,3,1,1,C,1
agglomerative,51413,51413_MS1UBQRG_6,1,1,1,1,1,A,1
agglomerative,51413,51413_MS1UBQRG_7,0,4,4,1,1,D,1
agglomerative,51413,51413_MS1UBQRG_8,0,3,3,1,1,C,1
agglomerative,51413,51413_MS1UBQRG_9,1,3,3,1,1,C,1
agglomerative,20041,20041_L1MZ3RS4_1,0,1,1,1,1,A,0
agglomerative,20041,20041_L1MZ3RS4_2,1,4,4,1,1,D,0
agglomerative,20041,20041_L1MZ3RS4_3,1,2,2,1,1,B,0
agglomerative,20041,20041_L1MZ3RS4_4,0,4,4,1,1,D,0
agglomerative,20041,20041_L1MZ3RS4_5,0,1,1,1,1,A,0
agglomerative,20041,20041_L1MZ3RS4_6,1,1,1,1,1,A,0
agglomerative,20041,20041_L1MZ3RS4_7,1,1,1,1,1,A,0
agglomerative,20041,20041_L1MZ3RS4_8,0,4,4,1,1,D,0
agglomerative,20048,20048_4B31UXVO_1,0,3,3,1,1,C,0
agglomerative,20048,20048_4B31UXVO_2,0,3,3,1,1,C,0
agglomerative,20048,20048_4B31UXVO_3,1,1,1,1,1,A,0
agglomerative,20048,20048_4B31UXVO_4,0,3,3,1,1,C,0
agglomerative,20048,20048_4B31UXVO_5,1,1,3,0,1,C,0
agglomerative,20048,20048_4B31UXVO_6,0,1,1,1,1,A,0
agglomerative,20048,20048_4B31UXVO_7,0,3,3,1,1,C,0
agglomerative,20048,20048_4B31UXVO_8,0,2,2,1,1,B,0
agglomerative,20048,20048_4B31UXVO_9,0,2,2,1,1,B,0
agglomerative,20048,20048_4B31UXVO_10,1,2,3,0,1,C,0
agglomerative,20020,20020_TRPTAKN4_1,1,1,1,1,1,A,0
agglomerative,20020,20020_TRPTAKN4_2,1,4,4,1,1,D,0
agglomerative,20020,20020_TRPTAKN4_3,0,4,4,1,1,D,0
agglomerative,20020,20020_TRPTAKN4_4,1,2,2,1,1,B,0
agglomerative,20020,20020_TRPTAKN4_5,0,4,4,1,1,D,0
agglomerative,20020,20020_TRPTAKN4_6,1,2,2,1,1,B,0
agglomerative,20020,20020_TRPTAKN4_7,1,4,4,1,1,D,0
agglomerative,20020,20020_TRPTAKN4_8,1,2,2,1,1,B,0
agglomerative,20020,20020_TRPTAKN4_9,1,1,4,0,1,D,0
agglomerative,20020,20020_TRPTAKN4_10,1,3,2,0,1,B,0
agglomerative,20051,20051_AP3PWHCR_1,0,2,2,1,1,B,0
agglomerative,20051,20051_AP3PWHCR_2,1,4,4,1,1,D,0
agglomerative,20051,20051_AP3PWHCR_3,0,1,1,1,1,A,0
agglomerative,20051,20051_AP3PWHCR_4,0,1,3,0,1,C,0
agglomerative,20051,20051_AP3PWHCR_5,1,2,2,1,1,B,0
agglomerative,20051,20051_AP3PWHCR_6,0,4,4,1,1,D,0
agglomerative,20051,20051_AP3PWHCR_7,0,3,3,1,1,C,0
agglomerative,20051,20051_AP3PWHCR_8,1,4,4,1,1,D,0
agglomerative,20051,20051_AP3PWHCR_9,1,4,3,0,1,C,0
agglomerative,20056,20056_IMXXLOR8_1,1,2,4,0,1,D,0
agglomerative,20056,20056_IMXXLOR8_2,0,1,1,1,1,A,0
agglomerative,20056,20056_IMXXLOR8_3,1,1,3,0,1,C,0
agglomerative,20056,20056_IMXXLOR8_4,0,1,1,1,1,A,0
agglomerative,20056,20056_IMXXLOR8_5,1,3,3,1,1,C,0
agglomerative,20056,20056_IMXXLOR8_6,0,3,3,1,1,C,0
agglomerative,20056,20056_IMXXLOR8_7,1,1,1,1,1,A,0
agglomerative,20056,20056_IMXXLOR8_8,1,4,4,1,1,D,0
agglomerative,20056,20056_IMXXLOR8_9,1,2,2,1,1,B,0
agglomerative,20056,20056_IMXXLOR8_10,1,2,2,1,1,B,0
agglomerative,20044,20044_JOO9J86N_1,0,4,4,1,1,D,0
agglomerative,20044,20044_JOO9J86N_2,0,4,4,1,1,D,0
agglomerative,20044,20044_JOO9J86N_3,0,4,4,1,1,D,0
agglomerative,20044,20044_JOO9J86N_4,0,2,2,1,1,B,0
agglomerative,20044,20044_JOO9J86N_5,1,4,3,0,1,C,0
agglomerative,20044,20044_JOO9J86N_6,0,4,4,1,1,D,0
agglomerative,20044,20044_JOO9J86N_7,0,1,1,1,1,A,0
agglomerative,20044,20044_JOO9J86N_8,1,1,2,0,1,B,0
agglomerative,20031,20031_0W08N5TX_1,0,3,3,1,1,C,0
agglomerative,20031,20031_0W08N5TX_2,0,2,2,1,1,B,0
agglomerative,20031,20031_0W08N5TX_3,1,2,2,1,1,B,0
agglomerative,20031,20031_0W08N5TX_4,1,3,3,1,1,C,0
agglomerative,20031,20031_0W08N5TX_5,0,3,3,1,1,C,0
agglomerative,20031,20031_0W08N5TX_6,1,3,3,1,1,C,0
agglomerative,20031,20031_0W08N5TX_7,1,4,4,1,1,D,0
agglomerative,20031,20031_0W08N5TX_8,0,2,2,1,1,B,0
agglomerative,20031,20031_0W08N5TX_9,0,3,3,1,1,C,0
agglomerative,20031,20031_0W08N5TX_10,1,2,2,1,1,B,0
agglomerative,20029,20029_XWDXOW34_1,0,1,1,1,1,A,0
agglomerative,20029,20029_XWDXOW34_2,1,1,1,1,1,A,0
agglomerative,20029,20029_XWDXOW34_3,0,1,1,1,1,A,0
agglomerative,20029,20029_XWDXOW34_4,1,4,4,1,1,D,0
agglomerative,20029,20029_XWDXOW34_5,0,3,3,1,1,C,0
agglomerative,20029,20029_XWDXOW34_6,0,1,1,1,1,A,0
agglomerative,20029,20029_XWDXOW34_7,0,1,1,1,1,A,0
agglomerative,20029,20029_XWDXOW34_8,0,3,3,1,1,C,0
agglomerative,20029,20029_XWDXOW34_9,1,3,2,0,1,B,0
agglomerative,20027,20027_IAG6VJYS_1,1,1,4,0,1,D,0
agglomerative,20027,20027_IAG6VJYS_2,1,3,3,1,1,C,0
agglomerative,20027,20027_IAG6VJYS_3,1,1,4,0,1,D,0
agglomerative,20027,20027_IAG6VJYS_4,1,4,4,1,1,D,0
agglomerative,20027,20027_IAG6VJYS_5,1,4,4,1,1,D,0
agglomerative,20027,20027_IAG6VJYS_6,0,4,1,0,1,A,0
agglomerative,20027,20027_IAG6VJYS_7,1,2,4,0,1,D,0
agglomerative,20027,20027_IAG6VJYS_8,0,4,4,1,1,D,0
agglomerative,20027,20027_IAG6VJYS_9,0,1,1,1,1,A,0
agglomerative,20027,20027_IAG6VJYS_10,1,1,4,0,1,D,0
agglomerative,20055,20055_WB1HAZU3_1,0,1,1,1,1,A,0
agglomerative,20055,20055_WB1HAZU3_2,0,3,3,1,1,C,0
agglomerative,20055,20055_WB1HAZU3_3,1,1,3,0,1,C,0
agglomerative,20055,20055_WB1HAZU3_4,1,4,4,1,1,D,0
agglomerative,20055,20055_WB1HAZU3_5,0,1,1,1,1,A,0
agglomerative,20055,20055_WB1HAZU3_6,0,3,2,0,1,B,0
agglomerative,20055,20055_WB1HAZU3_7,0,1,1,1,1,A,0
agglomerative,20055,20055_WB1HAZU3_8,0,1,2,0,1,B,0
agglomerative,20055,20055_WB1HAZU3_9,0,1,1,1,1,A,0
agglomerative,20055,20055_WB1HAZU3_10,0,4,4,1,1,D,0
agglomerative,51295,51295_4B89NF9L_1,1,4,2,0,1,B,1
agglomerative,51295,51295_4B89NF9L_2,0,1,4,0,1,D,1
agglomerative,51295,51295_4B89NF9L_3,1,2,2,1,1,B,1
agglomerative,51295,51295_4B89NF9L_4,1,1,1,1,1,A,1
agglomerative,51295,51295_4B89NF9L_5,0,2,2,1,1,B,1
agglomerative,51295,51295_4B89NF9L_6,0,3,2,0,1,B,1
agglomerative,51295,51295_4B89NF9L_7,0,1,1,1,1,A,1
agglomerative,51295,51295_4B89NF9L_8,1,4,4,1,1,D,1
agglomerative,51295,51295_4B89NF9L_9,0,2,2,1,1,B,1
agglomerative,51295,51295_4B89NF9L_10,0,4,1,0,1,A,1
agglomerative,20064,20064_CU1CDFL8_1,0,3,3,1,1,C,0
agglomerative,20064,20064_CU1CDFL8_2,0,3,3,1,1,C,0
agglomerative,20064,20064_CU1CDFL8_3,0,2,1,0,1,A,0
agglomerative,20064,20064_CU1CDFL8_4,1,3,1,0,1,A,0
agglomerative,20064,20064_CU1CDFL8_5,0,3,3,1,1,C,0
agglomerative,20064,20064_CU1CDFL8_6,1,3,2,0,1,B,0
agglomerative,20064,20064_CU1CDFL8_7,0,4,4,1,1,D,0
agglomerative,20064,20064_CU1CDFL8_8,0,2,2,1,1,B,0
agglomerative,20064,20064_CU1CDFL8_9,0,4,4,1,1,D,0
agglomerative,20064,20064_CU1CDFL8_10,0,4,2,0,1,B,0
agglomerative,20068,20068_RWLK60G7_1,0,3,3,1,1,C,0
agglomerative,20068,20068_RWLK60G7_2,0,2,2,1,1,B,0
agglomerative,20068,20068_RWLK60G7_3,0,2,2,1,1,B,0
agglomerative,20068,20068_RWLK60G7_4,1,1,1,1,1,A,0
agglomerative,20068,20068_RWLK60G7_5,1,2,2,1,1,B,0
agglomerative,20068,20068_RWLK60G7_6,1,3,3,1,1,C,0
agglomerative,20068,20068_RWLK60G7_7,0,4,4,1,1,D,0
agglomerative,20068,20068_RWLK60G7_8,0,3,3,1,1,C,0
agglomerative,20068,20068_RWLK60G7_9,0,4,4,1,1,D,0
agglomerative,51688,51688_J2Q3XCWR_1,0,3,3,1,1,C,1
agglomerative,51688,51688_J2Q3XCWR_2,1,4,3,0,1,C,1
agglomerative,51688,51688_J2Q3XCWR_3,0,2,4,0,1,D,1
agglomerative,51688,51688_J2Q3XCWR_4,0,3,4,0,1,D,1
agglomerative,51688,51688_J2Q3XCWR_5,1,2,2,1,1,B,1
agglomerative,51688,51688_J2Q3XCWR_6,1,2,2,1,1,B,1
agglomerative,51688,51688_J2Q3XCWR_7,1,2,2,1,1,B,1
agglomerative,51688,51688_J2Q3XCWR_8,0,3,3,1,1,C,1
agglomerative,51688,51688_J2Q3XCWR_9,1,3,1,0,1,A,1
agglomerative,51688,51688_J2Q3XCWR_10,0,4,1,0,1,A,1
agglomerative,20075,20075_99U79EV3_1,0,3,3,1,1,C,0
agglomerative,20075,20075_99U79EV3_2,1,2,1,0,1,A,0
agglomerative,20075,20075_99U79EV3_3,1,2,3,0,1,C,0
agglomerative,20075,20075_99U79EV3_4,0,3,3,1,1,C,0
agglomerative,20075,20075_99U79EV3_5,0,3,3,1,1,C,0
agglomerative,20075,20075_99U79EV3_6,0,4,4,1,1,D,0
agglomerative,20075,20075_99U79EV3_7,0,4,4,1,1,D,0
agglomerative,20075,20075_99U79EV3_8,0,3,2,0,1,B,0
agglomerative,20075,20075_99U79EV3_9,0,3,3,1,1,C,0
agglomerative,20075,20075_99U79EV3_10,0,3,3,1,1,C,0
agglomerative,20073,20073_3CP51ZI3_1,0,3,3,1,1,C,0
agglomerative,20073,20073_3CP51ZI3_2,0,1,1,1,1,A,0
agglomerative,20073,20073_3CP51ZI3_3,0,1,1,1,1,A,0
agglomerative,20073,20073_3CP51ZI3_4,0,1,1,1,1,A,0
agglomerative,20073,20073_3CP51ZI3_5,0,3,1,0,1,A,0
agglomerative,20073,20073_3CP51ZI3_6,1,3,3,1,1,C,0
agglomerative,20073,20073_3CP51ZI3_7,0,2,2,1,1,B,0
agglomerative,20073,20073_3CP51ZI3_8,0,2,2,1,1,B,0
agglomerative,20073,20073_3CP51ZI3_9,0,1,3,0,1,C,0
agglomerative,51256,51256_P2M1I2KR_1,0,2,2,1,1,B,1
agglomerative,51256,51256_P2M1I2KR_2,0,4,2,0,1,B,1
agglomerative,51256,51256_P2M1I2KR_3,1,4,4,1,1,D,1
agglomerative,51256,51256_P2M1I2KR_4,0,2,2,1,1,B,1
agglomerative,51256,51256_P2M1I2KR_5,0,2,2,1,1,B,1
agglomerative,51256,51256_P2M1I2KR_6,1,3,2,0,1,B,1
agglomerative,51256,51256_P2M1I2KR_7,1,2,2,1,1,B,1
agglomerative,51256,51256_P2M1I2KR_8,0,3,4,0,1,D,1
agglomerative,50826,50826_B2WQILEB_1,1,4,4,1,1,D,1
agglomerative,50826,50826_B2WQILEB_2,1,2,2,1,1,B,1
agglomerative,50826,50826_B2WQILEB_3,0,3,3,1,1,C,1
agglomerative,50826,50826_B2WQILEB_4,0,4,3,0,1,C,1
agglomerative,50826,50826_B2WQILEB_5,1,3,3,1,1,C,1
agglomerative,50826,50826_B2WQILEB_6,0,1,1,1,1,A,1
agglomerative,50826,50826_B2WQILEB_7,0,2,2,1,1,B,1
agglomerative,50826,50826_B2WQILEB_8,1,1,3,0,1,C,1
agglomerative,50826,50826_B2WQILEB_9,0,1,1,1,1,A,1
agglomerative,50826,50826_B2WQILEB_10,1,3,3,1,1,C,1
agglomerative,20077,20077_ZF5G55FD_1,0,2,2,1,1,B,0
agglomerative,20077,20077_ZF5G55FD_2,0,2,1,0,1,A,0
agglomerative,20077,20077_ZF5G55FD_3,1,4,4,1,1,D,0
agglomerative,20077,20077_ZF5G55FD_4,1,3,3,1,1,C,0
agglomerative,20077,20077_ZF5G55FD_5,0,1,1,1,1,A,0
agglomerative,20077,20077_ZF5G55FD_6,0,2,2,1,1,B,0
agglomerative,20077,20077_ZF5G55FD_7,0,3,3,1,1,C,0
agglomerative,20077,20077_ZF5G55FD_8,1,2,2,1,1,B,0
agglomerative,51688,51688_5EVPD4SX_1,1,2,4,0,1,D,1
agglomerative,51688,51688_5EVPD4SX_2,0,4,4,1,1,D,1
agglomerative,51688,51688_5EVPD4SX_3,1,4,4,1,1,D,1
agglomerative,51688,51688_5EVPD4SX_4,0,4,4,1,1,D,1
agglomerative,51688,51688_5EVPD4SX_5,1,1,3,0,1,C,1
agglomerative,51688,51688_5EVPD4SX_6,1,1,2,0,1,B,1
agglomerative,51688,51688_5EVPD4SX_7,0,2,2,1,1,B,1
agglomerative,51688,51688_5EVPD4SX_8,0,3,2,0,1,B,1
agglomerative,51688,51688_5EVPD4SX_9,0,3,3,1,1,C,1
agglomerative,20075,20075_C7JKTVJC_1,0,4,4,1,1,D,0
agglomerative,20075,20075_C7JKTVJC_2,0,2,2,1,1,B,0
agglomerative,20075,20075_C7JKTVJC_3,0,3,3,1,1,C,0
agglomerative,20075,20075_C7JKTVJC_4,0,2,2,1,1,B,0
agglomerative,20075,20075_C7JKTVJC_5,0,2,2,1,1,B,0
agglomerative,20075,20075_C7JKTVJC_6,0,2,2,1,1,B,0
agglomerative,20075,20075_C7JKTVJC_7,0,1,1,1,1,A,0
agglomerative,20075,20075_C7JKTVJC_8,0,2,4,0,1,D,0
agglomerative,20075,20075_C7JKTVJC_9,0,3,4,0,1,D,0
agglomerative,20073,20073_DXZXSA0V_1,0,3,3,1,1,C,0
agglomerative,20073,20073_DXZXSA0V_2,1,4,4,1,1,D,0
agglomerative,20073,20073_DXZXSA0V_3,1,1,1,1,1,A,0
agglomerative,20073,20073_DXZXSA0V_4,0,1,1,1,1,A,0
agglomerative,20073,20073_DXZXSA0V_5,1,2,3,0,1,C,0
agglomerative,20073,20073_DXZXSA0V_6,1,3,3,1,1,C,0
agglomerative,20073,20073_DXZXSA0V_7,0,1,1,1,1,A,0
agglomerative,20073,20073_DXZXSA0V_8,0,2,4,0,1,D,0
agglomerative,20073,20073_DXZXSA0V_9,0,4,4,1,1,D,0
agglomerative,20073,20073_DXZXSA0V_10,0,4,4,1,1,D,0
agglomerative,51295,51295_JKASXZ9X_1,1,4,1,0,1,A,1
agglomerative,51295,51295_JKASXZ9X_2,0,1,1,1,1,A,1
agglomerative,51295,51295_JKASXZ9X_3,0,2,2,1,1,B,1
agglomerative,51295,51295_JKASXZ9X_4,1,4,4,1,1,D,1
agglomerative,51295,51295_JKASXZ9X_5,1,4,4,1,1,D,1
agglomerative,51295,51295_JKASXZ9X_6,0,1,1,1,1,A,1
agglomerative,51295,51295_JKASXZ9X_7,1,3,2,0,1,B,1
agglomerative,51295,51295_JKASXZ9X_8,1,1,1,1,1,A,1
agglomerative,20064,20064_S6NDI1IS_1,1,3,4,0,1,D,0
agglomerative,20064,20064_S6NDI1IS_2,0,3,3,1,1,C,0
agglomerative,20064,20064_S6NDI1IS_3,0,2,3,0,1,C,0
agglomerative,20064,20064_S6NDI1IS_4,1,2,4,0,1,D,0
agglomerative,20064,20064_S6NDI1IS_5,0,1,1,1,1,A,0
agglomerative,20064,20064_S6NDI1IS_6,1,3,3,1,1,C,0
agglomerative,20064,20064_S6NDI1IS_7,0,2,2,1,1,B,0
agglomerative,20064,20064_S6NDI1IS_8,1,4,4,1,1,D,0
agglomerative,20064,20064_S6NDI1IS_9,0,2,2,1,1,B,0
agglomerative,20064,20064_S6NDI1IS_10,1,1,1,1,1,A,0
agglomerative,20068,20068_KJ4U6NT7_1,0,4,4,1,1,D,0
agglomerative,20068,20068_KJ4U6NT7_2,0,1,1,1,1,A,0
agglomerative,20068,20068_KJ4U6NT7_3,0,4,4,1,1,D,0
agglomerative,20068,20068_KJ4U6NT7_4,0,1,1,1,1,A,0
agglomerative,20068,20068_KJ4U6NT7_5,1,2,2,1,1,B,0
agglomerative,20068,20068_KJ4U6NT7_6,0,4,4,1,1,D,0
agglomerative,20068,20068_KJ4U6NT7_7,0,3,3,1,1,C,0
agglomerative,20068,20068_KJ4U6NT7_8,0,1,1,1,1,A,0
agglomerative,51256,51256_MZNDC998_1,1,2,4,0,1,D,1
agglomerative,51256,51256_MZNDC998_2,0,3,4,0,1,D,1
agglomerative,51256,51256_MZNDC998_3,1,1,1,1,1,A,1
agglomerative,51256,51256_MZNDC998_4,0,3,3,1,1,C,1
agglomerative,51256,51256_MZNDC998_5,1,4,2,0,1,B,1
agglomerative,51256,51256_MZNDC998_6,1,3,3,1,1,C,1
agglomerative,51256,51256_MZNDC998_7,1,2,2,1,1,B,1
agglomerative,51256,51256_MZNDC998_8,1,4,1,0,1,A,1
agglomerative,51256,51256_MZNDC998_9,1,4,4,1,1,D,1
agglomerative,51256,51256_MZNDC998_10,1,3,3,1,1,C,1
agglomerative,50826,50826_K0FBX2G8_1,1,3,2,0,1,B,1
agglomerative,50826,50826_K0FBX2G8_2,1,1,1,1,1,A,1
agglomerative,50826,50826_K0FBX2G8_3,0,4,1,0,1,A,1
agglomerative,50826,50826_K0FBX2G8_4,0,1,3,0,1,C,1
agglomerative,50826,50826_K0FBX2G8_5,0,1,1,1,1,A,1
agglomerative,50826,50826_K0FBX2G8_6,1,3,3,1,1,C,1
agglomerative,50826,50826_K0FBX2G8_7,0,3,3,1,1,C,1
agglomerative,50826,50826_K0FBX2G8_8,0,4,4,1,1,D,1
agglomerative,50826,50826_K0FBX2G8_9,0,4,2,0,1,B,1
agglomerative,50826,50826_K0FBX2G8_10,0,3,3,1,1,C,1
agglomerative,20077,20077_1BWEF124_1,0,1,1,1,1,A,0
agglomerative,20077,20077_1BWEF124_2,0,1,1,1,1,A,0
agglomerative,20077,20077_1BWEF124_3,1,2,2,1,1,B,0
agglomerative,20077,20077_1BWEF124_4,1,2,3,0,1,C,0
agglomerative,20077,20077_1BWEF124_5,1,2,2,1,1,B,0
agglomerative,20077,20077_1BWEF124_6,1,3,4,0,1,D,0
agglomerative,20077,20077_1BWEF124_7,1,4,4,1,1,D,0
agglomerative,20077,20077_1BWEF124_8,1,4,4,1,1,D,0
agglomerative,20077,20077_1BWEF124_9,0,2,2,1,1,B,0
agglomerative,22073,22073_H4OMDMMI_1,1,1,1,1,1,A,1
agglomerative,22073,22073_H4OMDMMI_2,1,1,1,1,1,A,1
agglomerative,22073,22073_H4OMDMMI_3,0,1,1,1,1,A,1
agglomerative,22073,22073_H4OMDMMI_4,0,1,1,1,1,A,1
agglomerative,22073,22073_H4OMDMMI_5,0,4,4,1,1,D,1
agglomerative,22073,22073_H4OMDMMI_6,0,1,1,1,1,A,1
agglomerative,22073,22073_H4OMDMMI_7,1,3,4,0,1,D,1
agglomerative,22073,22073_H4OMDMMI_8,1,3,3,1,1,C,1
agglomerative,22102,22102_B6WHC7QX_1,0,3,4,0,1,D,0
agglomerative,22102,22102_B6WHC7QX_2,0,3,3,1,1,C,0
agglomerative,22102,22102_B6WHC7QX_3,0,3,3,1,1,C,0
agglomerative,22102,22102_B6WHC7QX_4,0,1,1,1,1,A,0
agglomerative,22102,22102_B6WHC7QX_5,0,1,1,1,1,A,0
agglomerative,22102,22102_B6WHC7QX_6,0,2,1,0,1,A,0
agglomerative,22102,22102_B6WHC7QX_7,1,4,1,0,1,A,0
agglomerative,22102,22102_B6WHC7QX_8,1,1,1,1,1,A,0
agglomerative,22102,22102_B6WHC7QX_9,0,1,1,1,1,A,0
agglomerative,22218,22218_P9A9DKW0_1,0,4,4,1,1,D,1
agglomerative,22218,22218_P9A9DKW0_2,0,4,3,0,1,C,1
agglomerative,22218,22218_P9A9DKW0_3,0,2,2,1,1,B,1
agglomerative,22218,22218_P9A9DKW0_4,1,3,4,0,1,D,1
agglomerative,22218,22218_P9A9DKW0_5,0,1,2,0,1,B,1
agglomerative,22218,22218_P9A9DKW0_6,0,3,3,1,1,C,1
agglomerative,22218,22218_P9A9DKW0_7,0,4,4,1,1,D,1
agglomerative,22218,22218_P9A9DKW0_8,1,4,4,1,1,D,1
agglomerative,22218,22218_P9A9DKW0_9,0,3,2,0,1,B,1
agglomerative,22218,22218_P9A9DKW0_10,0,2,4,0,1,D,1
agglomerative,22346,22346_3ZEMUJFW_1,0,4,4,1,1,D,1
agglomerative,22346,22346_3ZEMUJFW_2,0,3,2,0,1,B,1
agglomerative,22346,22346_3ZEMUJFW_3,0,1,3,0,1,C,1
agglomerative,22346,22346_3ZEMUJFW_4,0,1,1,1,1,A,1
agglomerative,22346,22346_3ZEMUJFW_5,1,4,4,1,1,D,1
agglomerative,22346,22346_3ZEMUJFW_6,0,4,4,1,1,D,1
agglomerative,22346,22346_3ZEMUJFW_7,0,3,3,1,1,C,1
agglomerative,22346,22346_3ZEMUJFW_8,1,4,2,0,1,B,1
agglomerative,22346,22346_3ZEMUJFW_9,1,2,2,1,1,B,1
agglomerative,22346,22346_3ZEMUJFW_10,1,2,1,0,1,A,1
agglomerative,22462,22462_F944PNS1_1,1,3,3,1,1,C,1
agglomerative,22462,22462_F944PNS1_2,0,3,3,1,1,C,1
agglomerative,22462,22462_F944PNS1_3,0,1,3,0,1,C,1
agglomerative,22462,22462_F944PNS1_4,0,4,4,1,1,D,1
agglomerative,22462,22462_F944PNS1_5,0,4,4,1,1,D,1
agglomerative,22462,22462_F944PNS1_6,0,1,1,1,1,A,1
agglomerative,22462,22462_F944PNS1_7,1,4,1,0,1,A,1
agglomerative,22462,22462_F944PNS1_8,1,2,2,1,1,B,1
agglomerative,22524,22524_N885O1MX_1,0,4,3,0,1,C,1
agglomerative,22524,22524_N885O1MX_2,0,1,2,0,1,B,1
agglomerative,22524,22524_N885O1MX_3,0,2,2,1,1,B,1
agglomerative,22524,22524_N885O1MX_4,0,3,3,1,1,C,1
agglomerative,22524,22524_N885O1MX_5,1,3,1,0,1,A,1
agglomerative,22524,22524_N885O1MX_6,0,4,4,1,1,D,1
agglomerative,22524,22524_N885O1MX_7,1,3,2,0,1,B,1
agglomerative,22524,22524_N885O1MX_8,0,4,3,0,1,C,1
agglomerative,22524,22524_N885O1MX_9,0,3,3,1,1,C,1
agglomerative,22524,22524_N885O1MX_10,1,1,3,0,1,C,1
agglomerative,22579,22579_RQ3GB4A1_1,0,4,4,1,1,D,1
agglomerative,22579,22579_RQ3GB4A1_2,0,3,4,0,1,D,1
agglomerative,22579,22579_RQ3GB4A1_3,0,2,2,1,1,B,1
agglomerative,22579,22579_RQ3GB4A1_4,0,1,1,1,1,A,1
agglomerative,22579,22579_RQ3GB4A1_5,0,4,4,1,1,D,1
agglomerative,22579,22579_RQ3GB4A1_6,1,4,4,1,1,D,1
agglomerative,22579,22579_RQ3GB4A1_7,1,3,3,1,1,C,1
agglomerative,22579,22579_RQ3GB4A1_8,0,4,4,1,1,D,1
agglomerative,22579,22579_RQ3GB4A1_9,0,4,4,1,1,D,1
agglomerative,22579,22579_RQ3GB4A1_10,0,4,4,1,1,D,1
agglomerative,22590,22590_LPM54M2U_1,0,1,4,0,1,D,1
agglomerative,22590,22590_LPM54M2U_2,0,4,4,1,1,D,1
agglomerative,22590,22590_LPM54M2U_3,1,2,2,1,1,B,1
agglomerative,22590,22590_LPM54M2U_4,1,3,3,1,1,C,1
agglomerative,22590,22590_LPM54M2U_5,1,3,3,1,1,C,1
agglomerative,22590,22590_LPM54M2U_6,1,2,2,1,1,B,1
agglomerative,22590,22590_LPM54M2U_7,1,2,4,0,1,D,1
agglomerative,22590,22590_LPM54M2U_8,0,3,3,1,1,C,1
agglomerative,22590,22590_LPM54M2U_9,1,3,4,0,1,D,1
agglomerative,22867,22867_TJ9SPIHC_1,0,3,4,0,1,D,1
agglomerative,22867,22867_TJ9SPIHC_2,1,1,1,1,1,A,1
agglomerative,22867,22867_TJ9SPIHC_3,0,2,2,1,1,B,1
agglomerative,22867,22867_TJ9SPIHC_4,0,3,3,1,1,C,1
agglomerative,22867,22867_TJ9SPIHC_5,1,1,1,1,1,A,1
agglomerative,22867,22867_TJ9SPIHC_6,0,1,1,1,1,A,1
agglomerative,22867,22867_TJ9SPIHC_7,0,4,4,1,1,D,1
agglomerative,22867,22867_TJ9SPIHC_8,0,1,2,0,1,B,1
agglomerative,22867,22867_TJ9SPIHC_9,0,2,2,1,1,B,1
agglomerative,22867,22867_TJ9SPIHC_10,0,1,4,0,1,D,1
agglomerative,22875,22875_L821878U_1,0,4,4,1,1,D,0
agglomerative,22875,22875_L821878U_2,0,1,1,1,1,A,0
agglomerative,22875,22875_L821878U_3,0,3,3,1,1,C,0
agglomerative,22875,22875_L821878U_4,0,3,3,1,1,C,0
agglomerative,22875,22875_L821878U_5,1,4,3,0,1,C,0
agglomerative,22875,22875_L821878U_6,0,3,3,1,1,C,0
agglomerative,22875,22875_L821878U_7,0,3,3,1,1,C,0
agglomerative,22875,22875_L821878U_8,1,1,1,1,1,A,0
agglomerative,22875,22875_L821878U_9,0,4,4,1,1,D,0
agglomerative,22875,22875_L821878U_10,1,3,3,1,1,C,0
agglomerative,22876,22876_2BBI3WOT_1,0,3,3,1,1,C,1
agglomerative,22876,22876_2BBI3WOT_2,0,1,1,1,1,A,1
agglomerative,22876,22876_2BBI3WOT_3,0,1,1,1,1,A,1
agglomerative,22876,22876_2BBI3WOT_4,1,3,3,1,1,C,1
agglomerative,22876,22876_2BBI3WOT_5,1,2,2,1,1,B,1
agglomerative,22876,22876_2BBI3WOT_6,1,3,3,1,1,C,1
agglomerative,22876,22876_2BBI3WOT_7,1,4,1,0,1,A,1
agglomerative,22876,22876_2BBI3WOT_8,0,2,2,1,1,B,1
agglomerative,22876,22876_2BBI3WOT_9,0,3,2,0,1,B,1
agglomerative,22876,22876_2BBI3WOT_10,0,2,2,1,1,B,1
agglomerative,22958,22958_CIJCBUXL_1,0,4,4,1,1,D,1
agglomerative,22958,22958_CIJCBUXL_2,0,1,1,1,1,A,1
agglomerative,22958,22958_CIJCBUXL_3,0,4,4,1,1,D,1
agglomerative,22958,22958_CIJCBUXL_4,1,4,4,1,1,D,1
agglomerative,22958,22958_CIJCBUXL_5,1,2,3,0,1,C,1
agglomerative,22958,22958_CIJCBUXL_6,1,4,3,0,1,C,1
agglomerative,22958,22958_CIJCBUXL_7,0,2,2,1,1,B,1
agglomerative,22958,22958_CIJCBUXL_8,0,4,2,0,1,B,1
agglomerative,22958,22958_CIJCBUXL_9,1,4,4,1,1,D,1
agglomerative,22958,22958_CIJCBUXL_10,1,3,1,0,1,A,1
agglomerative,22966,22966_6AF3S2P3_1,0,2,2,1,1,B,0
agglomerative,22966,22966_6AF3S2P3_2,0,4,4,1,1,D,0
agglomerative,22966,22966_6AF3S2P3_3,0,4,4,1,1,D,0
agglomerative,22966,22966_6AF3S2P3_4,0,1,1,1,1,A,0
agglomerative,22966,22966_6AF3S2P3_5,1,4,1,0,1,A,0
agglomerative,22966,22966_6AF3S2P3_6,1,4,1,0,1,A,0
agglomerative,22966,22966_6AF3S2P3_7,0,3,3,1,1,C,0
agglomerative,22966,22966_6AF3S2P3_8,1,4,2,0,1,B,0
agglomerative,22966,22966_6AF3S2P3_9,0,2,2,1,1,B,0
agglomerative,22966,22966_6AF3S2P3_10,1,1,2,0,1,B,0
agglomerative,22967,22967_0XT2L7PI_1,0,4,4,1,1,D,1
agglomerative,22967,22967_0XT2L7PI_2,0,3,3,1,1,C,1
agglomerative,22967,22967_0XT2L7PI_3,0,3,3,1,1,C,1
agglomerative,22967,22967_0XT2L7PI_4,0,1,1,1,1,A,1
agglomerative,22967,22967_0XT2L7PI_5,0,2,2,1,1,B,1
agglomerative,22967,22967_0XT2L7PI_6,0,3,3,1,1,C,1
agglomerative,22967,22967_0XT2L7PI_7,1,4,2,0,1,B,1
agglomerative,22967,22967_0XT2L7PI_8,0,1,1,1,1,A,1
agglomerative,22967,22967_0XT2L7PI_9,1,2,2,1,1,B,1
agglomerative,23104,23104_4MQFQVNM_1,1,3,3,1,1,C,1
agglomerative,23104,23104_4MQFQVNM_2,0,3,3,1,1,C,1
agglomerative,23104,23104_4MQFQVNM_3,1,1,4,0,1,D,1
agglomerative,23104,23104_4MQFQVNM_4,0,2,2,1,1,B,1
agglomerative,23104,23104_4MQFQVNM_5,0,4,4,1,1,D,1
agglomerative,23104,23104_4MQFQVNM_6,1,4,3,0,1,C,1
agglomerative,23160,23160_KJQ9Z35G_1,0,1,1,1,1,A,0
agglomerative,23160,23160_KJQ9Z35G_2,0,1,1,1,1,A,0
agglomerative,23160,23160_KJQ9Z35G_3,0,2,2,1,1,B,0
agglomerative,23160,23160_KJQ9Z35G_4,0,3,3,1,1,C,0
agglomerative,23160,23160_KJQ9Z35G_5,0,2,2,1,1,B,0
agglomerative,23160,23160_KJQ9Z35G_6,1,1,1,1,1,A,0
agglomerative,23160,23160_KJQ9Z35G_7,1,2,2,1,1,B,0
agglomerative,23160,23160_KJQ9Z35G_8,1,2,2,1,1,B,0
agglomerative,23160,23160_KJQ9Z35G_9,1,4,4,1,1,D,0
agglomerative,23563,23563_36E7PFLI_1,1,1,4,0,1,D,0
agglomerative,23563,23563_36E7PFLI_2,0,3,3,1,1,C,0
agglomerative,23563,23563_36E7PFLI_3,1,3,3,1,1,C,0
agglomerative,23563,23563_36E7PFLI_4,1,2,4,0,1,D,0
agglomerative,23563,23563_36E7PFLI_5,0,2,2,1,1,B,0
agglomerative,23563,23563_36E7PFLI_6,0,3,3,1,1,C,0
agglomerative,23563,23563_36E7PFLI_7,0,4,4,1,1,D,0
agglomerative,23563,23563_36E7PFLI_8,0,3,3,1,1,C,0
agglomerative,23563,23563_36E7PFLI_9,0,3,3,1,1,C,0
agglomerative,22590,22590_L3MXZ6V8_1,0,3,3,1,1,C,1
agglomerative,22590,22590_L3MXZ6V8_2,0,1,1,1,1,A,1
agglomerative,22590,22590_L3MXZ6V8_3,1,4,2,0,1,B,1
agglomerative,22590,22590_L3MXZ6V8_4,0,1,1,1,1,A,1
agglomerative,22590,22590_L3MXZ6V8_5,0,1,1,1,1,A,1
agglomerative,22590,22590_L3MXZ6V8_6,0,4,2,0,1,B,1
agglomerative,22590,22590_L3MXZ6V8_7,0,3,3,1,1,C,1
agglomerative,22590,22590_L3MXZ6V8_8,0,2,2,1,1,B,1
agglomerative,22590,22590_L3MXZ6V8_9,1,1,3,0,1,C,1
agglomerative,22867,22867_IZGAWLCJ_1,0,2,2,1,1,B,1
agglomerative,22867,22867_IZGAWLCJ_2,1,3,3,1,1,C,1
agglomerative,22867,22867_IZGAWLCJ_3,0,3,3,1,1,C,1
agglomerative,22867,22867_IZGAWLCJ_4,0,1,1,1,1,A,1
agglomerative,22867,22867_IZGAWLCJ_5,0,4,4,1,1,D,1
agglomerative,22867,22867_IZGAWLCJ_6,0,1,1,1,1,A,1
agglomerative,22867,22867_IZGAWLCJ_7,1,1,1,1,1,A,1
agglomerative,22867,22867_IZGAWLCJ_8,0,3,3,1,1,C,1
agglomerative,22867,22867_IZGAWLCJ_9,0,2,2,1,1,B,1
agglomerative,22867,22867_IZGAWLCJ_10,0,4,4,1,1,D,1
agglomerative,22875,22875_539MKDEK_1,0,1,3,0,1,C,0
agglomerative,22875,22875_539MKDEK_2,0,3,3,1,1,C,0
agglomerative,22875,22875_539MKDEK_3,0,2,2,1,1,B,0
agglomerative,22875,22875_539MKDEK_4,0,1,1,1,1,A,0
agglomerative,22875,22875_539MKDEK_5,1,3,4,0,1,D,0
agglomerative,22875,22875_539MKDEK_6,0,2,2,1,1,B,0
agglomerative,22875,22875_539MKDEK_7,0,3,3,1,1,C,0
agglomerative,22875,22875_539MKDEK_8,1,1,1,1,1,A,0
agglomerative,22875,22875_539MKDEK_9,0,2,2,1,1,B,0
agglomerative,22875,22875_539MKDEK_10,0,3,3,1,1,C,0
agglomerative,22876,22876_RFMXOBNA_1,0,1,4,0,1,D,1
agglomerative,22876,22876_RFMXOBNA_2,1,4,1,0,1,A,1
agglomerative,22876,22876_RFMXOBNA_3,0,1,1,1,1,A,1
agglomerative,22876,22876_RFMXOBNA_4,0,1,1,1,1,A,1
agglomerative,22876,22876_RFMXOBNA_5,0,2,2,1,1,B,1
agglomerative,22876,22876_RFMXOBNA_6,1,4,3,0,1,C,1
agglomerative,22876,22876_RFMXOBNA_7,0,2,2,1,1,B,1
agglomerative,22876,22876_RFMXOBNA_8,1,2,2,1,1,B,1
agglomerative,22876,22876_RFMXOBNA_9,0,2,2,1,1,B,1
agglomerative,22876,22876_RFMXOBNA_10,0,1,1,1,1,A,1
agglomerative,22073,22073_KJM8YN1V_1,1,4,4,1,1,D,1
agglomerative,22073,22073_KJM8YN1V_2,0,4,4,1,1,D,1
agglomerative,22073,22073_KJM8YN1V_3,0,2,3,0,1,C,1
agglomerative,22073,22073_KJM8YN1V_4,0,1,1,1,1,A,1
agglomerative,22073,22073_KJM8YN1V_5,1,3,1,0,1,A,1
agglomerative,22073,22073_KJM8YN1V_6,0,4,4,1,1,D,1
agglomerative,22073,22073_KJM8YN1V_7,1,2,3,0,1,C,1
agglomerative,22073,22073_KJM8YN1V_8,1,4,4,1,1,D,1
agglomerative,22073,22073_KJM8YN1V_9,1,2,4,0,1,D,1
agglomerative,22073,22073_KJM8YN1V_10,1,1,1,1,1,A,1
agglomerative,22102,22102_NZCNKEWF_1,1,4,1,0,1,A,0
agglomerative,22102,22102_NZCNKEWF_2,0,4,3,0,1,C,0
agglomerative,22102,22102_NZCNKEWF_3,1,3,3,1,1,C,0
agglomerative,22102,22102_NZCNKEWF_4,0,4,1,0,1,A,0
agglomerative,22102,22102_NZCNKEWF_5,1,2,2,1,1,B,0
agglomerative,22102,22102_NZCNKEWF_6,1,2,2,1,1,B,0
agglomerative,22102,22102_NZCNKEWF_7,1,3,1,0,1,A,0
agglomerative,22102,22102_NZCNKEWF_8,0,2,1,0,1,A,0
agglomerative,22218,22218_WHLS3NE4_1,0,1,1,1,1,A,1
agglomerative,22218,22218_WHLS3NE4_2,0,3,4,0,1,D,1
agglomerative,22218,22218_WHLS3NE4_3,0,4,3,0,1,C,1
agglomerative,22218,22218_WHLS3NE4_4,0,4,4,1,1,D,1
agglomerative,22218,22218_WHLS3NE4_5,1,1,3,0,1,C,1
agglomerative,22218,22218_WHLS3NE4_6,1,2,2,1,1,B,1
agglomerative,22218,22218_WHLS3NE4_7,1,3,3,1,1,C,1
agglomerative,22218,22218_WHLS3NE4_8,1,3,3,1,1,C,1
agglomerative,22218,22218_WHLS3NE4_9,1,4,4,1,1,D,1
agglomerative,22218,22218_WHLS3NE4_10,0,1,1,1,1,A,1
agglomerative,22346,22346_DOS3P3V1_1,1,1,4,0,1,D,1
agglomerative,22346,22346_DOS3P3V1_2,0,3,3,1,1,C,1
agglomerative,22346,22346_DOS3P3V1_3,0,4,4,1,1,D,1
agglomerative,22346,22346_DOS3P3V1_4,0,1,1,1,1,A,1
agglomerative,22346,22346_DOS3P3V1_5,0,3,3,1,1,C,1
agglomerative,22346,22346_DOS3P3V1_6,0,4,2,0,1,B,1
agglomerative,22346,22346_DOS3P3V1_7,0,3,3,1,1,C,1
agglomerative,22346,22346_DOS3P3V1_8,1,3,3,1,1,C,1
agglomerative,22346,22346_DOS3P3V1_9,1,4,3,0,1,C,1
agglomerative,22462,22462_BUA2LH2S_1,0,2,4,0,1,D,1
agglomerative,22462,22462_BUA2LH2S_2,1,4,4,1,1,D,1
agglomerative,22462,22462_BUA2LH2S_3,0,2,1,0,1,A,1
agglomerative,22462,22462_BUA2LH2S_4,1,4,4,1,1,D,1
agglomerative,22462,22462_BUA2LH2S_5,1,2,3,0,1,C,1
agglomerative,22524,22524_O8TC9MBX_1,1,2,2,1,1,B,1
agglomerative,22524,22524_O8TC9MBX_2,1,3,3,1,1,C,1
agglomerative,22524,22524_O8TC9MBX_3,0,4,1,0,1,A,1
agglomerative,22524,22524_O8TC9MBX_4,1,4,2,0,1,B,1
agglomerative,22524,22524_O8TC9MBX_5,0,4,4,1,1,D,1
agglomerative,22524,22524_O8TC9MBX_6,0,4,4,1,1,D,1
agglomerative,22524,22524_O8TC9MBX_7,1,2,4,0,1,D,1
agglomerative,22524,22524_O8TC9MBX_8,1,2,1,0,1,A,1
agglomerative,22524,22524_O8TC9MBX_9,0,4,2,0,1,B,1
agglomerative,22524,22524_O8TC9MBX_10,0,3,2,0,1,B,1
agglomerative,22579,22579_U2JO4GD0_1,1,2,1,0,1,A,1
agglomerative,22579,22579_U2JO4GD0_2,1,3,3,1,1,C,1
agglomerative,22579,22579_U2JO4GD0_3,1,2,2,1,1,B,1
agglomerative,22579,22579_U2JO4GD0_4,1,4,3,0,1,C,1
agglomerative,22579,22579_U2JO4GD0_5,0,2,2,1,1,B,1
agglomerative,22579,22579_U2JO4GD0_6,1,1,3,0,1,C,1
agglomerative,22579,22579_U2JO4GD0_7,1,4,3,0,1,C,1
agglomerative,22579,22579_U2JO4GD0_8,0,4,2,0,1,B,1
agglomerative,22579,22579_U2JO4GD0_9,1,2,3,0,1,C,1
agglomerative,22958,22958_8T1HU0MH_1,0,4,2,0,1,B,1
agglomerative,22958,22958_8T1HU0MH_2,0,2,3,0,1,C,1
agglomerative,22958,22958_8T1HU0MH_3,0,2,1,0,1,A,1
agglomerative,22958,22958_8T1HU0MH_4,1,3,1,0,1,A,1
agglomerative,22958,22958_8T1HU0MH_5,0,1,1,1,1,A,1
agglomerative,22958,22958_8T1HU0MH_6,0,4,4,1,1,D,1
agglomerative,22958,22958_8T1HU0MH_7,0,1,4,0,1,D,1
agglomerative,22958,22958_8T1HU0MH_8,0,4,4,1,1,D,1
agglomerative,22958,22958_8T1HU0MH_9,1,4,4,1,1,D,1
agglomerative,22958,22958_8T1HU0MH_10,1,2,1,0,1,A,1
agglomerative,22966,22966_9EB51MJE_1,1,3,1,0,1,A,0
agglomerative,22966,22966_9EB51MJE_2,0,4,4,1,1,D,0
agglomerative,22966,22966_9EB51MJE_3,1,1,2,0,1,B,0
agglomerative,22966,22966_9EB51MJE_4,0,1,1,1,1,A,0
agglomerative,22966,22966_9EB51MJE_5,0,2,1,0,1,A,0
agglomerative,22966,22966_9EB51MJE_6,0,3,3,1,1,C,0
agglomerative,22966,22966_9EB51MJE_7,0,4,4,1,1,D,0
agglomerative,22966,22966_9EB51MJE_8,1,4,4,1,1,D,0
agglomerative,22966,22966_9EB51MJE_9,0,3,4,0,1,D,0
agglomerative,22967,22967_23S4S1XW_1,0,3,3,1,1,C,1
agglomerative,22967,22967_23S4S1XW_2,0,2,2,1,1,B,1
agglomerative,22967,22967_23S4S1XW_3,1,1,4,0,1,D,1
agglomerative,22967,22967_23S4S1XW_4,0,2,2,1,1,B,1
agglomerative,22967,22967_23S4S1XW_5,0,1,1,1,1,A,1
agglomerative,22967,22967_23S4S1XW_6,0,3,3,1,1,C,1
agglomerative,22967,22967_23S4S1XW_7,1,2,3,0,1,C,1
agglomerative,22967,22967_23S4S1XW_8,1,2,2,1,1,B,1
agglomerative,22967,22967_23S4S1XW_9,0,2,2,1,1,B,1
agglomerative,23104,23104_SRUMQVUD_1,1,2,2,1,1,B,1
agglomerative,23104,23104_SRUMQVUD_2,1,3,2,0,1,B,1
agglomerative,23104,23104_SRUMQVUD_3,1,3,3,1,1,C,1
agglomerative,23104,23104_SRUMQVUD_4,0,2,4,0,1,D,1
agglomerative,23104,23104_SRUMQVUD_5,1,4,1,0,1,A,1
agglomerative,23104,23104_SRUMQVUD_6,1,1,3,0,1,C,1
agglomerative,23104,23104_SRUMQVUD_7,1,2,3,0,1,C,1
agglomerative,23160,23160_I33FJB5C_1,1,3,1,0,1,A,0
agglomerative,23160,23160_I33FJB5C_2,0,1,1,1,1,A,0
agglomerative,23160,23160_I33FJB5C_3,0,1,1,1,1,A,0
agglomerative,23160,23160_I33FJB5C_4,0,4,4,1,1,D,0
agglomerative,23160,23160_I33FJB5C_5,1,3,3,1,1,C,0
agglomerative,23160,23160_I33FJB5C_6,0,1,1,1,1,A,0
agglomerative,23160,23160_I33FJB5C_7,0,4,2,0,1,B,0
agglomerative,23160,23160_I33FJB5C_8,0,2,2,1,1,B,0
agglomerative,23160,23160_I33FJB5C_9,1,3,1,0,1,A,0
agglomerative,23563,23563_HRCOMZPJ_1,0,1,1,1,1,A,0
agglomerative,23563,23563_HRCOMZPJ_2,1,3,4,0,1,D,0
agglomerative,23563,23563_HRCOMZPJ_3,0,4,2,0,1,B,0
agglomerative,23563,23563_HRCOMZPJ_4,1,3,2,0,1,B,0
agglomerative,23563,23563_HRCOMZPJ_5,1,1,2,0,1,B,0
agglomerative,23563,23563_HRCOMZPJ_6,1,2,2,1,1,B,0
agglomerative,23563,23563_HRCOMZPJ_7,0,4,1,0,1,A,0
agglomerative,23563,23563_HRCOMZPJ_8,0,4,4,1,1,D,0
agglomerative,23563,23563_HRCOMZPJ_9,1,2,2,1,1,B,0
agglomerative,23563,23563_HRCOMZPJ_10,1,1,3,0,1,C,0
agglomerative,24290,24290_VOTN7PR9_1,1,2,2,1,1,B,1
agglomerative,24290,24290_VOTN7PR9_2,0,3,3,1,1,C,1
agglomerative,24290,24290_VOTN7PR9_3,1,2,2,1,1,B,1
agglomerative,24290,24290_VOTN7PR9_4,1,2,2,1,1,B,1
agglomerative,24290,24290_VOTN7PR9_5,0,2,2,1,1,B,1
agglomerative,24290,24290_VOTN7PR9_6,0,4,2,0,1,B,1
agglomerative,24290,24290_VOTN7PR9_7,0,2,2,1,1,B,1
agglomerative,24290,24290_VOTN7PR9_8,0,2,2,1,1,B,1
agglomerative,24290,24290_VOTN7PR9_9,1,4,1,0,1,A,1
agglomerative,24290,24290_VOTN7PR9_10,1,3,4,0,1,D,1
agglomerative,31736,31736_TV0CUXDH_1,1,3,3,1,1,C,1
agglomerative,31736,31736_TV0CUXDH_2,0,3,1,0,1,A,1
agglomerative,31736,31736_TV0CUXDH_3,0,4,4,1,1,D,1
agglomerative,31736,31736_TV0CUXDH_4,1,1,1,1,1,A,1
agglomerative,31736,31736_TV0CUXDH_5,0,3,3,1,1,C,1
agglomerative,31736,31736_TV0CUXDH_6,1,3,3,1,1,C,1
agglomerative,31736,31736_TV0CUXDH_7,1,2,3,0,1,C,1
agglomerative,31736,31736_TV0CUXDH_8,1,4,4,1,1,D,1
agglomerative,31736,31736_TV0CUXDH_9,0,2,2,1,1,B,1
agglomerative,31736,31736_TV0CUXDH_10,1,2,2,1,1,B,1
agglomerative,59368,59368_LBNEJQ7W_1,0,2,2,1,1,B,0
agglomerative,59368,59368_LBNEJQ7W_2,0,1,1,1,1,A,0
agglomerative,59368,59368_LBNEJQ7W_3,0,2,2,1,1,B,0
agglomerative,59368,59368_LBNEJQ7W_4,0,2,2,1,1,B,0
agglomerative,59368,59368_LBNEJQ7W_5,1,3,3,1,1,C,0
agglomerative,59368,59368_LBNEJQ7W_6,1,2,2,1,1,B,0
agglomerative,59368,59368_LBNEJQ7W_7,0,3,3,1,1,C,0
agglomerative,59368,59368_LBNEJQ7W_8,0,1,1,1,1,A,0
agglomerative,59368,59368_LBNEJQ7W_9,1,1,1,1,1,A,0
agglomerative,59368,59368_LBNEJQ7W_10,0,2,3,0,1,C,0
agglomerative,59679,59679_R3X6H4RG_1,0,2,2,1,1,B,0
agglomerative,59679,59679_R3X6H4RG_2,0,4,4,1,1,D,0
agglomerative,59679,59679_R3X6H4RG_3,0,2,2,1,1,B,0
agglomerative,59679,59679_R3X6H4RG_4,1,2,2,1,1,B,0
agglomerative,59679,59679_R3X6H4RG_5,0,3,3,1,1,C,0
agglomerative,59679,59679_R3X6H4RG_6,0,4,4,1,1,D,0
agglomerative,59679,59679_R3X6H4RG_7,1,2,2,1,1,B,0
agglomerative,59679,59679_R3X6H4RG_8,0,2,2,1,1,B,0
agglomerative,59679,59679_R3X6H4RG_9,0,2,2,1,1,B,0
agglomerative,59679,59679_R3X6H4RG_10,0,1,1,1,1,A,0
agglomerative,31282,31282_V88KC9HV_1,0,1,3,0,1,C,1
agglomerative,31282,31282_V88KC9HV_2,1,3,2,0,1,B,1
agglomerative,31282,31282_V88KC9HV_3,0,2,2,1,1,B,1
agglomerative,31282,31282_V88KC9HV_4,0,3,4,0,1,D,1
agglomerative,31282,31282_V88KC9HV_5,0,1,1,1,1,A,1
agglomerative,31282,31282_V88KC9HV_6,1,4,1,0,1,A,1
agglomerative,31282,31282_V88KC9HV_7,0,3,2,0,1,B,1
agglomerative,31282,31282_V88KC9HV_8,0,2,2,1,1,B,1
agglomerative,60897,60897_TMYJD4UO_1,0,2,2,1,1,B,0
agglomerative,60897,60897_TMYJD4UO_2,0,4,4,1,1,D,0
agglomerative,60897,60897_TMYJD4UO_3,0,1,1,1,1,A,0
agglomerative,60897,60897_TMYJD4UO_4,0,2,2,1,1,B,0
agglomerative,60897,60897_TMYJD4UO_5,1,2,2,1,1,B,0
agglomerative,60897,60897_TMYJD4UO_6,1,1,3,0,1,C,0
agglomerative,60897,60897_TMYJD4UO_7,0,2,2,1,1,B,0
agglomerative,60897,60897_TMYJD4UO_8,0,2,2,1,1,B,0
agglomerative,60897,60897_TMYJD4UO_9,1,2,4,0,1,D,0
agglomerative,60897,60897_TMYJD4UO_10,0,2,2,1,1,B,0
agglomerative,31599,31599_F0FBY5RW_1,0,4,4,1,1,D,1
agglomerative,31599,31599_F0FBY5RW_2,0,3,3,1,1,C,1
agglomerative,31599,31599_F0FBY5RW_3,0,4,1,0,1,A,1
agglomerative,31599,31599_F0FBY5RW_4,0,4,4,1,1,D,1
agglomerative,31599,31599_F0FBY5RW_5,0,4,1,0,1,A,1
agglomerative,31599,31599_F0FBY5RW_6,0,1,4,0,1,D,1
agglomerative,31599,31599_F0FBY5RW_7,1,2,2,1,1,B,1
agglomerative,31599,31599_F0FBY5RW_8,0,3,3,1,1,C,1
agglomerative,31599,31599_F0FBY5RW_9,1,4,3,0,1,C,1
agglomerative,31599,31599_F0FBY5RW_10,0,2,2,1,1,B,1
agglomerative,60745,60745_RWAY1IZC_1,0,3,3,1,1,C,0
agglomerative,60745,60745_RWAY1IZC_2,0,2,2,1,1,B,0
agglomerative,60745,60745_RWAY1IZC_3,0,3,3,1,1,C,0
agglomerative,60745,60745_RWAY1IZC_4,0,3,3,1,1,C,0
agglomerative,60745,60745_RWAY1IZC_5,0,4,4,1,1,D,0
agglomerative,60745,60745_RWAY1IZC_6,0,2,2,1,1,B,0
agglomerative,60745,60745_RWAY1IZC_7,1,3,4,0,1,D,0
agglomerative,60745,60745_RWAY1IZC_8,1,1,4,0,1,D,0
agglomerative,60745,60745_RWAY1IZC_9,1,3,3,1,1,C,0
agglomerative,60745,60745_RWAY1IZC_10,0,4,2,0,1,B,0
agglomerative,99905,99905_QYORRUOH_1,0,4,4,1,1,D,0
agglomerative,99905,99905_QYORRUOH_2,0,3,3,1,1,C,0
agglomerative,99905,99905_QYORRUOH_3,0,3,4,0,1,D,0
agglomerative,99905,99905_QYORRUOH_4,0,4,4,1,1,D,0
agglomerative,99905,99905_QYORRUOH_5,0,3,3,1,1,C,0
agglomerative,99905,99905_QYORRUOH_6,0,1,1,1,1,A,0
agglomerative,99905,99905_QYORRUOH_7,0,3,3,1,1,C,0
agglomerative,99905,99905_QYORRUOH_8,0,3,3,1,1,C,0
agglomerative,99905,99905_QYORRUOH_9,0,1,1,1,1,A,0
agglomerative,99905,99905_QYORRUOH_10,1,1,1,1,1,A,0
agglomerative,99922,99922_8K2STYPN_1,0,1,1,1,1,A,0
agglomerative,99922,99922_8K2STYPN_2,1,1,1,1,1,A,0
agglomerative,99922,99922_8K2STYPN_3,0,2,2,1,1,B,0
agglomerative,99922,99922_8K2STYPN_4,0,3,3,1,1,C,0
agglomerative,99922,99922_8K2STYPN_5,0,3,3,1,1,C,0
agglomerative,99922,99922_8K2STYPN_6,0,3,3,1,1,C,0
agglomerative,99922,99922_8K2STYPN_7,0,3,3,1,1,C,0
agglomerative,99922,99922_8K2STYPN_8,0,3,3,1,1,C,0
agglomerative,99922,99922_8K2STYPN_9,0,2,2,1,1,B,0
agglomerative,99916,99916_ULFZL0CC_1,0,2,4,0,1,D,0
agglomerative,99916,99916_ULFZL0CC_2,0,3,3,1,1,C,0
agglomerative,99916,99916_ULFZL0CC_3,0,2,2,1,1,B,0
agglomerative,99916,99916_ULFZL0CC_4,0,4,4,1,1,D,0
agglomerative,99916,99916_ULFZL0CC_5,1,3,3,1,1,C,0
agglomerative,99916,99916_ULFZL0CC_6,0,4,4,1,1,D,0
agglomerative,99916,99916_ULFZL0CC_7,0,4,4,1,1,D,0
agglomerative,99916,99916_ULFZL0CC_8,0,3,3,1,1,C,0
agglomerative,99916,99916_ULFZL0CC_9,1,2,2,1,1,B,0
agglomerative,99915,99915_NW2IQJGC_1,0,2,2,1,1,B,0
agglomerative,99915,99915_NW2IQJGC_2,0,2,2,1,1,B,0
agglomerative,99915,99915_NW2IQJGC_3,1,2,2,1,1,B,0
agglomerative,99915,99915_NW2IQJGC_4,0,4,4,1,1,D,0
agglomerative,99915,99915_NW2IQJGC_5,0,1,1,1,1,A,0
agglomerative,99915,99915_NW2IQJGC_6,0,2,2,1,1,B,0
agglomerative,99915,99915_NW2IQJGC_7,0,1,1,1,1,A,0
agglomerative,99915,99915_NW2IQJGC_8,0,4,4,1,1,D,0
agglomerative,99915,99915_NW2IQJGC_9,0,3,3,1,1,C,0
agglomerative,99915,99915_NW2IQJGC_10,1,3,3,1,1,C,0
agglomerative,99919,99919_OU3CCO1D_1,0,2,2,1,1,B,0
agglomerative,99919,99919_OU3CCO1D_2,0,1,1,1,1,A,0
agglomerative,99919,99919_OU3CCO1D_3,0,1,1,1,1,A,0
agglomerative,99919,99919_OU3CCO1D_4,0,4,4,1,1,D,0
agglomerative,99919,99919_OU3CCO1D_5,1,1,1,1,1,A,0
agglomerative,99919,99919_OU3CCO1D_6,0,2,2,1,1,B,0
agglomerative,99919,99919_OU3CCO1D_7,0,2,2,1,1,B,0
agglomerative,99919,99919_OU3CCO1D_8,0,1,1,1,1,A,0
agglomerative,99919,99919_OU3CCO1D_9,1,2,2,1,1,B,0
agglomerative,99930,99930_RTKM04NA_1,0,4,4,1,1,D,0
agglomerative,99930,99930_RTKM04NA_2,0,2,2,1,1,B,0
agglomerative,99930,99930_RTKM04NA_3,0,4,4,1,1,D,0
agglomerative,99930,99930_RTKM04NA_4,0,2,2,1,1,B,0
agglomerative,99930,99930_RTKM04NA_5,0,4,4,1,1,D,0
agglomerative,99930,99930_RTKM04NA_6,1,3,3,1,1,C,0
agglomerative,99930,99930_RTKM04NA_7,0,4,3,0,1,C,0
agglomerative,99930,99930_RTKM04NA_8,0,3,3,1,1,C,0
agglomerative,99930,99930_RTKM04NA_9,0,4,4,1,1,D,0
agglomerative,99930,99930_RTKM04NA_10,0,1,1,1,1,A,0
agglomerative,99927,99927_EVLEI3Q2_1,0,2,2,1,1,B,0
agglomerative,99927,99927_EVLEI3Q2_2,0,2,2,1,1,B,0
agglomerative,99927,99927_EVLEI3Q2_3,0,1,1,1,1,A,0
agglomerative,99927,99927_EVLEI3Q2_4,1,4,4,1,1,D,0
agglomerative,99927,99927_EVLEI3Q2_5,0,4,4,1,1,D,0
agglomerative,99927,99927_EVLEI3Q2_6,0,3,3,1,1,C,0
agglomerative,99927,99927_EVLEI3Q2_7,1,4,4,1,1,D,0
agglomerative,99927,99927_EVLEI3Q2_8,0,2,2,1,1,B,0
agglomerative,99929,99929_HT54BDU8_1,1,1,1,1,1,A,0
agglomerative,99929,99929_HT54BDU8_2,0,3,3,1,1,C,0
agglomerative,99929,99929_HT54BDU8_3,1,1,1,1,1,A,0
agglomerative,99929,99929_HT54BDU8_4,0,2,2,1,1,B,0
agglomerative,99929,99929_HT54BDU8_5,0,3,3,1,1,C,0
agglomerative,99929,99929_HT54BDU8_6,0,2,2,1,1,B,0
agglomerative,99929,99929_HT54BDU8_7,0,1,4,0,1,D,0
agglomerative,99929,99929_HT54BDU8_8,1,3,3,1,1,C,0
agglomerative,99911,99911_QGCJUM40_1,0,2,2,1,1,B,0
agglomerative,99911,99911_QGCJUM40_2,0,2,2,1,1,B,0
agglomerative,99911,99911_QGCJUM40_3,0,4,4,1,1,D,0
agglomerative,99911,99911_QGCJUM40_4,1,3,3,1,1,C,0
agglomerative,99911,99911_QGCJUM40_5,0,1,1,1,1,A,0
agglomerative,99911,99911_QGCJUM40_6,0,4,4,1,1,D,0
agglomerative,99911,99911_QGCJUM40_7,0,4,4,1,1,D,0
agglomerative,99911,99911_QGCJUM40_8,0,1,1,1,1,A,0
agglomerative,99911,99911_QGCJUM40_9,0,1,1,1,1,A,0
agglomerative,99911,99911_QGCJUM40_10,1,1,1,1,1,A,0
agglomerative,99914,99914_MT4095UT_1,0,1,1,1,1,A,0
agglomerative,99914,99914_MT4095UT_2,0,3,3,1,1,C,0
agglomerative,99914,99914_MT4095UT_3,0,4,4,1,1,D,0
agglomerative,99914,99914_MT4095UT_4,0,3,3,1,1,C,0
agglomerative,99914,99914_MT4095UT_5,0,3,3,1,1,C,0
agglomerative,99914,99914_MT4095UT_6,0,3,3,1,1,C,0
agglomerative,99914,99914_MT4095UT_7,0,4,4,1,1,D,0
agglomerative,99914,99914_MT4095UT_8,0,3,3,1,1,C,0
agglomerative,99914,99914_MT4095UT_9,1,4,4,1,1,D,0
agglomerative,99914,99914_MT4095UT_10,1,1,1,1,1,A,0
agglomerative,24290,24290_66ER3O5Z_1,1,4,3,0,1,C,1
agglomerative,24290,24290_66ER3O5Z_2,0,3,3,1,1,C,1
agglomerative,24290,24290_66ER3O5Z_3,1,1,1,1,1,A,1
agglomerative,24290,24290_66ER3O5Z_4,0,4,3,0,1,C,1
agglomerative,24290,24290_66ER3O5Z_5,1,3,2,0,1,B,1
agglomerative,24290,24290_66ER3O5Z_6,1,4,3,0,1,C,1
agglomerative,31736,31736_9W69Z6VQ_1,0,1,2,0,1,B,1
agglomerative,31736,31736_9W69Z6VQ_2,0,4,4,1,1,D,1
agglomerative,31736,31736_9W69Z6VQ_3,1,3,3,1,1,C,1
agglomerative,31736,31736_9W69Z6VQ_4,0,4,3,0,1,C,1
agglomerative,31736,31736_9W69Z6VQ_5,1,1,1,1,1,A,1
agglomerative,31736,31736_9W69Z6VQ_6,0,3,4,0,1,D,1
agglomerative,31736,31736_9W69Z6VQ_7,0,3,3,1,1,C,1
agglomerative,31736,31736_9W69Z6VQ_8,0,3,3,1,1,C,1
agglomerative,31736,31736_9W69Z6VQ_9,0,4,1,0,1,A,1
agglomerative,31736,31736_9W69Z6VQ_10,1,3,3,1,1,C,1
agglomerative,59368,59368_ZBH0NQ5U_1,1,3,3,1,1,C,0
agglomerative,59368,59368_ZBH0NQ5U_2,0,1,1,1,1,A,0
agglomerative,59368,59368_ZBH0NQ5U_3,0,1,4,0,1,D,0
agglomerative,59368,59368_ZBH0NQ5U_4,0,4,4,1,1,D,0
agglomerative,59368,59368_ZBH0NQ5U_5,0,2,3,0,1,C,0
agglomerative,59368,59368_ZBH0NQ5U_6,1,3,2,0,1,B,0
agglomerative,59368,59368_ZBH0NQ5U_7,0,3,1,0,1,A,0
agglomerative,59368,59368_ZBH0NQ5U_8,0,2,2,1,1,B,0
agglomerative,59368,59368_ZBH0NQ5U_9,0,4,4,1,1,D,0
agglomerative,59368,59368_ZBH0NQ5U_10,1,3,2,0,1,B,0
agglomerative,59679,59679_LHYOIDR5_1,0,4,4,1,1,D,0
agglomerative,59679,59679_LHYOIDR5_2,1,3,3,1,1,C,0
agglomerative,59679,59679_LHYOIDR5_3,0,4,4,1,1,D,0
agglomerative,59679,59679_LHYOIDR5_4,1,3,3,1,1,C,0
agglomerative,59679,59679_LHYOIDR5_5,1,2,2,1,1,B,0
agglomerative,59679,59679_LHYOIDR5_6,0,3,3,1,1,C,0
agglomerative,59679,59679_LHYOIDR5_7,1,1,1,1,1,A,0
agglomerative,59679,59679_LHYOIDR5_8,1,1,1,1,1,A,0
agglomerative,59679,59679_LHYOIDR5_9,1,2,2,1,1,B,0
agglomerative,31282,31282_BQYW9TCH_1,0,1,1,1,1,A,1
agglomerative,31282,31282_BQYW9TCH_2,0,3,3,1,1,C,1
agglomerative,31282,31282_BQYW9TCH_3,1,2,2,1,1,B,1
agglomerative,31282,31282_BQYW9TCH_4,1,4,1,0,1,A,1
agglomerative,31282,31282_BQYW9TCH_5,1,3,1,0,1,A,1
agglomerative,31282,31282_BQYW9TCH_6,0,2,2,1,1,B,1
agglomerative,31282,31282_BQYW9TCH_7,0,1,4,0,1,D,1
agglomerative,31282,31282_BQYW9TCH_8,0,3,2,0,1,B,1
agglomerative,31282,31282_BQYW9TCH_9,0,2,2,1,1,B,1
agglomerative,31282,31282_BQYW9TCH_10,1,3,2,0,1,B,1
agglomerative,60897,60897_628POLKP_1,1,1,3,0,1,C,0
agglomerative,60897,60897_628POLKP_2,0,1,4,0,1,D,0
agglomerative,60897,60897_628POLKP_3,0,1,1,1,1,A,0
agglomerative,60897,60897_628POLKP_4,0,4,4,1,1,D,0
agglomerative,60897,60897_628POLKP_5,1,2,4,0,1,D,0
agglomerative,60897,60897_628POLKP_6,0,2,2,1,1,B,0
agglomerative,60897,60897_628POLKP_7,1,1,1,1,1,A,0
agglomerative,60897,60897_628POLKP_8,0,3,3,1,1,C,0
agglomerative,31599,31599_Z1URZQTV_1,0,2,2,1,1,B,1
agglomerative,31599,31599_Z1URZQTV_2,0,2,4,0,1,D,1
agglomerative,31599,31599_Z1URZQTV_3,0,4,4,1,1,D,1
agglomerative,31599,31599_Z1URZQTV_4,0,4,4,1,1,D,1
agglomerative,31599,31599_Z1URZQTV_5,0,1,1,1,1,A,1
agglomerative,31599,31599_Z1URZQTV_6,0,2,2,1,1,B,1
agglomerative,31599,31599_Z1URZQTV_7,0,4,4,1,1,D,1
agglomerative,31599,31599_Z1URZQTV_8,0,1,1,1,1,A,1
agglomerative,31599,31599_Z1URZQTV_9,1,1,1,1,1,A,1
agglomerative,31599,31599_Z1URZQTV_10,1,2,2,1,1,B,1
agglomerative,60745,60745_U9M4CL5M_1,1,3,2,0,1,B,0
agglomerative,60745,60745_U9M4CL5M_2,1,4,1,0,1,A,0
agglomerative,60745,60745_U9M4CL5M_3,0,2,1,0,1,A,0
agglomerative,60745,60745_U9M4CL5M_4,1,3,3,1,1,C,0
agglomerative,60745,60745_U9M4CL5M_5,1,4,4,1,1,D,0
agglomerative,60745,60745_U9M4CL5M_6,0,2,1,0,1,A,0
agglomerative,60745,60745_U9M4CL5M_7,1,3,3,1,1,C,0
agglomerative,60745,60745_U9M4CL5M_8,0,3,3,1,1,C,0
agglomerative,60745,60745_U9M4CL5M_9,1,3,1,0,1,A,0
agglomerative,60745,60745_U9M4CL5M_10,0,3,3,1,1,C,0
agglomerative,99905,99905_RJIO1V5X_1,0,2,2,1,1,B,0
agglomerative,99905,99905_RJIO1V5X_2,1,2,2,1,1,B,0
agglomerative,99905,99905_RJIO1V5X_3,1,3,3,1,1,C,0
agglomerative,99905,99905_RJIO1V5X_4,0,4,4,1,1,D,0
agglomerative,99905,99905_RJIO1V5X_5,0,1,4,0,1,D,0
agglomerative,99905,99905_RJIO1V5X_6,1,1,3,0,1,C,0
agglomerative,99905,99905_RJIO1V5X_7,0,1,4,0,1,D,0
agglomerative,99905,99905_RJIO1V5X_8,0,1,1,1,1,A,0
agglomerative,99905,99905_RJIO1V5X_9,1,3,2,0,1,B,0
agglomerative,99922,99922_ELKW21SF_1,0,4,4,1,1,D,0
agglomerative,99922,99922_ELKW21SF_2,0,2,2,1,1,B,0
agglomerative,99922,99922_ELKW21SF_3,0,3,3,1,1,C,0
agglomerative,99922,99922_ELKW21SF_4,0,1,1,1,1,A,0
agglomerative,99922,99922_ELKW21SF_5,0,3,1,0,1,A,0
agglomerative,99922,99922_ELKW21SF_6,1,2,2,1,1,B,0
agglomerative,99922,99922_ELKW21SF_7,1,1,3,0,1,C,0
agglomerative,99922,99922_ELKW21SF_8,0,1,1,1,1,A,0
agglomerative,99922,99922_ELKW21SF_9,0,4,4,1,1,D,0
agglomerative,99916,99916_T5VD7GB9_1,0,2,2,1,1,B,0
agglomerative,99916,99916_T5VD7GB9_2,0,2,2,1,1,B,0
agglomerative,99916,99916_T5VD7GB9_3,0,4,4,1,1,D,0
agglomerative,99916,99916_T5VD7GB9_4,0,1,1,1,1,A,0
agglomerative,99916,99916_T5VD7GB9_5,0,1,1,1,1,A,0
agglomerative,99916,99916_T5VD7GB9_6,1,3,3,1,1,C,0
agglomerative,99916,99916_T5VD7GB9_7,0,2,2,1,1,B,0
agglomerative,99916,99916_T5VD7GB9_8,0,3,3,1,1,C,0
agglomerative,99916,99916_T5VD7GB9_9,0,2,2,1,1,B,0
agglomerative,99915,99915_WLTSM0QE_1,1,1,2,0,1,B,0
agglomerative,99915,99915_WLTSM0QE_2,0,2,3,0,1,C,0
agglomerative,99915,99915_WLTSM0QE_3,0,1,1,1,1,A,0
agglomerative,99915,99915_WLTSM0QE_4,1,3,3,1,1,C,0
agglomerative,99915,99915_WLTSM0QE_5,0,1,1,1,1,A,0
agglomerative,99915,99915_WLTSM0QE_6,0,3,3,1,1,C,0
agglomerative,99915,99915_WLTSM0QE_7,0,1,1,1,1,A,0
agglomerative,99915,99915_WLTSM0QE_8,0,2,2,1,1,B,0
agglomerative,99915,99915_WLTSM0QE_9,1,2,2,1,1,B,0
agglomerative,99919,99919_N8V2WS3L_1,1,3,3,1,1,C,0
agglomerative,99919,99919_N8V2WS3L_2,0,4,4,1,1,D,0
agglomerative,99919,99919_N8V2WS3L_3,0,2,2,1,1,B,0
agglomerative,99919,99919_N8V2WS3L_4,0,1,1,1,1,A,0
agglomerative,99919,99919_N8V2WS3L_5,0,4,4,1,1,D,0
agglomerative,99919,99919_N8V2WS3L_6,1,4,1,0,1,A,0
agglomerative,99919,99919_N8V2WS3L_7,0,3,3,1,1,C,0
agglomerative,99919,99919_N8V2WS3L_8,0,4,4,1,1,D,0
agglomerative,99919,99919_N8V2WS3L_9,1,4,4,1,1,D,0
agglomerative,99919,99919_N8V2WS3L_10,0,2,2,1,1,B,0
agglomerative,99930,99930_89JAO8MF_1,0,2,2,1,1,B,0
agglomerative,99930,99930_89JAO8MF_2,0,2,2,1,1,B,0
agglomerative,99930,99930_89JAO8MF_3,1,3,4,0,1,D,0
agglomerative,99930,99930_89JAO8MF_4,0,4,4,1,1,D,0
agglomerative,99930,99930_89JAO8MF_5,0,1,1,1,1,A,0
agglomerative,99930,99930_89JAO8MF_6,1,1,1,1,1,A,0
agglomerative,99930,99930_89JAO8MF_7,0,3,3,1,1,C,0
agglomerative,99930,99930_89JAO8MF_8,0,1,1,1,1,A,0
agglomerative,99927,99927_6CQ363XM_1,0,4,4,1,1,D,0
agglomerative,99927,99927_6CQ363XM_2,1,4,2,0,1,B,0
agglomerative,99927,99927_6CQ363XM_3,1,4,4,1,1,D,0
agglomerative,99927,99927_6CQ363XM_4,0,1,1,1,1,A,0
agglomerative,99927,99927_6CQ363XM_5,0,2,2,1,1,B,0
agglomerative,99927,99927_6CQ363XM_6,0,4,4,1,1,D,0
agglomerative,99927,99927_6CQ363XM_7,0,2,2,1,1,B,0
agglomerative,99927,99927_6CQ363XM_8,0,1,1,1,1,A,0
agglomerative,99927,99927_6CQ363XM_9,1,3,3,1,1,C,0
agglomerative,99927,99927_6CQ363XM_10,1,3,3,1,1,C,0
agglomerative,99929,99929_7KT0XBKY_1,0,4,4,1,1,D,0
agglomerative,99929,99929_7KT0XBKY_2,0,3,3,1,1,C,0
agglomerative,99929,99929_7KT0XBKY_3,0,3,3,1,1,C,0
agglomerative,99929,99929_7KT0XBKY_4,1,2,2,1,1,B,0
agglomerative,99929,99929_7KT0XBKY_5,1,4,4,1,1,D,0
agglomerative,99929,99929_7KT0XBKY_6,0,2,2,1,1,B,0
agglomerative,99929,99929_7KT0XBKY_7,0,3,3,1,1,C,0
agglomerative,99929,99929_7KT0XBKY_8,0,3,3,1,1,C,0
agglomerative,99929,99929_7KT0XBKY_9,0,3,3,1,1,C,0
agglomerative,99911,99911_450M4XO8_1,0,2,2,1,1,B,0
agglomerative,99911,99911_450M4XO8_2,1,2,2,1,1,B,0
agglomerative,99911,99911_450M4XO8_3,0,4,4,1,1,D,0
agglomerative,99911,99911_450M4XO8_4,0,3,3,1,1,C,0
agglomerative,99911,99911_450M4XO8_5,0,4,4,1,1,D,0
agglomerative,99911,99911_450M4XO8_6,0,3,3,1,1,C,0
agglomerative,99911,99911_450M4XO8_7,0,4,4,1,1,D,0
agglomerative,99911,99911_450M4XO8_8,0,1,1,1,1,A,0
agglomerative,99911,99911_450M4XO8_9,0,4,4,1,1,D,0
agglomerative,99911,99911_450M4XO8_10,0,3,3,1,1,C,0
agglomerative,99914,99914_0Q5X8VEX_1,0,4,2,0,1,B,0
agglomerative,99914,99914_0Q5X8VEX_2,0,4,4,1,1,D,0
agglomerative,99914,99914_0Q5X8VEX_3,1,4,4,1,1,D,0
agglomerative,99914,99914_0Q5X8VEX_4,1,4,4,1,1,D,0
agglomerative,99914,99914_0Q5X8VEX_5,1,2,3,0,1,C,0
agglomerative,99914,99914_0Q5X8VEX_6,0,2,2,1,1,B,0
agglomerative,99914,99914_0Q5X8VEX_7,0,4,4,1,1,D,0
