method,paper_id,question_id,question,predicted,f1,rouge_l,bleu,answer_type,n_references,tree_layers,tree_nodes,build_time_sec
kmeans,1909.00694,753990d0b621d390ed58f20c4d9e4f065f0dc672,What is the seed lexicon?,The seed lexicon consists of 15 positive words and 15 negative words.,0.7368,0.7368,0.2699,extractive,2,1,51,15.14
kmeans,1909.00694,9d578ddccc27dd849244d632dd0f6bf27348ad81,What are the results?,The results are shown in Table TABREF16.,0.0,0.0,0.0,abstractive,1,1,51,15.14
kmeans,1909.00694,02e4bf719b1a504e385c35c6186742e720bcb281,How are relations used to propagate polarity?,"Discourse relations, particularly Cause and Concession, are used to propagate polarity. If events \(x_1\) and \(x_2\) are in a Cause relation, the polarity of \(x_2\) can be propagated to \(x_",0.3111,0.2222,0.0434,abstractive,2,1,51,15.14
kmeans,1909.00694,44c4bd6decc86f1091b5fc0728873d9324cdde4e,How big is the Japanese data?,"100,000",0.0,0.0,0.0,abstractive,2,1,51,15.14
kmeans,1909.00694,86abeff85f3db79cf87a8c993e5e5aa61226dc98,What are labels available in dataset for supervision?,positive and negative,0.8,0.4,0.4082,extractive,1,1,51,15.14
kmeans,1909.00694,c029deb7f99756d2669abad0a349d917428e9c12,How big are improvements of supervszed learning results trained on smalled labeled data enhanced with proposed approach ,Unanswerable,0.0,0.0,0.0,abstractive,1,1,51,15.14
kmeans,1909.00694,39f8db10d949c6b477fa4b51e7c184016505884f,How does their model learn using mostly raw data?,"Their model learns using a small seed lexicon and a large raw corpus to identify event pairs, exploiting discourse relations to propagate affective polarity from seed predicates to other events.",0.4762,0.4762,0.25,abstractive,1,1,51,15.14
kmeans,1909.00694,d0bc782961567dc1dd7e074b621a6d6be44bb5b4,How big is seed lexicon used for training?,30,0.6667,0.6667,0.3679,abstractive,1,1,51,15.14
kmeans,1909.00694,a592498ba2fac994cd6fad7372836f0adb37e22a,How large is raw corpus used for training?,Unanswerable,0.0,0.0,0.0,extractive,1,1,51,15.14
kmeans,2003.07723,3a9d391d25cde8af3334ac62d478b36b30079d74,Does the paper report macro F1?,Unanswerable,0.0,0.0,0.0,yes_no,2,1,104,25.78
kmeans,2003.07723,8d8300d88283c73424c8f301ad9fdd733845eb47,How is the annotation experiment evaluated?,The annotation experiment is evaluated by calculating agreement on the emotions between experts and an increasing group size from the crowd. This is done through repeated picking of two sets of 5 anno,0.1395,0.093,0.0221,extractive,1,1,104,25.78
kmeans,2003.07723,48b12eb53e2d507343f19b8a667696a39b719807,What are the aesthetic emotions formalized?,"Beauty/Joy, Sadness, Uneasiness, Vitality, Suspense, Awe/Sublime, Humor, Annoyance, and Nostalgia",0.0435,0.0435,0.0052,extractive,1,1,104,25.78
kmeans,1705.09665,003f884d3893532f8c302431c9f70be6f64d9be8,Do they report results only on English data?,Yes,0.0,0.0,0.0,yes_no,2,1,93,16.81
kmeans,1705.09665,bb97537a0a7c8f12a3f65eba73cefa6abcd2f2b2,How do the various social phenomena examined manifest in different types of communities?,"The various social phenomena examined manifest differently across communities, with some communities showing larger acculturation gaps between existing users and newcomers, which may hinder the integr",0.1404,0.1228,0.0096,abstractive,1,1,93,16.81
kmeans,1705.09665,eea089baedc0ce80731c8fdcb064b82f584f483a,What patterns do they observe about how user engagement varies with the characteristics of a community?,Communities with distinctive and highly dynamic identities are more likely to retain their users.,0.2143,0.1071,0.0101,extractive,1,1,93,16.81
kmeans,1705.09665,edb2d24d6d10af13931b3a47a6543bd469752f0c,How did the select the 300 Reddit communities for comparison?,Unanswerable,0.0,0.0,0.0,abstractive,2,1,93,16.81
kmeans,1705.09665,938cf30c4f1d14fa182e82919e16072fdbcf2a82,How do the authors measure how temporally dynamic a community is?,"The authors measure how temporally dynamic a community is by calculating the average volatility of all utterances in the community over time. Specifically, they define the dynamicity of a community as",0.2703,0.2703,0.1086,extractive,1,1,93,16.81
kmeans,1705.09665,93f4ad6568207c9bd10d712a52f8de25b3ebadd4,How do the authors measure how distinctive a community is?,"The authors measure how distinctive a community is by calculating the average specificity of all utterances in the community. Specifically, they define the distinctiveness of a community as ""the avera",0.2941,0.2941,0.1205,extractive,1,1,93,16.81
kmeans,1908.06606,71a7153e12879defa186bfb6dbafe79c74265e10,What data is the language model pretrained on?,Chinese general corpus,1.0,1.0,1.0,extractive,2,1,72,16.04
kmeans,1908.06606,85d1831c28d3c19c84472589a252e28e9884500f,What baselines is the proposed model compared against?,BERT-Base and QANet,0.8,0.8,0.4082,extractive,2,1,72,16.04
kmeans,1908.06606,1959e0ebc21fafdf1dd20c6ea054161ba7446f61,How is the clinical text structuring task defined?,Clinical text structuring (CTS) can be regarded to extract or generate a key-value pair where key \( Q \) is typically a query term such as proximal resection margin and value \( V \) is a result of q,0.2308,0.1731,0.0334,extractive,2,1,72,16.04
kmeans,1908.06606,77cf4379106463b6ebcb5eb8fa5bb25450fa5fb8,What are the specific tasks being unified?,Unanswerable,1.0,1.0,1.0,unanswerable,2,1,72,16.04
kmeans,1908.06606,06095a4dee77e9a570837b35fc38e77228664f91,"Is all text in this dataset a question, or are there unrelated sentences in between questions?",Unanswerable,0.0,0.0,0.0,abstractive,1,1,72,16.04
kmeans,1908.06606,19c9cfbc4f29104200393e848b7b9be41913a7ac,How many questions are in the dataset?,"2,714",1.0,1.0,1.0,abstractive,1,1,72,16.04
kmeans,1908.06606,6743c1dd7764fc652cfe2ea29097ea09b5544bc3,What is the perWhat are the tasks evaluated?,The tasks evaluated are Clinical Text Structuring (CTS) tasks.,0.0,0.0,0.0,unanswerable,1,1,72,16.04
kmeans,1908.06606,14323046220b2aea8f15fba86819cbccc389ed8b,Are there privacy concerns with clinical data?,Unanswerable,1.0,1.0,1.0,unanswerable,1,1,72,16.04
kmeans,1908.06606,08a5f8d36298b57f6a4fcb4b6ae5796dc5d944a4,How they introduce domain-specific features into pre-trained language model?,They propose an effective model to integrate clinical named entity information into pre-trained language model.,0.7826,0.7826,0.5956,extractive,1,1,72,16.04
kmeans,1908.06606,975a4ac9773a4af551142c324b64a0858670d06e,How big is QA-CTS task dataset?,Unanswerable,0.0,0.0,0.0,extractive,1,1,72,16.04
kmeans,1908.06606,326e08a0f5753b90622902bd4a9c94849a24b773,How big is dataset of pathology reports collected from Ruijing Hospital?,"17,833 sentences",0.4,0.4,0.0498,extractive,1,1,72,16.04
kmeans,1908.06606,bd78483a746fda4805a7678286f82d9621bc45cf,What are strong baseline models in specific tasks?,Unanswerable,0.0,0.0,0.0,extractive,1,1,72,16.04
kmeans,1811.00942,dd155f01f6f4a14f9d25afc97504aefdc6d29c13,What aspects have been compared between various language models?,"energy usage, latency, perplexity, and prediction accuracy",0.4762,0.1905,0.0859,abstractive,1,1,46,19.43
kmeans,1811.00942,a9d530d68fb45b52d9bad9da2cd139db5a4b2f7c,what classic language models are mentioned in the paper?,Kneser-Ney (KN) LMs,0.0,0.0,0.0,extractive,1,1,46,19.43
kmeans,1811.00942,e07df8f613dbd567a35318cd6f6f4cb959f5c82d,What is a commonly used evaluation metric for language models?,perplexity,1.0,1.0,1.0,extractive,2,1,46,19.43
kmeans,1805.02400,1a43df221a567869964ad3b275de30af2ac35598,Which dataset do they use a starting point in generating fake reviews?,Yelp Challenge dataset,1.0,1.0,1.0,extractive,2,1,150,19.61
kmeans,1805.02400,98b11f70239ef0e22511a3ecf6e413ecb726f954,Do they use a pretrained NMT model to help generating reviews?,Unanswerable,0.0,0.0,0.0,yes_no,2,1,150,19.61
kmeans,1805.02400,d4d771bcb59bab4f3eb9026cda7d182eb582027d,How does using NMT ensure generated reviews stay on topic?,"The authors ensure generated reviews stay on topic by incorporating a predefined context for each review, including the review rating, restaurant name, location, and food tags.",0.0,0.0,0.0,unanswerable,1,1,150,19.61
kmeans,1805.02400,12f1919a3e8ca460b931c6cacc268a926399dff4,What kind of model do they use for detection?,AdaBoost-based classifier consisting of 200 shallow decision trees (depth 2),0.3333,0.3333,0.1491,extractive,1,1,150,19.61
kmeans,1805.02400,cd1034c183edf630018f47ff70b48d74d2bb1649,Does their detection tool work better than human detection?,No,0.0,0.0,0.0,yes_no,1,1,150,19.61
kmeans,1805.02400,bd9930a613dd36646e2fc016b6eb21ab34c77621,How many reviews in total (both generated and true) do they evaluate on Amazon Mechanical Turk?,2010,0.0,0.0,0.0,extractive,1,1,150,19.61
kmeans,1907.05664,6e2ad9ad88cceabb6977222f5e090ece36aa84ea,Which baselines did they compare?,Unanswerable,0.0,0.0,0.0,extractive,2,1,52,41.08
kmeans,1907.05664,aacb0b97aed6fc6a8b471b8c2e5c4ddb60988bf5,How many attention layers are there in their model?,1,0.0,0.0,0.0,abstractive,1,1,52,41.08
kmeans,1907.05664,710c1f8d4c137c8dad9972f5ceacdbf8004db208,Is the explanation from saliency map correct?,No,1.0,1.0,1.0,yes_no,1,1,52,41.08
kmeans,1910.14497,47726be8641e1b864f17f85db9644ce676861576,How is embedding quality assessed?,Unanswerable,1.0,1.0,1.0,unanswerable,2,1,72,15.84
kmeans,1910.14497,8958465d1eaf81c8b781ba4d764a4f5329f026aa,What are the three measures of bias which are reduced in experiments?,"The context does not explicitly state the three specific measures of bias that were reduced in experiments. Therefore, the question is unanswerable based solely on the given information.",0.0,0.0,0.0,abstractive,1,1,72,15.84
kmeans,1910.14497,31b6544346e9a31d656e197ad01756813ee89422,What are the probabilistic observations which contribute to the more robust algorithm?,Conditional probabilities and neighborhood effects,0.0,0.0,0.0,unanswerable,1,1,72,15.84
kmeans,1912.02481,347e86893e8002024c2d10f618ca98e14689675f,What turn out to be more important high volume or high quality data?,High quality data.,0.2857,0.2857,0.2484,extractive,2,1,101,21.32
kmeans,1912.02481,10091275f777e0c2890c3ac0fd0a7d8e266b57cf,How much is model improved by massive data and how much by quality?,Unanswerable,1.0,1.0,1.0,unanswerable,1,1,101,21.32
kmeans,1912.02481,cbf1137912a47262314c94d36ced3232d5fa1926,What two architectures are used?,CWE and BERT,0.0,0.0,0.0,extractive,1,1,101,21.32
kmeans,1810.04528,519db0922376ce1e87fcdedaa626d665d9f3e8ce,Does this paper target European or Brazilian Portuguese?,Brazilian Portuguese,0.0,0.0,0.0,unanswerable,2,1,30,18.41
kmeans,1810.04528,99a10823623f78dbff9ccecb210f187105a196e9,What were the word embeddings trained on?,a large Portuguese corpus,1.0,1.0,1.0,extractive,1,1,30,18.41
kmeans,1810.04528,09f0dce416a1e40cc6a24a8b42a802747d2c9363,Which word embeddings are analysed?,word2vec,0.0,0.0,0.0,extractive,1,1,30,18.41
kmeans,2002.02224,ac706631f2b3fa39bf173cd62480072601e44f66,Did they experiment on this dataset?,No,1.0,1.0,1.0,yes_no,2,1,47,19.21
kmeans,2002.02224,8b71ede8170162883f785040e8628a97fc6b5bcb,How is quality of the citation measured?,F1-measure,0.0,0.0,0.0,extractive,1,1,47,19.21
kmeans,2002.02224,fa2a384a23f5d0fe114ef6a39dced139bddac20e,How big is the dataset?,"237,723",0.0,0.0,0.0,abstractive,1,1,47,19.21
kmeans,2003.07433,53712f0ce764633dbb034e550bb6604f15c0cacd,Do they evaluate only on English datasets?,Unanswerable,1.0,1.0,1.0,unanswerable,1,1,82,29.45
kmeans,2003.07433,0bffc3d82d02910d4816c16b390125e5df55fd01,Do the authors mention any possible confounds in this study?,Unanswerable,0.0,0.0,0.0,yes_no,1,1,82,29.45
kmeans,2003.07433,bdd8368debcb1bdad14c454aaf96695ac5186b09,How is the intensity of the PTSD established?,"The intensity of PTSD is established using a scale where No PTSD, Low Risk PTSD, Moderate Risk PTSD, and High Risk PTSD are assigned scores of 0, 1, 2, and 3 respectively.",0.6875,0.625,0.5123,abstractive,2,1,82,29.45
kmeans,2003.07433,3334f50fe1796ce0df9dd58540e9c08be5856c23,How is LIWC incorporated into this system?,"LIWC is incorporated into this system by developing a modified LIWC algorithm to estimate survey scores similar to sentiment category scores of naive LIWC, which is both explainable and trustworthy to",0.2642,0.2264,0.0456,extractive,2,1,82,29.45
kmeans,2003.07433,7081b6909cb87b58a7b85017a2278275be58bf60,How many twitter users are surveyed using the clinically validated survey?,210,1.0,1.0,1.0,extractive,1,1,82,29.45
kmeans,2003.07433,1870f871a5bcea418c44f81f352897a2f53d0971,Which clinically validated survey tools are used?,Unanswerable,0.0,0.0,0.0,extractive,1,1,82,29.45
kmeans,2003.12218,ce6201435cc1196ad72b742db92abd709e0f9e8d,Did they experiment with the dataset?,Yes,1.0,1.0,1.0,yes_no,1,1,30,18.49
kmeans,2003.12218,928828544e38fe26c53d81d1b9c70a9fb1cc3feb,What is the size of this dataset?,"29,500 documents",1.0,1.0,1.0,extractive,2,1,30,18.49
kmeans,2003.12218,4f243056e63a74d1349488983dc1238228ca76a7,Do they list all the named entity types present?,No,1.0,1.0,1.0,yes_no,1,1,30,18.49
kmeans,1904.09678,8f87215f4709ee1eb9ddcc7900c6c054c970160b,how is quality measured?,Unanswerable,1.0,1.0,1.0,unanswerable,2,1,17,13.7
kmeans,1904.09678,b04098f7507efdffcbabd600391ef32318da28b3,how many languages exactly is the sentiment lexica for?,1000+,0.0,0.0,0.0,unanswerable,1,1,17,13.7
kmeans,1904.09678,8fc14714eb83817341ada708b9a0b6b4c6ab5023,what sentiment sources do they compare with?,gold standard emoticon lexicon,0.1053,0.1053,0.0172,extractive,1,1,17,13.7
kmeans,2003.06651,d94ac550dfdb9e4bbe04392156065c072b9d75e1,Is the method described in this work a clustering-based method?,Yes,1.0,1.0,1.0,yes_no,2,1,94,16.79
kmeans,2003.06651,eeb6e0caa4cf5fdd887e1930e22c816b99306473,How are the different senses annotated/labeled? ,Prior systems used hypernyms to label the clusters.,0.0,0.0,0.0,extractive,1,1,94,16.79
kmeans,2003.06651,3c0eaa2e24c1442d988814318de5f25729696ef5,Was any extrinsic evaluation carried out?,Yes,1.0,1.0,1.0,yes_no,1,1,94,16.79
kmeans,1910.04269,dc1fe3359faa2d7daa891c1df33df85558bc461b,Does the model use both spectrogram images and raw waveforms as features?,No,1.0,1.0,1.0,yes_no,1,1,60,19.86
kmeans,1910.04269,922f1b740f8b13fdc8371e2a275269a44c86195e,Is the performance compared against a baseline model?,Unanswerable,0.0,0.0,0.0,yes_no,2,1,60,19.86
kmeans,1910.04269,b39f2249a1489a2cef74155496511cc5d1b2a73d,What is the accuracy reported by state-of-the-art methods?,96%,0.0,0.0,0.0,abstractive,1,1,60,19.86
kmeans,1906.00378,591231d75ff492160958f8aa1e6bfcbbcd85a776,Which vision-based approaches does this approach outperform?,previous vision-based approaches,0.0,0.0,0.0,extractive,1,1,67,28.55
kmeans,1906.00378,9e805020132d950b54531b1a2620f61552f06114,What baseline is used for the experimental setup?,CNN-mean,0.6667,0.6667,0.3679,extractive,1,1,67,28.55
kmeans,1906.00378,95abda842c4df95b4c5e84ac7d04942f1250b571,Which languages are used in the multi-lingual caption model?,"English, German, French, and Japanese",0.2222,0.2222,0.1797,extractive,2,1,67,28.55
kmeans,1912.13072,2419b38624201d678c530eba877c0c016cccd49f,Did they experiment on all the tasks?,Yes,1.0,1.0,1.0,yes_no,1,1,58,23.9
kmeans,1912.13072,b99d100d17e2a121c3c8ff789971ce66d1d40a4d,What models did they compare to?,Unanswerable,0.0,0.0,0.0,extractive,1,1,58,23.9
kmeans,1912.13072,578d0b23cb983b445b1a256a34f969b34d332075,What datasets are used in training?,"The datasets used in training are TRAIN-A (2,036 samples), TRAIN-B (created by concatenating task 1 data to the training data of task 2), and the task 1 corpus (95,000 sentences",0.1702,0.1702,0.033,extractive,2,1,58,23.9
kmeans,1712.09127,6548db45fc28e8a8b51f114635bad14a13eaec5b,Which GAN do they use?,"The authors use ""weGAN"" for refining cross-corpus word embeddings and ""deGAN"" for generating document embeddings across multiple corpora.",0.2105,0.2105,0.0606,extractive,2,1,95,21.15
kmeans,1712.09127,4c4f76837d1329835df88b0921f4fe8bda26606f,Do they evaluate grammaticality of generated text?,Unanswerable,0.0,0.0,0.0,yes_no,1,1,95,21.15
kmeans,1712.09127,819d2e97f54afcc7cdb3d894a072bcadfba9b747,Which corpora do they use?,"""politics,"" ""world,"" and ""US""",0.2,0.2,0.1629,extractive,1,1,95,21.15
kmeans,2001.00137,637aa32a34b20b4b0f1b5dfa08ef4e0e5ed33d52,Do they report results only on English datasets?,No,0.0,0.0,0.0,yes_no,1,1,71,15.81
kmeans,2001.00137,4b8257cdd9a60087fa901da1f4250e7d910896df,How do the authors define or exemplify 'incorrect words'?,"The context does not provide a specific definition or examples of 'incorrect words'. It mentions that incomplete data refers to text with missing or incorrect words, but does not elaborate on what con",0.0909,0.0909,0.0194,abstractive,1,1,71,15.81
kmeans,2001.00137,7e161d9facd100544fa339b06f656eb2fc64ed28,How many vanilla transformers do they use after applying an embedding layer?,Unanswerable,1.0,1.0,1.0,unanswerable,1,1,71,15.81
kmeans,2001.00137,abc5836c54fc2ac8465aee5a83b9c0f86c6fd6f5,Do they test their approach on a dataset without incomplete data?,No,1.0,1.0,1.0,yes_no,2,1,71,15.81
kmeans,2001.00137,4debd7926941f1a02266b1a7be2df8ba6e79311a,Should their approach be applied only when dealing with incomplete data?,No,1.0,1.0,1.0,yes_no,2,1,71,15.81
kmeans,2001.00137,3b745f086fb5849e7ce7ce2c02ccbde7cfdedda5,By how much do they outperform other models in the sentiment in intent classification tasks?,0.94% for gtts-witai and 1% for macsay-witai,0.1667,0.0833,0.0315,abstractive,1,1,71,15.81
kmeans,1910.03042,44c7c1fbac80eaea736622913d65fe6453d72828,What is the sample size of people used to measure user satisfaction?,"34,432",1.0,1.0,1.0,extractive,2,1,44,14.88
kmeans,1910.03042,3e0c9469821cb01a75e1818f2acb668d071fcf40,What are all the metrics to measure user engagement?,"Overall rating, mean number of turns, and user's per-utterance word count",0.7059,0.7059,0.4617,extractive,2,1,44,14.88
kmeans,1910.03042,a725246bac4625e6fe99ea236a96ccb21b5f30c6,What the system designs introduced?,"A hierarchical dialog manager, natural language generation module, and text-to-speech module.",0.4,0.3429,0.0477,extractive,1,1,44,14.88
kmeans,1910.03042,516626825e51ca1e8a3e0ac896c538c9d8a747c8,Do they specify the model they use for Gunrock?,Unanswerable,0.0,0.0,0.0,yes_no,1,1,44,14.88
kmeans,1910.03042,77af93200138f46bb178c02f710944a01ed86481,Do they gather explicit user satisfaction data on Gunrock?,Yes,1.0,1.0,1.0,yes_no,1,1,44,14.88
kmeans,1910.03042,71538776757a32eee930d297f6667cd0ec2e9231,How do they correlate user backstory queries to user satisfaction?,Users' backstory queries about Gunrock are positively correlated to user satisfaction.,0.0625,0.0625,0.0254,extractive,1,1,44,14.88
kmeans,2002.06644,830de0bd007c4135302138ffa8f4843e4915e440,Do the authors report only on English?,Unanswerable,1.0,1.0,1.0,unanswerable,1,1,24,14.09
kmeans,2002.06644,680dc3e56d1dc4af46512284b9996a1056f89ded,What is the baseline for the experiments?,FastText,0.5,0.5,0.1353,extractive,2,1,24,14.09
kmeans,2002.06644,bd5379047c2cf090bea838c67b6ed44773bcd56f,Which experiments are perfomed?,"Experiments are performed on the full WNC corpus, which consists of 423,823 revisions in Wikipedia marked by its editors over a period of 15 years.",0.1765,0.1176,0.0433,abstractive,1,1,24,14.09
kmeans,1809.08731,7aa8375cdf4690fc3b9b1799b0f5a9ec1c1736ed,Is ROUGE their only baseline?,No,1.0,1.0,1.0,yes_no,2,1,77,37.83
kmeans,1809.08731,3ac30bd7476d759ea5d9a5abf696d4dfc480175b,what language models do they use?,neural models like recurrent neural networks (RNNs),0.0,0.0,0.0,extractive,1,1,77,37.83
kmeans,1809.08731,0e57a0983b4731eba9470ba964d131045c8c7ea7,what questions do they ask human judges?,Unanswerable,1.0,1.0,1.0,unanswerable,1,1,77,37.83
kmeans,1707.00995,f0317e48dafe117829e88e54ed2edab24b86edb1,What misbehavior is identified?,"The attention mechanism loose track of the objects in the picture and ""gets lost"", which leads to the model overriding the information brought by the text-based annotations and misleading the translat",0.6939,0.6531,0.4824,extractive,2,1,62,19.89
kmeans,1707.00995,ec91b87c3f45df050e4e16018d2bf5b62e4ca298,What is the baseline used?,A moving average baseline estimated as an accumulated sum of the previous log likelihoods with exponential decay upon seeing the \(n\)-th mini-batch.,0.0,0.0,0.0,unanswerable,1,1,62,19.89
kmeans,1707.00995,f129c97a81d81d32633c94111018880a7ffe16d1,Which attention mechanisms do they compare?,"soft and hard attention, and a generalized soft attention (local)",0.625,0.5,0.1696,extractive,1,1,62,19.89
kmeans,1809.04960,100cf8b72d46da39fedfe77ec939fb44f25de77f,Which paired corpora did they use in the other experiment?,Unanswerable,0.0,0.0,0.0,extractive,2,1,76,41.86
kmeans,1809.04960,8cc56fc44136498471754186cfa04056017b4e54,By how much does their system outperform the lexicon-based models?,significantly,0.0,0.0,0.0,abstractive,2,1,76,41.86
kmeans,1809.04960,5fa431b14732b3c47ab6eec373f51f2bca04f614,Which lexicon-based models did they compare with?,"TF-IDF, S2S, and IR",0.3333,0.3333,0.2041,extractive,1,1,76,41.86
kmeans,1809.04960,33ccbc401b224a48fba4b167e86019ffad1787fb,How many comments were used?,45 million,0.0,0.0,0.0,extractive,1,1,76,41.86
kmeans,1809.04960,cca74448ab0c518edd5fc53454affd67ac1a201c,How many articles did they have?,"191,502",0.0,0.0,0.0,extractive,1,1,76,41.86
kmeans,1809.04960,b69ffec1c607bfe5aa4d39254e0770a3433a191b,What news comment dataset was used?,QinEA2018 Article-Comment Dataset,0.3333,0.3333,0.3467,extractive,1,1,76,41.86
kmeans,1909.08402,f5cf8738e8d211095bb89350ed05ee7f9997eb19,By how much do they outperform standard BERT?,Up to four percentage points,0.8333,0.8333,0.6703,extractive,1,1,65,46.03
kmeans,1909.08402,bed527bcb0dd5424e69563fba4ae7e6ea1fca26a,What dataset do they use?,2019 GermEval shared task dataset,0.8889,0.6667,0.367,extractive,2,1,65,46.03
kmeans,1909.08402,aeab5797b541850e692f11e79167928db80de1ea,How do they combine text representations with the knowledge graph embeddings?,"They combine text representations with metadata and knowledge graph embeddings by building upon BERT, a deep neural language model, and demonstrating how to integrate text representations with metadat",0.0909,0.0909,0.0211,extractive,1,1,65,46.03
kmeans,1909.11189,bfa3776c30cb30e0088e185a5908e5172df79236,What is the algorithm used for the classification tasks?,Random Forest Ensemble classifiers,1.0,1.0,1.0,extractive,1,1,26,14.1
kmeans,1909.11189,a2a66726a5dca53af58aafd8494c4de833a06f14,Is the outcome of the LDA analysis evaluated in any way?,Yes,1.0,1.0,1.0,yes_no,1,1,26,14.1
kmeans,1909.11189,ee87608419e4807b9b566681631a8cd72197a71a,What is the corpus used in the study?,The Digital Library in the TextGrid Repository,1.0,1.0,1.0,extractive,2,1,26,14.1
kmeans,1810.05320,cda4612b4bda3538d19f4b43dde7bc30c1eda4e5,What are the traditional methods to identifying important attributes?,"The traditional methods to identifying important attributes mentioned in the context are ""naive string matching and counting"".",0.0426,0.0426,0.0142,extractive,2,1,56,19.6
kmeans,1810.05320,e12674f0466f8c0da109b6076d9939b30952c7da,What do you use to calculate word/sub-word embeddings,Unanswerable,0.0,0.0,0.0,extractive,1,1,56,19.6
kmeans,1810.05320,9fe6339c7027a1a0caffa613adabe8b5bb6a7d4a,What user generated text data do you use?,customer inquiries,0.0,0.0,0.0,unanswerable,1,1,56,19.6
kmeans,2003.08529,b5c3787ab3784214fc35f230ac4926fe184d86ba,Did they propose other metrics?,No,0.0,0.0,0.0,yes_no,1,1,64,15.66
kmeans,2003.08529,9174aded45bc36915f2e2adb6f352f3c7d9ada8b,Which real-world datasets did they use?,"SST-2, Snips dataset",0.8,0.8,0.5774,extractive,2,1,64,15.66
kmeans,2003.08529,a8f1029f6766bffee38a627477f61457b2d6ed5c,How did they obtain human intuitions?,Unanswerable,1.0,1.0,1.0,unanswerable,1,1,64,15.66
kmeans,1708.05873,a2103e7fe613549a9db5e65008f33cf2ee0403bd,What are the country-specific drivers of international development rhetoric?,"Wealth, democracy, levels of ODA, and conflict.",0.8571,0.8571,0.3217,extractive,1,1,51,19.32
kmeans,1708.05873,13b36644357870008d70e5601f394ec3c6c07048,Is the dataset multilingual?,Unanswerable,0.0,0.0,0.0,yes_no,2,1,51,19.32
kmeans,1708.05873,e4a19b91b57c006a9086ae07f2d6d6471a8cf0ce,How are the main international development topics that states raise identified?,The main international development topics that states raise are identified using structural topic models.,0.1212,0.0909,0.0034,abstractive,1,1,51,19.32
kmeans,2003.08553,fd0ef5a7b6f62d07776bf672579a99c67e61a568,What experiments do the authors present to validate their system?,Unanswerable,0.0,0.0,0.0,extractive,1,1,36,18.79
kmeans,2003.08553,071bcb4b054215054f17db64bfd21f17fd9e1a80,How does the conversation layer work?,"The conversation layer works by creating a conversational interface over semi-structured data such as FAQ pages, product manuals, and support documents using QnAMaker. This allows the bot to handle fr",0.0,0.0,0.0,unanswerable,1,1,36,18.79
kmeans,2003.08553,f399d5a8dbeec777a858f81dc4dd33a83ba341a2,What components is the QnAMaker composed of?,The QnAMaker is composed of three main components:,0.1111,0.1111,0.0624,extractive,2,1,36,18.79
kmeans,1909.09491,d28260b5565d9246831e8dbe594d4f6211b60237,How they measure robustness in experiments?,Unanswerable,0.0,0.0,0.0,extractive,2,1,42,14.71
kmeans,1909.09491,8670989ca39214eda6c1d1d272457a3f3a92818b,Is new method inferior in terms of robustness to MIRAs in experiments?,No,0.0,0.0,0.0,unanswerable,1,1,42,14.71
kmeans,1909.09491,923b12c0a50b0ee22237929559fad0903a098b7b,What experiments with large-scale features are performed?,"Experiments with large-scale features demonstrate that the new method is more robust than MERT; though it is only matchable with MIRA's performance, it has a comparative advantage in being easier to i",0.0,0.0,0.0,extractive,1,1,42,14.71
kmeans,2001.05284,67131c15aceeb51ae1d3b2b8241c8750a19cca8e,Which ASR system(s) is used in this work?,Unanswerable,0.0,0.0,0.0,extractive,1,1,46,36.32
kmeans,2001.05284,579a0603ec56fc2b4aa8566810041dbb0cd7b5e7,What are the series of simple models?,Direct models,0.0,0.0,0.0,extractive,1,1,46,36.32
kmeans,2001.05284,c9c85eee41556c6993f40e428fa607af4abe80a9,Over which datasets/corpora is this work evaluated?,"approximately 300,000 utterances",0.2222,0.2222,0.1275,extractive,2,1,46,36.32
kmeans,1909.12140,f8281eb49be3e8ea0af735ad3bec955a5dedf5b3,Is the semantic hierarchy representation used for any task?,Yes,1.0,1.0,1.0,yes_no,2,1,23,13.94
kmeans,1909.12140,a5ee9b40a90a6deb154803bef0c71c2628acb571,What are the corpora used for the task?,Three commonly used TS datasets from two different domains were used.,0.45,0.45,0.153,extractive,1,1,23,13.94
kmeans,1909.12140,e286860c41a4f704a3a08e45183cb8b14fa2ad2f,Is the model evaluated?,Yes,0.0,0.0,0.0,abstractive,1,1,23,13.94
kmeans,1709.00947,982979cb3c71770d8d7d2d1be8f92b66223dec85,What new metrics are suggested to track progress?,A key area of future exploration suggested in the paper involves developing new intrinsic tests that are agnostic to absolute values of metrics and focused on topological aspects of the embedding spac,0.1579,0.1316,0.0288,extractive,1,1,62,15.65
kmeans,1709.00947,5ba6f7f235d0f5d1d01fd97dd5e4d5b0544fd212,What intrinsic evaluation metrics are used?,"The paper uses Class Membership, Class Distinction, and Word Equivalence tests as intrinsic evaluation metrics.",0.6087,0.5217,0.1216,extractive,2,1,62,15.65
kmeans,1709.00947,7ce7edd06925a943e32b59f3e7b5159ccb7acaf6,What experimental results suggest that using less than 50% of the available training examples might result in overfittin,Using less than 50% of the available training examples for each vocabulary size might result in overfitting.,0.08,0.08,0.0411,extractive,1,1,62,15.65
kmeans,1909.08859,a883bb41449794e0a63b716d9766faea034eb359,What multimodality is available in the dataset?,"The dataset available in the context is the RecipeQA dataset, which contains procedural texts (context) and images (visual modality) for multimodal comprehension of cooking recipes.",0.3429,0.2857,0.0541,extractive,2,1,77,37.51
kmeans,1909.08859,5d83b073635f5fd8cd1bdb1895d3f13406583fbd,What are previously reported models?,"Hasty Student, Impatient Reader",0.6154,0.6154,0.2865,extractive,1,1,77,37.51
kmeans,1909.08859,171ebfdc9b3a98e4cdee8f8715003285caeb2f39,How better is accuracy of new model compared to previously reported models?,"Moreover, we find that our model learns effective dynamic representations of entities even though we do not use any supervision at the level of entity states. Our experimental analysis on the visual r",0.129,0.0645,0.0203,abstractive,1,1,77,37.51
kmeans,1908.08419,3c3cb51093b5fd163e87a773a857496a4ae71f03,How does the scoring model work?,"The scoring model works by scoring each candidate word from two perspectives: the possibility that the candidate word itself can be regarded as a legal word, and the rationality of the link that the c",0.7848,0.7848,0.5893,extractive,2,1,73,28.87
kmeans,1908.08419,53a0763eff99a8148585ac642705637874be69d4,How does the active learning model work?,The active learning model works by iteratively selecting and labeling a subset of unlabeled data to improve a word segmentation model's performance. Specifically:,0.2143,0.1429,0.0087,abstractive,1,1,73,28.87
kmeans,1908.08419,0bfed6f9cfe93617c5195c848583e3945f2002ff,Which neural network architectures are employed?,"Gated Recursive Neural Network (GRNN), sequence-to-sequence transformer model, Lattice LSTM (LaLSTM) network, Convolutional Neural Network (CNN), Attention Mechanism, and Long Short-Term Memory (LSTM)",0.2308,0.2308,0.0521,extractive,1,1,73,28.87
kmeans,1703.05260,352c081c93800df9654315e13a880d6387b91919,What are the key points in the role of script knowledge that can be studied?,"The key points in the role of script knowledge that can be studied include:
- Guiding the expectation of the reader
- Supporting coreference resolution
- Enabling common-sense knowledge inference
- Fa",0.0,0.0,0.0,unanswerable,1,1,88,33.85
kmeans,1703.05260,18fbf9c08075e3b696237d22473c463237d153f5,Did the annotators agreed and how much?,"The inter-annotator agreement was found to be moderate to substantial as measured by Fleiss' Kappa. Specifically, the agreement on a subset of cases that were annotated with script-specific event and ",0.4062,0.25,0.0636,abstractive,2,1,88,33.85
kmeans,1703.05260,a37ef83ab6bcc6faff3c70a481f26174ccd40489,How many subjects have been used to create the annotations?,910,0.0,0.0,0.0,extractive,1,1,88,33.85
kmeans,1905.00563,bc9c31b3ce8126d1d148b1025c66f270581fde10,What datasets are used to evaluate this approach?,WN18 and YAGO3-10,1.0,1.0,1.0,extractive,2,1,112,47.74
kmeans,1905.00563,185841e979373808d99dccdade5272af02b98774,How is this approach used to detect incorrect facts?,"This approach detects incorrect facts by adding an incorrect triple to the neighborhood of 100 random triples from the observed graph, retraining the model on this noisy data, and then identifying err",0.2933,0.2133,0.0333,extractive,1,1,112,47.74
kmeans,1905.00563,d427e3d41c4c9391192e249493be23926fc5d2e9,Can this adversarial approach be used to directly improve model accuracy?,No,0.0,0.0,0.0,yes_no,1,1,112,47.74
kmeans,1808.05902,330f2cdeab689670b68583fc4125f5c0b26615a8,what are the advantages of the proposed model?,"The proposed model is capable of jointly modeling the words in documents as arising from a mixture of topics, the latent true target variables as a result of the empirical distribution over topics of ",0.1081,0.1081,0.0274,extractive,1,1,137,18.56
kmeans,1808.05902,c87b2dd5c439d5e68841a705dd81323ec0d64c97,what are the state of the art approaches?,The state-of-the-art approaches mentioned include:,0.0,0.0,0.0,extractive,1,1,137,18.56
kmeans,1808.05902,f7789313a804e41fcbca906a4e5cf69039eeef9f,what datasets were used?,The datasets used include:,0.0,0.0,0.0,extractive,2,1,137,18.56
kmeans,2002.11893,2376c170c343e2305dac08ba5f5bda47c370357f,How was the dataset collected?,The dataset was collected through a process involving several steps:,0.0645,0.0645,0.0142,abstractive,2,1,100,42.81
kmeans,2002.11893,0137ecebd84a03b224eb5ca51d189283abb5f6d9,What are the benchmark models?,"The benchmark models are for different components of a pipelined task-oriented dialogue system, including natural language understanding (NLU), dialogue state tracking (DST), dialogue policy learning,",0.1224,0.1224,0.0351,extractive,1,1,100,42.81
kmeans,2002.11893,5f6fbd57cce47f20a0fda27d954543c00c4344c2,How was the corpus annotated?,"Dialogue acts and states were annotated automatically according to user states, system states, and dialogue histories. Additionally, three experts manually annotated dialogue acts and states for 50 di",0.5312,0.375,0.2757,extractive,1,1,100,42.81
kmeans,1910.07181,d6e2b276390bdc957dfa7e878de80cee1f41fbca,What models other than standalone BERT is new model compared to?,Attentive Mimicking,0.0,0.0,0.0,abstractive,1,1,88,16.6
kmeans,1910.07181,32537fdf0d4f76f641086944b413b2f756097e5e,How much is representaton improved for rare/medum frequency words compared to standalone BERT and previous work?,50% compared to BERT_base and 31% compared to Attentive Mimicking,0.72,0.72,0.3991,extractive,1,1,88,16.6
kmeans,1910.07181,ef081d78be17ef2af792e7e919d15a235b8d7275,What are three downstream task datasets?,"MNLI, AG's News, DBPedia",1.0,1.0,1.0,extractive,2,1,88,16.6
kmeans,1910.07181,537b2d7799124d633892a1ef1a485b3b071b303d,What is dataset for word probing task?,Unanswerable,0.0,0.0,0.0,extractive,1,1,88,16.6
kmeans,1902.00330,9aca4b89e18ce659c905eccc78eda76af9f0072a,How fast is the model compared to baselines?,Unanswerable,1.0,1.0,1.0,unanswerable,1,1,110,48.19
kmeans,1902.00330,b0376a7f67f1568a7926eff8ff557a93f434a253,How big is the performance difference between this method and the baseline?,Unanswerable,0.0,0.0,0.0,abstractive,1,1,110,48.19
kmeans,1902.00330,dad8cc543a87534751f9f9e308787e1af06f0627,What datasets used for evaluation?,"The study evaluated the model on various datasets including news and encyclopedia corpora such as AIDA-B, ACE2004, CWEB, WIKI, MSNBC, and AQUAINT.",0.3077,0.3077,0.0542,extractive,2,1,110,48.19
kmeans,1902.00330,0481a8edf795768d062c156875d20b8fb656432c,what are the mentioned cues?,Unanswerable,0.0,0.0,0.0,extractive,1,1,110,48.19
kmeans,1909.00542,b6a4ab009e6f213f011320155a7ce96e713c11cf,How did the author's work rank among other submissions on the challenge?,Unanswerable,1.0,1.0,1.0,unanswerable,1,1,47,23.86
kmeans,1909.00542,cfffc94518d64cb3c8789395707e4336676e0345,What approaches without reinforcement learning have been tried?,Regression approaches using deep learning architectures and a simple policy gradient architecture.,0.25,0.1875,0.063,extractive,2,1,47,23.86
kmeans,1909.00542,f60629c01f99de3f68365833ee115b95a3388699,What classification approaches were experimented for this task?,Train the classifier to predict the target label (“summary” or “not summary”) of the input sentence Produce a summary by selecting all sentences predicted as “summary”,0.0,0.0,0.0,extractive,1,1,47,23.86
kmeans,1909.00542,a7cb4f8e29fd2f3d1787df64cd981a6318b65896,Did classification models perform better than previous regression one?,Yes,1.0,1.0,1.0,yes_no,1,1,47,23.86
kmeans,1810.06743,642c4704a71fd01b922a0ef003f234dcc7b223cd,What are the main sources of recall errors in the mapping?,"The main sources of recall errors in the mapping are annotation discrepancies due to differences in the choice of attributes to annotate between the resources. Specifically, the context mentions that ",0.3371,0.2472,0.1318,extractive,1,1,70,46.28
kmeans,1810.06743,e477e494fe15a978ff9c0a5f1c88712cdaec0c5c,Do they look for inconsistencies between different languages' annotations in UniMorph?,Yes,1.0,1.0,1.0,yes_no,1,1,70,46.28
kmeans,1810.06743,04495845251b387335bf2e77e2c423130f43c7d9,Do they look for inconsistencies between different UD treebanks?,Yes,1.0,1.0,1.0,yes_no,1,1,70,46.28
kmeans,1810.06743,564dcaf8d0bcc274ab64c784e4c0f50d7a2c17ee,Which languages do they validate on?,Eight languages randomly chosen from the intersection of UD and UniMorph resources.,0.1538,0.1538,0.0521,extractive,2,1,70,46.28
kmeans,1909.02764,f3d0e6452b8d24b7f9db1fd898d1fbe6cd23f166,Does the paper evaluate any adjustment to improve the predicion accuracy of face and audio features?,Yes,0.0,0.0,0.0,yes_no,1,1,68,15.97
kmeans,1909.02764,9b1d789398f1f1a603e4741a5eee63ccaf0d4a4f,How is face and audio data analysis evaluated?,"The evaluation involves macro-averaged F1 scores, as evidenced by the statement ""The classification from facial expressions yields a macro-averaged F1 score of 33 % across the three emotions joy, inse",0.0667,0.0667,0.0243,extractive,1,1,68,15.97
kmeans,1909.02764,00bcdffff7e055f99aaf1b05cf41c98e2748e948,What is the baseline method for the task?,"A neural network with an embedding layer pre-trained on Common Crawl and Wikipedia, a bidirectional LSTM, and two dense layers, optimized with Adam and a learning rate of \(10^{-5}\).",0.1333,0.1333,0.0396,abstractive,1,1,68,15.97
kmeans,1909.02764,f92ee3c5fce819db540bded3cfcc191e21799cb1,What are the emotion detection tools used for audio and face input?,"The study used off-the-shelf tools for emotion detection in both audio and face input. Specifically, for the face input, they used OpenCV to detect the eyes and the mouth region and track facial movem",0.1778,0.1778,0.0351,extractive,2,1,68,15.97
kmeans,1905.11901,4547818a3bbb727c4bb4a76554b5a5a7b5c5fedb,what amounts of size were used on german-english?,30k and 90k,0.1053,0.1053,0.0045,abstractive,2,1,43,19.1
kmeans,1905.11901,07d7652ad4a0ec92e6b44847a17c378b0d9f57f5,what were their experimental results in the low-resource dataset?,9.4 BLEU,0.5,0.5,0.5,extractive,1,1,43,19.1
kmeans,1905.11901,9f3444c9fb2e144465d63abf58520cddd4165a01,what are the methods they compare with in the korean-english dataset?,PBSMT,0.0,0.0,0.0,extractive,1,1,43,19.1
kmeans,1905.11901,2348d68e065443f701d8052018c18daa4ecc120e,what pitfalls are mentioned in the paper?,"The paper mentions several pitfalls related to training Neural Machine Translation (NMT) systems with limited parallel data, including:",0.1667,0.1667,0.0544,extractive,1,1,43,19.1
kmeans,1912.01252,5679fabeadf680e35a4f7b092d39e8638dca6b4d,Does the paper report the results of previous models applied to the same tasks?,Unanswerable,0.0,0.0,0.0,yes_no,2,1,112,26.31
kmeans,1912.01252,a939a53cabb4893b2fd82996f3dbe8688fdb7bbb,How is the quality of the discussion evaluated?,Unanswerable,1.0,1.0,1.0,unanswerable,1,1,112,26.31
kmeans,1912.01252,8b99767620fd4efe51428b68841cc3ec06699280,What is the technique used for text analysis and mining?,Causal mapping,0.0,0.0,0.0,unanswerable,1,1,112,26.31
kmeans,1912.01252,312417675b3dc431eb7e7b16a917b7fed98d4376,What are the causal mapping methods employed?,"Causal mapping methods, also referred to as cognitive mapping, are employed to reconstruct and evaluate decision-making processes by analyzing cause and effect relationships. They involve extracting c",0.087,0.087,0.0208,extractive,1,1,112,26.31
kmeans,1912.13109,792d7b579cbf7bfad8fe125b0d66c2059a174cf9,What is the previous work's model?,Convolution based architectures,0.0,0.0,0.0,extractive,1,1,41,14.66
kmeans,1912.13109,44a2a8e187f8adbd7d63a51cd2f9d2d324d0c98d,What dataset is used?,HEOT dataset obtained from Mathur et al. and a labelled dataset for corresponding English tweets from Davidson et al.,0.56,0.56,0.275,extractive,2,1,41,14.66
kmeans,1912.13109,5908d7fb6c48f975c5dfc5b19bb0765581df2b25,How big is the dataset?,3189,0.3333,0.3333,0.0183,extractive,2,1,41,14.66
kmeans,1912.13109,cca3301f20db16f82b5d65a102436bebc88a2026,How is the dataset collected?,"The dataset was collected from Twitter and annotated for conversations happening in the Indian subcontinent. Additionally, a labelled dataset for corresponding English tweets was obtained from a study",0.5263,0.4912,0.3987,extractive,1,1,41,14.66
kmeans,1912.13109,cfd67b9eeb10e5ad028097d192475d21d0b6845b,Was each text augmentation technique experimented individually?,Unanswerable,0.0,0.0,0.0,yes_no,1,1,41,14.66
kmeans,1912.13109,e1c681280b5667671c7f78b1579d0069cba72b0e,What models do previous work use?,"Previous work uses LSTM, CNN, and hybrid CNN-LSTM models.",0.5,0.25,0.1349,extractive,1,1,41,14.66
kmeans,1912.13109,58d50567df71fa6c3792a0964160af390556757d,Does the dataset contain content from various social media platforms?,Yes,0.0,0.0,0.0,yes_no,1,1,41,14.66
kmeans,1912.13109,07c79edd4c29635dbc1c2c32b8df68193b7701c6,What dataset is used?,HEOT dataset obtained from Mathur et al. and a labelled dataset for corresponding English tweets from Davidson et al.,0.56,0.56,0.275,extractive,1,1,41,14.66
kmeans,1911.03310,66125cfdf11d3bf8e59728428e02021177142c3a,How they demonstrate that language-neutral component is sufficiently general in terms of modeling semantics to allow hig,They find the word alignment as a minimum weighted edge cover of a bipartite graph.,0.0345,0.0345,0.0033,extractive,2,1,35,14.52
kmeans,1911.03310,222b2469eede9a0448e0226c6c742e8c91522af3,Are language-specific and language-neutral components disjunctive?,Unanswerable,0.0,0.0,0.0,yes_no,1,1,35,14.52
kmeans,1911.03310,6f8386ad64dce3a20bc75165c5c7591df8f419cf,How they show that mBERT representations can be split into a language-specific component and a language-neutral componen,They show that mBERT representations can be split into a language-specific component and a language-neutral component by centering the representations of sentences in each language so that their avera,0.678,0.6441,0.5545,extractive,1,1,35,14.52
kmeans,1911.03310,81dc39ee6cdacf90d5f0f62134bf390a29146c65,What challenges this work presents that must be solved to build better language-neutral representations?,"Our work presents interesting challenges which must be solved to build better language-neutral representations, particularly for tasks requiring linguistic transfer of semantics.",0.0952,0.0952,0.0345,extractive,1,1,35,14.52
kmeans,1907.12108,b1ced2d6dcd1d7549be2594396cbda34da6c3bca,What is the performance of their system?,Unanswerable,1.0,1.0,1.0,unanswerable,1,1,21,22.68
kmeans,1907.12108,f3be1a27df2e6ad12eed886a8cd2dfe09b9e2b30,What evaluation metrics are used?,Unanswerable,1.0,1.0,1.0,unanswerable,1,1,21,22.68
kmeans,1907.12108,a45a86b6a02a98d3ab11f1d04acd3446e95f5a16,What is the source of the dialogues?,EmpatheticDialogue dataset,0.0,0.0,0.0,unanswerable,1,1,21,22.68
kmeans,1907.12108,1f1a9f2dd8c4c10b671cb8affe56e181948e229e,What pretrained LM is used?,Generative Pre-trained Transformer (GPT),1.0,1.0,1.0,extractive,2,1,21,22.68
kmeans,2004.03685,eeaceee98ef1f6c971dac7b0b8930ee8060d71c2,What approaches they propose?,They propose making the assumptions explicit and organizing the literature around them.,0.0408,0.0408,0.0039,extractive,1,1,51,24.14
kmeans,2004.03685,3371d586a3a81de1552d90459709c57c0b1a2594,What faithfulness criteria does they propose?,They propose a more practical and nuanced methodology for defining and evaluating faithfulness that allows for a graded criteria measuring the extent and likelihood of an interpretation being faithful,0.1212,0.1212,0.0212,extractive,1,1,51,24.14
kmeans,2004.03685,d4b9cdb4b2dfda1e0d96ab6c3b5e2157fd52685e,Which are three assumptions in current approaches for defining faithfulness?,"The Model Assumption, The Prediction Assumption, and a third assumption which is not explicitly named in the provided context but is referred to in relation to plausibility and faithfulness. However, ",0.1591,0.1136,0.0165,extractive,2,1,51,24.14
kmeans,2004.03685,2a859e80d8647923181cb2d8f9a2c67b1c3f4608,Which are key points in guidelines for faithfulness evaluation?,Faithfulness evaluation should not involve human-judgement on the quality of interpretation.,0.3922,0.3922,0.045,extractive,1,1,51,24.14
kmeans,1808.03894,aceac4ad16ffe1af0f01b465919b1d4422941a6b,Did they use the state-of-the-art model to analyze the attention?,Yes,0.0,0.0,0.0,extractive,1,1,47,27.87
kmeans,1808.03894,f7070b2e258beac9b09514be2bfcc5a528cc3a0e,What is the performance of their model?,Unanswerable,1.0,1.0,1.0,unanswerable,2,1,47,27.87
kmeans,1808.03894,2efdcebebeb970021233553104553205ce5d6567,How many layers are there in their model?,Two,0.5,0.5,0.1353,extractive,1,1,47,27.87
kmeans,1808.03894,4fa851d91388f0803e33f6cfae519548598cd37c,Did they compare with gradient-based methods?,No,0.0,0.0,0.0,unanswerable,1,1,47,27.87
kmeans,1703.04617,a891039441e008f1fd0a227dbed003f76c140737,What MC abbreviate for?,Unanswerable,0.0,0.0,0.0,abstractive,1,1,92,34.11
kmeans,1703.04617,73738e42d488b32c9db89ac8adefc75403fa2653,how much of improvement the adaptation model can get?,Unanswerable,0.0,0.0,0.0,extractive,1,1,92,34.11
kmeans,1703.04617,6c8bd7fa1cfb1b2bbeb011cc9c712dceac0c8f06,what is the architecture of the baseline model?,"The baseline model consists of the following components: word embedding, input encoder, alignment, aggregation, and prediction.",0.8387,0.8387,0.5573,extractive,2,1,92,34.11
kmeans,1703.04617,fa218b297d9cdcae238cef71096752ce27ca8f4a,What is the exact performance on SQUAD?,The exact performance on SQuAD is an EM score of 68.73% and an F1 score of 77.39%.,0.5833,0.4167,0.1099,extractive,1,1,92,34.11
kmeans,1909.00578,ff28d34d1aaa57e7ad553dba09fc924dc21dd728,What are their correlation results?,Unanswerable,0.0,0.0,0.0,abstractive,1,1,43,27.59
kmeans,1909.00578,ae8354e67978b7c333094c36bf9d561ca0c2d286,What dataset do they use?,"NIST DUC-05, DUC-06 and DUC-07 shared tasks",0.875,0.875,0.7515,extractive,1,1,43,27.59
kmeans,1909.00578,02348ab62957cb82067c589769c14d798b1ceec7,What simpler models do they look at?,Unanswerable,0.0,0.0,0.0,extractive,2,1,43,27.59
kmeans,1909.00578,3748787379b3a7d222c3a6254def3f5bfb93a60e,What linguistic quality aspects are addressed?,"Five linguistic quality criteria ($\mathcal{Q}1, \dots, \mathcal{Q}5$) are addressed.",0.0,0.0,0.0,abstractive,1,1,43,27.59
kmeans,1911.09419,6852217163ea678f2009d4726cb6bd03cf6a8f78,What benchmark datasets are used for the link prediction task?,"WN18RR, FB15k-237, and YAGO3-10",0.8571,0.8571,0.3969,extractive,2,1,103,43.24
kmeans,1911.09419,cd1ad7e18d8eef8f67224ce47f3feec02718ea1a,What are state-of-the art models for this task?,"TransE, DistMult, ComplEx, ConvE, and RotatE",0.9091,0.9091,0.5373,extractive,1,1,103,43.24
kmeans,1911.09419,9c9e90ceaba33242342a5ae7568e89fe660270d5,How better does HAKE model peform than state-of-the-art methods?,"HAKE significantly outperforms the state-of-the-art methods, achieving a 0.050 higher MRR, 6.0% higher H@1, and 4.6% higher H@3 than RotatE.",0.4828,0.4483,0.1942,extractive,1,1,103,43.24
kmeans,1911.09419,2a058f8f6bd6f8e80e8452e1dba9f8db5e3c7de8,How are entities mapped onto polar coordinate system?,"Entities are mapped into the polar coordinate system using both the modulus part and the phase part. The radial coordinate corresponds to the modulus part, while the angular coordinate corresponds to ",0.36,0.28,0.1285,extractive,1,1,103,43.24
kmeans,1910.11471,db9021ddd4593f6fadf172710468e2fdcea99674,What additional techniques are incorporated?,Unanswerable,1.0,1.0,1.0,unanswerable,2,1,36,27.43
kmeans,1910.11471,8ea4bd4c1d8a466da386d16e4844ea932c44a412,What dataset do they use?,"18,805 aligned data",0.0,0.0,0.0,abstractive,2,1,36,27.43
kmeans,1910.11471,92240eeab107a4f636705b88f00cefc4f0782846,Do they compare to other models?,Yes,0.0,0.0,0.0,yes_no,1,1,36,27.43
kmeans,1910.11471,4196d329061f5a9d147e1e77aeed6a6bd9b35d18,What is the architecture of the system?,The system architecture involves an encoder-decoder RNN model with an attention mechanism. Specifically:,0.0,0.0,0.0,extractive,1,1,36,27.43
kmeans,1910.11471,a37e4a21ba98b0259c36deca0d298194fa611d2f,How long are expressions in layman's language?,Unanswerable,1.0,1.0,1.0,unanswerable,1,1,36,27.43
kmeans,1910.11471,321429282557e79061fe2fe02a9467f3d0118cdd,What additional techniques could be incorporated to further improve accuracy?,Phrase-based word embedding and Abstract Syntax Tree (AST) can be incorporated to improve accuracy.,0.5,0.5,0.1329,extractive,1,1,36,27.43
kmeans,1910.11471,891cab2e41d6ba962778bda297592c916b432226,What programming language is target language?,Python,1.0,1.0,1.0,extractive,1,1,36,27.43
kmeans,1910.11471,1eeabfde99594b8d9c6a007f50b97f7f527b0a17,What dataset is used to measure accuracy?,"The validation dataset is used to measure accuracy, consisting of 500 validation data points which is 3% of the training data.",0.1905,0.1905,0.0765,extractive,1,1,36,27.43
kmeans,1910.09399,e96adf8466e67bd19f345578d5a6dc68fd0279a1,Is text-to-image synthesis trained is suppervized or unsuppervized manner?,Supervised,0.05,0.05,0.0,extractive,2,1,178,37.52
kmeans,1910.09399,c1477a6c86bd1670dd17407590948000c9a6b7c6,What challenges remain unresolved?,Unanswerable,0.0,0.0,0.0,extractive,1,1,178,37.52
kmeans,1910.09399,e020677261d739c35c6f075cde6937d0098ace7f,What is the conclusion of comparison of proposed solution?,"The survey concludes with a comparison of the proposed solutions, challenges that remain unresolved, and future developments in the text-to-image synthesis domain.",0.1136,0.0909,0.003,extractive,1,1,178,37.52
kmeans,1910.09399,6389d5a152151fb05aae00b53b521c117d7b5e54,What is typical GAN architecture for each text-to-image synhesis group?,Semantic Enhancement GANs typically encode text features and use them to generate images. Resolution Enhancement GANs aim to improve the resolution of generated images.,0.2609,0.2609,0.1031,abstractive,1,1,178,37.52
kmeans,1904.05584,7fe48939ce341212c1d801095517dc552b98e7b3,Where do they employ feature-wise sigmoid gating?,They employ feature-wise sigmoid gating to create representations that encode semantic similarity.,0.087,0.087,0.057,extractive,1,1,76,20.55
kmeans,1904.05584,65ad17f614b7345f0077424c04c94971c831585b,Which model architecture do they use to obtain representations?,Unanswerable,0.0,0.0,0.0,extractive,1,1,76,20.55
kmeans,1904.05584,323e100a6c92d3fe503f7a93b96d821408f92109,Which downstream sentence-level tasks do they evaluate on?,"The sentence-level evaluation datasets used include sentiment classification (CR, MPQA, MR, SST2, and SST5), subjectivity classification (SUBJ), question-type classification (TREC), recognizing textua",0.0,0.0,0.0,extractive,1,1,76,20.55
kmeans,1904.05584,9f89bff89cea722debc991363f0826de945bc582,Which similarity datasets do they use?,"MEN, MTurk287, MTurk771, RG, WS353S, SimLex999, SimVerb3500, RW",0.8889,0.6667,0.3441,extractive,2,1,76,20.55
kmeans,1911.09886,735f58e28d84ee92024a36bc348cfac2ee114409,"Are there datasets with relation tuples annotated, how big are datasets available?","The New York Times (NYT) corpus is used for experiments, with a specific version chosen for its larger number of instances of multiple relation tuples with overlapping entities. However, the exact siz",0.0,0.0,0.0,yes_no,1,1,109,39.3
kmeans,1911.09886,710fa8b3e74ee63d2acc20af19f95f7702b7ce5e,Which one of two proposed approaches performed better in experiments?,"WordDecoding (WDec) and PtrNetDecoding (PNDec) both outperformed the HRL model, but based on the specific comparisons given, PtrNetDecoding (PNDec) performed slightly better overall according to the e",0.2143,0.2143,0.0477,extractive,1,1,109,39.3
kmeans,1911.09886,56123dd42cf5c77fc9a88fc311ed2e1eb672126e,What is previous work authors reffer to?,"BIBREF0, BIBREF1, BIBREF2",0.0,0.0,0.0,extractive,1,1,109,39.3
kmeans,1911.09886,1898f999626f9a6da637bd8b4857e5eddf2fc729,How higher are F1 scores compared to previous work?,Unanswerable,0.0,0.0,0.0,extractive,2,1,109,39.3
kmeans,1611.01400,d32b6ac003cfe6277f8c2eebc7540605a60a3904,what were the baselines?,"The baselines were:
1. Rank by the number of times a citation is mentioned in the document.
2. Using Google Scholar's rankings to train and compare with their own rankings using the feature set.
3. Tr",0.4337,0.3855,0.2433,extractive,2,1,84,16.49
kmeans,1611.01400,c10f38ee97ed80484c1a70b8ebba9b1fb149bc91,what is the supervised model they developed?,SVM-Rank,1.0,1.0,1.0,extractive,1,1,84,16.49
kmeans,1611.01400,340501f23ddc0abe344a239193abbaaab938cc3a,what is the size of this built corpus?,Unanswerable,0.0,0.0,0.0,extractive,1,1,84,16.49
kmeans,1611.01400,fbb85cbd41de6d2818e77e8f8d4b91e431931faa,what crowdsourcing platform is used?,Unanswerable,0.0,0.0,0.0,extractive,1,1,84,16.49
kmeans,1808.05077,1951cde612751410355610074c3c69cec94824c2,Which deep learning model performed better?,CNN outperformed autoencoders.,0.5,0.5,0.3333,extractive,2,1,33,18.77
kmeans,1808.05077,4140d8b5a78aea985546aa1e323de12f63d24add,By how much did the results improve?,Unanswerable,1.0,1.0,1.0,unanswerable,1,1,33,18.77
kmeans,1808.05077,61272b1d0338ed7708cf9ed9c63060a6a53e97a2,What was their performance on the dataset?,82.6%,0.5,0.5,0.1353,extractive,1,1,33,18.77
kmeans,1808.05077,53b02095ba7625d85721692fce578654f66bbdf0,How large is the dataset?,Unanswerable,1.0,1.0,1.0,unanswerable,1,1,33,18.77
kmeans,1807.03367,0cd0755ac458c3bafbc70e4268c1e37b87b9721b,Did the authors use crowdsourcing platforms?,Yes,1.0,1.0,1.0,yes_no,2,1,125,48.58
kmeans,1807.03367,c1ce652085ef9a7f02cb5c363ce2b8757adbe213,How was the dataset collected?,The dataset was collected by pairing Turkers at random and letting them alternate between the tourist and guide role across different HITs.,0.069,0.069,0.0322,extractive,1,1,125,48.58
kmeans,1807.03367,96be67b1729c3a91ddf0ec7d6a80f2aa75e30a30,What language do the agents talk in?,Natural language,0.0,0.0,0.0,abstractive,1,1,125,48.58
kmeans,1807.03367,b85ab5f862221fac819cf2fef239bcb08b9cafc6,What evaluation metrics did the authors look at?,accuracy,0.6667,0.6667,0.3679,extractive,1,1,125,48.58
kmeans,1807.03367,7e34501255b89d64b9598b409d73f96489aafe45,What data did they use?,Talk The Walk dataset,0.1538,0.1538,0.0336,extractive,1,1,125,48.58
kmeans,1907.02030,e854edcc5e9111922e6e120ae17d062427c27ec1,Do the authors report results only on English data?,Unanswerable,1.0,1.0,1.0,unanswerable,2,1,42,19.17
kmeans,1907.02030,bd6cec2ab620e67b3e0e7946fc045230e6906020,How is the accuracy of the system measured?,"The accuracy of the system is measured using the Quora duplicate question dataset, where the Euclidean distance between questions is calculated using various embeddings.",0.1887,0.1509,0.0251,extractive,1,1,42,19.17
kmeans,1907.02030,4b0ba460ae3ba7a813f204abd16cf631b871baca,How is an incoming claim used to retrieve similar factchecked claims?,"The incoming claim is compared to an existing corpus of factchecked claims to retrieve similar, factchecked claims.",0.0952,0.0952,0.0442,extractive,1,1,42,19.17
kmeans,1907.02030,63b0c93f0452d0e1e6355de1d0f3ff0fd67939fb,What existing corpus is used for comparison in these experiments?,Quora duplicate question dataset,0.8889,0.8889,0.7788,extractive,1,1,42,19.17
kmeans,1907.02030,d27f23bcd80b12f6df8e03e65f9b150444925ecf,What are the components in the factchecking algorithm? ,The components in the factchecking algorithm include claim detection and claim clustering methods.,0.0,0.0,0.0,unanswerable,1,1,42,19.17
kmeans,1910.04601,b11ee27f3de7dd4a76a1f158dc13c2331af37d9f,What is the baseline?,The baseline model discussed is called RC-QED@START@E@END@.,0.0,0.0,0.0,extractive,1,1,79,38.18
kmeans,1910.04601,7aba5e4483293f5847caad144ee0791c77164917,What dataset was used in the experiment?,WikiHop,1.0,1.0,1.0,extractive,1,1,79,38.18
kmeans,1910.04601,565d668947ffa6d52dad019af79289420505889b,Did they use any crowdsourcing platform?,Yes,1.0,1.0,1.0,yes_no,2,1,79,38.18
kmeans,1910.04601,d83304c70fe66ae72e78aa1d183e9f18b7484cd6,How was the dataset annotated?,The dataset was annotated by converting structured WikiHop question-answer pairs into natural language statements and using supporting documents provided by WikiHop. The path for creating supervision ,0.0364,0.0364,0.0202,extractive,1,1,79,38.18
kmeans,1910.04601,e90ac9ee085dc2a9b6fe132245302bbce5f3f5ab,What is the source of the proposed dataset?,Crowdsourcing,0.0,0.0,0.0,unanswerable,1,1,79,38.18
kmeans,1912.05066,5b029ad0d20b516ec11967baaf7d2006e8d7199f,How many label options are there in the multi-label task?,2,0.0,0.0,0.0,extractive,1,1,92,42.72
kmeans,1912.05066,79bd2ad4cb5c630ce69d5a859ed118132cae62d7,What is the interannotator agreement of the crowd sourced users?,Unanswerable,1.0,1.0,1.0,unanswerable,1,1,92,42.72
kmeans,1912.05066,d3a1a53521f252f869fdae944db986931d9ffe48,Who are the experts?,Unanswerable,0.0,0.0,0.0,extractive,2,1,92,42.72
kmeans,1912.05066,38e11663b03ac585863742044fd15a0e875ae9ab,Who is the crowd in these experiments?,The general public or users of social media microblogs.,0.2857,0.2857,0.1313,extractive,1,1,92,42.72
kmeans,1912.05066,14421b7ae4459b647033b3ccba635d4ba7bb114b,How do you establish the ground truth of who won a debate?,We look at the winners announced by the experts in Washington Post.,0.5714,0.5714,0.2627,extractive,1,1,92,42.72
kmeans,1910.03891,52f7e42fe8f27d800d1189251dfec7446f0e1d3b,How much better is performance of proposed method than state-of-the-art methods in experiments?,"The context states that the proposed method ""significantly outperforms state-of-art results on accuracy for three datasets,"" but it does not provide specific numerical values indicating how much bette",0.2105,0.1754,0.0446,abstractive,1,1,82,20.63
kmeans,1910.03891,00e6324ecd454f5d4b2a4b27fcf4104855ff8ee2,What further analysis is done?,Entity Classification,0.0,0.0,0.0,extractive,1,1,82,20.63
kmeans,1910.03891,aa0d67c2a1bc222d1f2d9e5d51824352da5bb6dc,What seven state-of-the-art methods are used for comparison?,Unanswerable,0.0,0.0,0.0,extractive,1,1,82,20.63
kmeans,1910.03891,cf0085c1d7bd9bc9932424e4aba4e6812d27f727,What three datasets are used to measure performance?,"Freebase, DBpedia, and a self-construction game knowledge graph (Game30K)",0.8235,0.8235,0.4963,extractive,2,1,82,20.63
kmeans,1910.03891,586b7470be91efe246c3507b05e30651ea6b9832,"How does KANE capture both high-order structural and attribute information of KGs in an efficient, explicit and unified ","KANE captures both high-order structural and attribute information of KGs in an efficient, explicit and unified manner by:
1. Using a graph convolutional network framework.
2. Employing recursive embe",0.3846,0.3077,0.0729,extractive,1,1,82,20.63
kmeans,1910.03891,31b20a4bab09450267dfa42884227103743e3426,What are recent works on knowedge graph embeddings authors mention?,relation extraction,0.0,0.0,0.0,extractive,1,1,82,20.63
kmeans,1610.00879,45306b26447ea4b120655d6bb2e3636079d3d6e0,Do they report results only on English data?,Unanswerable,0.0,0.0,0.0,yes_no,1,1,29,14.35
kmeans,1610.00879,0c08af6e4feaf801185f2ec97c4da04c8b767ad6,Do the authors mention any confounds to their study?,Unanswerable,0.0,0.0,0.0,yes_no,1,1,29,14.35
kmeans,1610.00879,6412e97373e8e9ae3aa20aa17abef8326dc05450,What baseline model is used?,Unanswerable,0.0,0.0,0.0,abstractive,1,1,29,14.35
kmeans,1610.00879,957bda6b421ef7d2839c3cec083404ac77721f14,What stylistic features are used to detect drunk texts?,"capitalisation, spelling errors, repeated characters, count/presence of emoticons, sentiment ratio",0.4516,0.4,0.1149,abstractive,2,1,29,14.35
kmeans,1610.00879,368317b4fd049511e00b441c2e9550ded6607c37,Is the data acquired under distant supervision verified by humans at any stage?,Yes,1.0,1.0,1.0,yes_no,1,1,29,14.35
kmeans,1610.00879,b3ec918827cd22b16212265fcdd5b3eadee654ae,What hashtags are used for distant supervision?,The hashtags used for distant supervision are those that indicate whether the author of the tweet was drunk at the time of posting.,0.0,0.0,0.0,unanswerable,1,1,29,14.35
kmeans,1610.00879,387970ebc7ef99f302f318d047f708274c0e8f21,Do the authors equate drunk tweeting with drunk texting? ,Yes,1.0,1.0,1.0,yes_no,1,1,29,14.35
kmeans,1704.05572,2fffff59e57b8dbcaefb437a6b3434fc137f813b,What corpus was the source of the OpenIE extractions?,The Sentence corpus (S) consisting of domain-targeted ~80K sentences and 280 GB of plain text extracted from web pages.,0.7429,0.7429,0.6953,extractive,2,1,48,19.45
kmeans,1704.05572,eb95af36347ed0e0808e19963fe4d058e2ce3c9f,What is the accuracy of the proposed technique?,Unanswerable,0.0,0.0,0.0,abstractive,1,1,48,19.45
kmeans,1704.05572,cd1792929b9fa5dd5b1df0ae06fc6aece4c97424,Is an entity linking process used?,No,1.0,1.0,1.0,yes_no,1,1,48,19.45
kmeans,1704.05572,65d34041ffa4564385361979a08706b10b92ebc7,Are the OpenIE extractions all triples?,No,1.0,1.0,1.0,yes_no,1,1,48,19.45
kmeans,1704.05572,e215fa142102f7f9eeda9c9eb8d2aeff7f2a33ed,What method was used to generate the OpenIE extractions?,ElasticSearch query,0.0816,0.0816,0.0,extractive,1,1,48,19.45
kmeans,1704.05572,a8545f145d5ea2202cb321c8f93e75ad26fcf4aa,Can the method answer multi-hop questions?,Yes,1.0,1.0,1.0,yes_no,1,1,48,19.45
kmeans,1704.05572,417dabd43d6266044d38ed88dbcb5fdd7a426b22,What was the textual source to which OpenIE was applied?,Sentence corpus (S),0.0,0.0,0.0,extractive,1,1,48,19.45
kmeans,1704.05572,fed230cef7c130f6040fb04304a33bbc17ca3a36,What OpenIE method was used to generate the extractions?,OpenIE v4,0.0408,0.0408,0.0,extractive,1,1,48,19.45
kmeans,1704.05572,7917d44e952b58ea066dc0b485d605c9a1fe3dda,Is their method capable of multi-hop reasoning?,Yes,1.0,1.0,1.0,yes_no,1,1,48,19.45
kmeans,1804.10686,7d5ba230522df1890619dedcfb310160958223c1,Do the authors offer any hypothesis about why the dense mode outperformed the sparse one?,"The dense model's advantage is attributed to its ability to handle sparsity through averaging word embeddings, which implicitly accounts for semantically related words.",0.0,0.0,0.0,yes_no,1,1,44,27.84
kmeans,1804.10686,a48cc6d3d322a7b159ff40ec162a541bf74321eb,What evaluation is conducted?,Word Sense Induction & Disambiguation,1.0,1.0,1.0,extractive,1,1,44,27.84
kmeans,1804.10686,2bc0bb7d3688fdd2267c582ca593e2ce72718a91,Which corpus of synsets are used?,"The only automatically built inventory used in the evaluation is Watlink, a word sense network constructed automatically using the synsets induced in an unsupervised way by the Watset[CWnolog, MCL] me",0.0,0.0,0.0,extractive,1,1,44,27.84
kmeans,1804.10686,8c073b7ea8cb5cc54d7fecb8f4bf88c1fb621b19,What measure of semantic similarity is used?,cosine similarity,1.0,1.0,1.0,extractive,1,1,44,27.84
kmeans,1707.03904,dcb18516369c3cf9838e83168357aed6643ae1b8,Which retrieval system was used for baselines?,Unanswerable,0.0,0.0,0.0,abstractive,1,1,66,33.07
kmeans,1911.07228,f46a907360d75ad566620e7f6bf7746497b6e4a9,What word embeddings were used?,KP and EG,0.0,0.0,0.0,extractive,1,1,52,23.89
kmeans,1911.07228,79d999bdf8a343ce5b2739db3833661a1deab742,What type of errors were produced by the BLSTM-CNN-CRF system?,"The BLSTM-CNN-CRF system produced errors of five types: No extraction, No annotation, Wrong range, Wrong tag, and Wrong range and tag.",0.75,0.75,0.4718,extractive,1,1,52,23.89
kmeans,1911.07228,71d59c36225b5ee80af11d3568bdad7425f17b0c,How much better was the BLSTM-CNN-CRF than the BLSTM-CRF?,Unanswerable,0.0,0.0,0.0,abstractive,1,1,52,23.89
kmeans,1603.07044,efc65e5032588da4a134d121fe50d49fe8fe5e8c,What supplemental tasks are used for multitask learning?,Task C,0.0606,0.0606,0.0,abstractive,1,1,52,15.21
kmeans,1603.07044,a30958c7123d1ad4723dcfd19d8346ccedb136d5,Is the improvement actually coming from using an RNN?,No,1.0,1.0,1.0,yes_no,1,1,52,15.21
kmeans,1603.07044,08333e4dd1da7d6b5e9b645d40ec9d502823f5d7,How much performance gap between their approach and the strong handcrafted method?,Unanswerable,0.0,0.0,0.0,abstractive,1,1,52,15.21
kmeans,1603.07044,bc1bc92920a757d5ec38007a27d0f49cb2dde0d1,What is a strong feature-based method?,"A strong feature-based method refers to a method that utilizes rich non-textual features such as answer's profile, syntactically analyzed the question and extracted name entity features, and demonstra",0.0,0.0,0.0,unanswerable,1,1,52,15.21
kmeans,1603.07044,942eb1f7b243cdcfd47f176bcc71de2ef48a17c4,Did they experimnet in other languages?,Yes,1.0,1.0,1.0,yes_no,1,1,52,15.21
kmeans,1902.09314,9bffc9a9c527e938b2a95ba60c483a916dbd1f6b,Do they use multi-attention heads?,Yes,1.0,1.0,1.0,yes_no,1,1,51,32.67
kmeans,1902.09314,8434974090491a3c00eed4f22a878f0b70970713,How big is their model?,Unanswerable,0.0,0.0,0.0,abstractive,1,1,51,32.67
kmeans,1902.09314,b67420da975689e47d3ea1c12b601851018c4071,How is their model different from BERT?,"Their model uses an Attentional Encoder Layer (AEN) instead of recurrence, which is a competitive alternative to RNNs like LSTM to compute hidden states. Specifically, they design a model called AEN-B",0.2182,0.1455,0.0513,extractive,1,1,51,32.67
kmeans,1904.03339,01d91d356568fca79e47873bd0541bd22ba66ec0,What datasets were used?,Unanswerable,0.0,0.0,0.0,extractive,1,1,19,13.94
kmeans,1904.03339,37e45a3439b048a80c762418099a183b05772e6a,How did they do compared to other teams?,"They performed second place on Subtask A and also performed well on Subtask B, achieving second place again with an F1 score of 79.59%.",0.5333,0.5333,0.2876,extractive,1,1,19,13.94
kmeans,1910.11769,a4e66e842be1438e5cd8d7cb2a2c589f494aee27,Which tested technique was the worst performer?,Unanswerable,0.0,0.0,0.0,extractive,1,1,36,23.41
kmeans,1910.11769,cb78e280e3340b786e81636431834b75824568c3,How many emotions do they look at?,8,0.0,0.0,0.0,abstractive,1,1,36,23.41
kmeans,1910.11769,2941874356e98eb2832ba22eae9cb08ec8ce0308,What are the baseline benchmarks?,The baseline benchmarks include:,0.0,0.0,0.0,extractive,1,1,36,23.41
kmeans,1910.11769,4e50e9965059899d15d3c3a0c0a2d73e0c5802a0,What is the size of this dataset?,9710,0.1,0.1,0.0,extractive,1,1,36,23.41
kmeans,1910.11769,67d8e50ddcc870db71c94ad0ad7f8a59a6c67ca6,How many annotators were there?,3,1.0,1.0,1.0,extractive,1,1,36,23.41
kmeans,1702.06378,aecb485ea7d501094e50ad022ade4f0c93088d80,Can SCRF be used to pretrain the model?,No,1.0,1.0,1.0,yes_no,1,1,58,24.09
kmeans,1903.03467,2fea3c955ff78220b2c31a8ad1322bc77f6706f8,What conclusions are drawn from the syntactic analysis?,"The syntactic analysis shows that the baseline system severely under-predicts the feminine form of verbs as compared to the reference. The ""He said"" conditions further decrease the number of feminine ",0.1509,0.1509,0.0267,extractive,1,1,41,14.71
kmeans,1903.03467,faa4f28a2f2968cecb770d9379ab2cfcaaf5cfab,What type of syntactic analysis is performed?,Hebrew dependency parser,0.0,0.0,0.0,extractive,1,1,41,14.71
kmeans,1903.03467,da068b20988883bc324e55c073fb9c1a5c39be33,How is it demonstrated that the correct gender and number information is injected using this system?,The correct gender and number information is demonstrated to be injected using this system through an improvement of up to 2.3 BLEU points in an English-to-Hebrew translation setting where the speaker,0.2571,0.2,0.108,extractive,1,1,41,14.71
kmeans,1903.03467,0d6d5b6c00551dd0d2519f117ea81d1e9e8785ec,Which neural machine translation system is used?,Google's machine translation system (GMT),1.0,1.0,1.0,extractive,1,1,41,14.71
kmeans,1903.03467,edcde2b675cf8a362a63940b2bbdf02c150fe01f,What are the components of the black-box context injection system?,"The components of the black-box context injection system are pre-defined textual hints about the gender and number of the speaker and the audience, which are concatenated to the input sentence.",0.2222,0.1667,0.0445,extractive,1,1,41,14.71
kmeans,1807.00868,d20d6c8ecd7cb0126479305d27deb0c8b642b09f,What normalization techniques are mentioned?,Cepstral mean normalization (CMN) and variance with mean normalization (CMVN).,0.8571,0.8571,0.5954,extractive,1,1,50,23.82
kmeans,1807.00868,11e6b79f1f48ddc6c580c4d0a3cb9bcb42decb17,What features do they experiment with?,"40 mel-scaled log filterbank energies (FBanks) computed every 10 ms with 25 ms window, concatenated with deltas and delta-deltas (120 features in vector)",0.8889,0.8889,0.7045,extractive,1,1,50,23.82
kmeans,1807.00868,2677b88c2def3ed94e25a776599555a788d197f2,Which architecture is their best model?,6-layer bLSTM with 1024 hidden units,1.0,1.0,1.0,extractive,1,1,50,23.82
kmeans,1807.00868,8ca31caa34cc5b65dc1d01d0d1f36bf8c4928805,What kind of spontaneous speech is used?,Turkish spontaneous speech,0.0,0.0,0.0,unanswerable,1,1,50,23.82
kmeans,1909.13375,9ab43f941c11a4b09a0e4aea61b4a5b4612e7933,What approach did previous models use for multi-span questions?,previous models used a dedicated categorical variable to predict the number of spans to extract and generalized the single-span head method of extracting a span by utilizing the non-maximum suppressio,0.5312,0.5312,0.3745,abstractive,1,1,78,20.57
kmeans,1909.13375,5a02a3dd26485a4e4a77411b50b902d2bda3731b,How they use sequence tagging to answer multi-span questions?,"The multi-span head uses the BIO tagging format, where B marks the beginning of a span, I marks the inside of a span, and O marks tokens not included in a span. Each answer span is marked at least onc",0.5542,0.506,0.2034,extractive,1,1,78,20.57
kmeans,1909.13375,579941de2838502027716bae88e33e79e69997a6,What is difference in peformance between proposed model and state-of-the art on other question types?,Unanswerable,0.0,0.0,0.0,abstractive,1,1,78,20.57
kmeans,1909.13375,9a65cfff4d99e4f9546c72dece2520cae6231810,What is the performance of proposed model on entire DROP dataset?,"The context states that the proposed model ""slightly eclipses the current state-of-the-art results on the entire DROP dataset."" However, it does not provide specific numerical scores for the entire DR",0.1277,0.1277,0.0339,abstractive,1,1,78,20.57
kmeans,1909.13375,a9def7958eac7b9a780403d4f136927f756bab83,What is the previous model that attempted to tackle multi-span questions as a part of its design?,BIBREF4,0.6667,0.6667,0.3679,extractive,1,1,78,20.57
kmeans,1909.00430,547be35cff38028648d199ad39fb48236cfb99ee,"How much more data does the model trained using XR loss have access to, compared to the fully supervised model?",Unanswerable,1.0,1.0,1.0,unanswerable,1,1,68,15.78
kmeans,1909.00430,47a30eb4d0d6f5f2ff4cdf6487265a25c1b18fd8,Does the system trained only using XR loss outperform the fully supervised neural system?,No,0.0,0.0,0.0,yes_no,1,1,68,15.78
kmeans,1909.00430,e42fbf6c183abf1c6c2321957359c7683122b48e,How accurate is the aspect based sentiment classifier trained only using the XR loss?,Unanswerable,0.0,0.0,0.0,abstractive,1,1,68,15.78
kmeans,1909.00430,e574f0f733fb98ecef3c64044004aa7a320439be,How is the expectation regularization loss defined?,The expectation regularization (XR) loss is defined as:,0.0,0.0,0.0,extractive,1,1,68,15.78
kmeans,1910.11493,b65b1c366c8bcf544f1be5710ae1efc6d2b1e2f1,What were the non-neural baselines used for the task?,Unanswerable,0.0,0.0,0.0,abstractive,1,1,60,15.62
kmeans,1910.00912,bd3ccb63fd8ce5575338d7332e96def7a3fabad6,Which publicly available NLU dataset is used?,NLU-Benchmark dataset,0.6667,0.6667,0.3679,extractive,1,1,84,46.78
kmeans,1910.00912,7c794fa0b2818d354ca666969107818a2ffdda0c,What metrics other than entity tagging are compared?,intent recognition,0.069,0.069,0.0,extractive,1,1,84,46.78
kmeans,1908.10449,1ef5fc4473105f1c72b4d35cf93d312736833d3d,Do they provide decision sequences as supervision while training models?,No,1.0,1.0,1.0,yes_no,1,1,79,16.39
kmeans,1908.10449,5f9bd99a598a4bbeb9d2ac46082bd3302e961a0f,What are the models evaluated on?,The models are evaluated on the Interactive Multi-Document Reading Comprehension (iMRC) task.,0.1481,0.1481,0.0417,abstractive,1,1,79,16.39
kmeans,1908.10449,b2fab9ffbcf1d6ec6d18a05aeb6e3ab9a4dbf2ae,How do they train models in this setup?,"They train models using an RL training algorithm, specifically adopting the Rainbow algorithm, which integrates several extensions to the original Deep Q-Learning algorithm. The training involves inte",0.1613,0.129,0.0258,extractive,1,1,79,16.39
kmeans,1908.10449,e9cf1b91f06baec79eb6ddfd91fc5d434889f652,What commands does their setup provide to models seeking information?,Ctrl+F (search for token) and stop.,0.3636,0.3636,0.1623,extractive,1,1,79,16.39
kmeans,1910.03814,6976296126e4a5c518e6b57de70f8dc8d8fde292,What models do they propose?,"They propose three models: Feature Concatenation Model (FCM), Spatial Concatenation Model (SCM), and Textual Kernels Model (TKM).",0.8276,0.8276,0.5635,extractive,1,1,70,46.39
kmeans,1910.03814,53640834d68cf3b86cf735ca31f1c70aa0006b72,Are all tweets in English?,Unanswerable,1.0,1.0,1.0,unanswerable,1,1,70,46.39
kmeans,1910.03814,b2b0321b0aaf58c3aa9050906ade6ef35874c5c1,How large is the dataset?,"150,000",0.6667,0.6667,0.3679,extractive,1,1,70,46.39
kmeans,1910.03814,4e9684fd68a242cb354fa6961b0e3b5c35aae4b6,What is the results of multimodal compared to unimodal models?,The proposed multimodal models do not outperform unimodal textual models in hate speech detection.,0.1212,0.0606,0.0361,abstractive,1,1,70,46.39
kmeans,1910.03814,2e632eb5ad611bbd16174824de0ae5efe4892daf,What is author's opinion on why current multimodal models cannot outperform models analyzing only text?,"The results show that images can be effectively used to discriminate between offensive and non-offensive uses of those words, but the proposed multimodal models are not able to improve the detection c",0.2692,0.1923,0.096,extractive,1,1,70,46.39
kmeans,1910.03814,d1ff6cba8c37e25ac6b261a25ea804d8e58e09c0,What metrics are used to benchmark the results?,"F-score, AUC, and ACC",0.2143,0.2143,0.0024,extractive,1,1,70,46.39
kmeans,1910.03814,24c0f3d6170623385283dfda7f2b6ca2c7169238,"How is data collected, manual collection or Twitter api?",Twitter API,1.0,1.0,1.0,extractive,1,1,70,46.39
kmeans,1910.03814,21a9f1cddd7cb65d5d48ec4f33fe2221b2a8f62e,"How many tweats does MMHS150k contains, 150000?",Yes,0.0,0.0,0.0,extractive,1,1,70,46.39
kmeans,1910.03814,a0ef0633d8b4040bf7cdc5e254d8adf82c8eed5e,What unimodal detection models were used?,Unanswerable,0.0,0.0,0.0,extractive,1,1,70,46.39
kmeans,1910.03814,b0799e26152197aeb3aa3b11687a6cc9f6c31011,What different models for multimodal detection were proposed?,"The different models for multimodal detection proposed include:
1. Feature Concatenation Model (FCM)
2. Spatial Concatenation Model (SCM)
3. Textual Kernels Model (TKM)",0.7059,0.7059,0.3244,extractive,1,1,70,46.39
kmeans,1910.03814,4ce4db7f277a06595014db181342f8cb5cb94626,What annotations are available in the dataset - tweat used hate speach or not?,binary labels,0.0,0.0,0.0,extractive,1,1,70,46.39
kmeans,1701.00185,62a6382157d5f9c1dce6e6c24ac5994442053002,What were the evaluation metrics used?,The evaluation metrics used were accuracy (ACC) and the normalized mutual information metric (NMI).,0.5,0.5,0.1355,extractive,1,1,105,43.39
kmeans,1701.00185,9e04730907ad728d62049f49ac828acb4e0a1a2a,What were their performance results?,Unanswerable,0.0,0.0,0.0,abstractive,1,1,105,43.39
kmeans,1701.00185,5a0841cc0628e872fe473874694f4ab9411a1d10,By how much did they outperform the other methods?,Unanswerable,0.0,0.0,0.0,abstractive,1,1,105,43.39
kmeans,1701.00185,a5dd569e6d641efa86d2c2b2e970ce5871e0963f,Which popular clustering methods did they experiment with?,"K-means, Skip-thought Vectors, Recursive Neural Network, and Paragraph Vector based clustering methods.",1.0,1.0,1.0,extractive,1,1,105,43.39
kmeans,1701.00185,785c054f6ea04701f4ab260d064af7d124260ccc,What datasets did they use?,"- **SearchSnippets**: From web search transactions using predefined phrases from 8 domains.
- **StackOverflow**: Challenge data from Kaggle, consisting of 3,370,528 samples from July to August 201",0.1429,0.1429,0.0331,extractive,1,1,105,43.39
kmeans,1912.00871,3f6610d1d68c62eddc2150c460bf1b48a064e5e6,Does pre-training on general text corpus improve performance?,Yes,0.0,0.0,0.0,yes_no,1,1,65,41.75
kmeans,1912.00871,4c854d33a832f3f729ce73b206ff90677e131e48,What neural configurations are explored?,"The context mentions that a large number of neural configurations are explored, but specifically reports results with only three configurations of Transformers. These are referred to as Transformer Ty",0.5484,0.5161,0.2536,extractive,1,1,65,41.75
kmeans,1912.00871,163c15da1aa0ba370a00c5a09294cd2ccdb4b96d,Are the Transformers masked?,Unanswerable,0.0,0.0,0.0,yes_no,1,1,65,41.75
kmeans,1912.00871,90dd5c0f5084a045fd6346469bc853c33622908f,How is this problem evaluated?,Performance is evaluated through a masked prediction method where the model predicts the masked subword tokens and their accuracy is calculated.,0.0,0.0,0.0,extractive,1,1,65,41.75
kmeans,1912.00871,095888f6e10080a958d9cd3f779a339498f3a109,What datasets do they use?,"The study uses four datasets: AI2 Mitra and Baral, Koncel-Kedziorski et al, and Roy and Roth. Additionally, they use the Illinois dataset and MAWPS.",0.1333,0.1333,0.0345,extractive,1,1,65,41.75
kmeans,1912.03234,57e783f00f594e08e43a31939aedb235c9d5a102,What evaluation metrics were used?,"AUC-ROC, overall accuracy",0.5,0.5,0.3333,extractive,1,1,48,46.03
kmeans,1912.03234,9646fa1abbe3102a0364f84e0a55d107d45c97f0,Where did the real production data come from?,Unanswerable,0.0,0.0,0.0,extractive,1,1,48,46.03
kmeans,1912.03234,29983f4bc8a5513a198755e474361deee93d4ab6,What feedback labels are used?,"The feedback labels used are ""five-minute reuse"" and ""one-day return"".",0.7143,0.7143,0.4463,extractive,1,1,48,46.03
kmeans,1911.11750,6c0f97807cd83a94a4d26040286c6f89c4a0f8e0,What representations for textual documents do they use?,"They use vector space models (VSM) to represent textual documents, specifically representing each document as a vector of TF-IDF weights.",0.087,0.087,0.034,extractive,1,1,45,19.32
kmeans,1911.11750,13ca4bf76565564c8ec3238c0cbfacb0b41e14d2,Which dataset(s) do they use?,14,0.5,0.5,0.1353,extractive,1,1,45,19.32
kmeans,1911.11750,70797f66d96aa163a3bee2be30a328ba61c40a18,How do they evaluate knowledge extraction performance?,They evaluate knowledge extraction performance by conducting experiments using a dataset of 14 Technical Documents (TDs).,0.0,0.0,0.0,extractive,1,1,45,19.32
kmeans,1911.03894,71f2b368228a748fd348f1abf540236568a61b07,What is CamemBERT trained on?,"CamemBERT was trained on the French language using the OSCAR BIBREF13 corpus, a pre-classified and filtered version of the November 2018 Common Crawl data.",0.3846,0.2308,0.0573,extractive,1,1,72,24.67
kmeans,1911.03894,d3d4eef047aa01391e3e5d613a0f1f786ae7cfc7,Which tasks does CamemBERT not improve on?,Unanswerable,0.0,0.0,0.0,extractive,1,1,72,24.67
kmeans,1911.03894,63723c6b398100bba5dc21754451f503cb91c9b8,What is the state of the art?,CamemBERT,0.0,0.0,0.0,abstractive,1,1,72,24.67
kmeans,1911.03894,5471766ca7c995dd7f0f449407902b32ac9db269,How much better was results of CamemBERT than previous results on these tasks?,"CamemBERT outperformed previous models in most tasks, achieving state-of-the-art performance. Specifically, for POS tagging, it reduced errors by 0.71% for GSD and similar margins for other tasks. On ",0.2,0.1818,0.0156,extractive,1,1,72,24.67
kmeans,1911.03894,dc49746fc98647445599da9d17bc004bafdc4579,Was CamemBERT compared against multilingual BERT on these tasks?,Yes,1.0,1.0,1.0,yes_no,1,1,72,24.67
kmeans,1911.03894,8720c096c8b990c7b19f956ee4930d5f2c019e2b,How long was CamemBERT trained?,Unanswerable,1.0,1.0,1.0,unanswerable,1,1,72,24.67
kmeans,1911.03894,b573b36936ffdf1d70e66f9b5567511c989b46b2,What data is used for training CamemBERT?,"The training data used for CamemBERT is the OSCAR corpus, which is a pre-classified and filtered version of the November 2018 Common Crawl data.",0.3077,0.1538,0.0644,extractive,1,1,72,24.67
kmeans,2001.09899,bf25a202ac713a34e09bf599b3601058d9cace46,What are the state of the art measures?,"The state of the art measures mentioned are the ones proposed by Garimella et al (BIBREF23), which include different metrics to measure polarization on Twitter.",0.0,0.0,0.0,extractive,1,1,78,20.55
kmeans,2001.09899,abebf9c8c9cf70ae222ecb1d3cabf8115b9fc8ac,What controversial topics are experimented with?,"political events such as elections, corruption cases or justice decisions",1.0,1.0,1.0,extractive,1,1,78,20.55
kmeans,2001.09899,2df910c9806f0c379d7bb1bc2be2610438e487dc,What datasets did they use?,"They used thirty different discussions, datasets from other works (BIBREF32, BIBREF23, BIBREF33), and additional datasets collected by them using a similar criterion.",0.24,0.16,0.0549,extractive,1,1,78,20.55
kmeans,2001.09899,a2a3af59f3f18a28eb2ca7055e1613948f395052,What social media platform is observed?,Twitter,1.0,1.0,1.0,extractive,1,1,78,20.55
kmeans,2001.09899,d92f1c15537b33b32bfc436e6d017ae7d9d6c29a,How many languages do they experiment with?,Four,0.2222,0.2222,0.0009,extractive,1,1,78,20.55
kmeans,1710.01492,fa3663567c48c27703e09c42930e51bacfa54905,What is the current SOTA for sentiment analysis on Twitter at the time of writing?,Unanswerable,0.0,0.0,0.0,extractive,1,1,84,16.54
kmeans,1710.01492,7997b9971f864a504014110a708f215c84815941,"What difficulties does sentiment analysis on Twitter have, compared to sentiment analysis in other domains?",The context mentions several difficulties specific to sentiment analysis on Twitter:,0.0,0.0,0.0,abstractive,1,1,84,16.54
kmeans,1710.01492,0d1408744651c3847469c4a005e4a9dccbd89cf1,What are the metrics to evaluate sentiment analysis on Twitter?,Unanswerable,1.0,1.0,1.0,unanswerable,1,1,84,16.54
kmeans,1912.01673,a3d83c2a1b98060d609e7ff63e00112d36ce2607,How many sentence transformations on average are available per unique sentence in dataset?,2.3,0.0,0.0,0.0,abstractive,1,1,39,14.63
kmeans,1912.01673,aeda22ae760de7f5c0212dad048e4984cd613162,What annotations are available in the dataset?,"The dataset includes annotations for 150 source sentences, with each sentence being transformed up to 20 times in the first round of annotation. This results in a total of 2930 unique transformations ",0.2917,0.2083,0.0328,abstractive,1,1,39,14.63
kmeans,1912.01673,d5fa26a2b7506733f3fa0973e2fe3fc1bbd1a12d,"How are possible sentence transformations represented in dataset, as new sentences?","Each sentence in the dataset is modified to illustrate 15 types of transformations, including simplification, generalization, and style changes.",0.0,0.0,0.0,abstractive,1,1,39,14.63
kmeans,1912.01673,2d536961c6e1aec9f8491e41e383dc0aac700e0a,What are all 15 types of modifications ilustrated in the dataset?,Unanswerable,0.0,0.0,0.0,abstractive,1,1,39,14.63
kmeans,1912.01673,18482658e0756d69e39a77f8fcb5912545a72b9b,Is this dataset publicly available?,Yes,1.0,1.0,1.0,yes_no,1,1,39,14.63
kmeans,1912.01673,9d336c4c725e390b6eba8bb8fe148997135ee981,Are some baseline models trained on this dataset?,Unanswerable,0.0,0.0,0.0,yes_no,1,1,39,14.63
kmeans,1912.01673,016b59daa84269a93ce821070f4f5c1a71752a8a,Do they do any analysis of of how the modifications changed the starting set of sentences?,No,0.0,0.0,0.0,yes_no,1,1,39,14.63
kmeans,1912.01673,771b373d09e6eb50a74fffbf72d059ad44e73ab0,How do they introduce language variation?,"By having annotators create sentences with different meanings using the same words, minimal changes, and nonsense transformations.",0.0769,0.0769,0.0411,extractive,1,1,39,14.63
kmeans,1912.01673,efb52bda7366d2b96545cf927f38de27de3b5b77,Do they use external resources to make modifications to sentences?,Yes,0.0,0.0,0.0,yes_no,1,1,39,14.63
kmeans,1909.12231,1a7d28c25bb7e7202230e1b70a885a46dac8a384,How big is dataset domain-specific embedding are trained on?,Unanswerable,1.0,1.0,1.0,unanswerable,1,1,83,46.61
kmeans,1909.12231,6bc45d4f908672945192390642da5a2760971c40,How big is unrelated corpus universal embedding is traned on?,Unanswerable,1.0,1.0,1.0,unanswerable,1,1,83,46.61
kmeans,1909.12231,48cc41c372d44b69a477998be449f8b81384786b,How better are state-of-the-art results than this model? ,Unanswerable,0.0,0.0,0.0,extractive,1,1,83,46.61
kmeans,1706.08032,efb3a87845460655c53bd7365bcb8393c99358ec,What were their results on the three datasets?,Unanswerable,0.0,0.0,0.0,abstractive,1,1,47,19.21
kmeans,1706.08032,0619fc797730a3e59ac146a5a4575c81517cc618,What was the baseline?,BIBREF0,0.0222,0.0222,0.0,extractive,1,1,47,19.21
kmeans,1706.08032,846a1992d66d955fa1747bca9a139141c19908e8,Which datasets did they use?,"They used the Sanders - Twitter Sentiment Corpus, Health Care Reform (HCR) Corpus, and Stanford - Twitter Sentiment Corpus (STS Corpus).",0.875,0.5,0.6541,extractive,1,1,47,19.21
kmeans,1706.08032,1ef8d1cb1199e1504b6b0daea52f2e4bd2ef7023,Are results reported only on English datasets?,Unanswerable,0.0,0.0,0.0,yes_no,1,1,47,19.21
kmeans,1706.08032,12d77ac09c659d2e04b5e3955a283101c3ad1058,Which three Twitter sentiment classification datasets are used for experiments?,"The three Twitter sentiment classification datasets used for experiments are the Stanford - Twitter Sentiment Corpus (STS Corpus), Sanders - Twitter Sentiment Corpus, and Health Care Reform (HCR).",0.7368,0.7368,0.4791,extractive,1,1,47,19.21
kmeans,1706.08032,d60a3887a0d434abc0861637bbcd9ad0c596caf4,What semantic rules are proposed?,Unanswerable,0.0,0.0,0.0,abstractive,1,1,47,19.21
kmeans,1811.01399,69a7a6675c59a4c5fb70006523b9fe0f01ca415c,Which knowledge graph completion tasks do they experiment with?,The study compares LAN with conventional aggregators on two KG completion tasks.,0.0,0.0,0.0,extractive,1,1,78,29.1
kmeans,1811.01399,60cb756d382b3594d9e1f4a5e2366db407e378ae,"Apart from using desired properties, do they evaluate their LAN approach in some other way?",Yes,0.0,0.0,0.0,yes_no,1,1,78,29.1
kmeans,1811.01399,352a1bf734b2d7f0618e9e2b0dbed4a3f1787160,Do they evaluate existing methods in terms of desired properties?,Yes,1.0,1.0,1.0,yes_no,1,1,78,29.1
kmeans,1909.00124,045dbdbda5d96a672e5c69442e30dbf21917a1ee,How does the model differ from Generative Adversarial Networks?,Unanswerable,1.0,1.0,1.0,unanswerable,1,1,52,24.12
kmeans,1909.00124,c20b012ad31da46642c553ce462bc0aad56912db,What is the dataset used to train the model?,"The context states that the model is trained using clean-labeled datasets, specifically mentioning three clean-labeled datasets: the movie sentence polarity dataset, and datasets related to laptops an",0.2449,0.2449,0.1044,extractive,1,1,52,24.12
kmeans,1909.00124,13e87f6d68f7217fd14f4f9a008a65dd2a0ba91c,What is the performance of the model?,"The proposed NetAb model achieves the best ACC and F1 on all datasets except for F1 of the negative class on Laptop. It outperforms baselines designed for learning with noisy labels, and its performan",0.3171,0.1463,0.0374,abstractive,1,1,52,24.12
kmeans,1909.00124,89b9a2389166b992c42ca19939d750d88c5fa79b,Is the model evaluated against a CNN baseline?,Yes,1.0,1.0,1.0,yes_no,1,1,52,24.12
kmeans,1909.00088,dccc3b182861fd19ccce5bd00ce9c3f40451ed6e,Does the model proposed beat the baseline models for all the values of the masking parameter tested?,Unanswerable,0.0,0.0,0.0,yes_no,1,1,93,47.2
kmeans,1909.00088,98ba7a7aae388b1a77dd6cab890977251d906359,Has STES been previously used in the literature to evaluate similar tasks?,No,1.0,1.0,1.0,yes_no,1,1,93,47.2
kmeans,1909.00088,3da9a861dfa25ed486cff0ef657d398fdebf8a93,What are the baseline models mentioned in the paper?,"The baseline models mentioned in the paper are:
1. Noun WordNet Semantic Text Exchange Model (NWN-STEM)
2. General WordNet Semantic Text Exchange Model (GWN-STEM)
3. Word2Vec Semantic Text Exchange Mo",0.7917,0.7917,0.5325,extractive,1,1,93,47.2
kmeans,1911.01799,8c0a0747a970f6ea607ff9b18cfeb738502d9a95,What was the performance of both approaches on their dataset?,Unanswerable,0.0,0.0,0.0,abstractive,1,1,46,23.64
kmeans,1911.01799,529dabe7b4a8a01b20ee099701834b60fb0c43b0,What kind of settings do the utterances come from?,Unanswerable,0.0,0.0,0.0,extractive,1,1,46,23.64
kmeans,1911.01799,a2be2bd84e5ae85de2ab9968147b3d49c84dfb7f,What genres are covered?,"entertainment, interview, singing, play, movie, vlog, live broadcast, speech, drama, recitation, advertisement",0.9231,0.9231,0.7817,abstractive,1,1,46,23.64
kmeans,1911.01799,5699996a7a2bb62c68c1e62e730cabf1e3186eef,Do they experiment with cross-genre setups?,Unanswerable,0.0,0.0,0.0,yes_no,1,1,46,23.64
kmeans,1911.01799,944d5dbe0cfc64bf41ea36c11b1d378c408d40b8,Which of the two speech recognition models works better overall on CN-Celeb?,Unanswerable,0.0,0.0,0.0,abstractive,1,1,46,23.64
kmeans,1911.01799,327e6c6609fbd4c6ae76284ca639951f03eb4a4c,By how much is performance on CN-Celeb inferior to performance on VoxCeleb?,Unanswerable,0.0,0.0,0.0,abstractive,1,1,46,23.64
kmeans,1812.06705,df8cc1f395486a12db98df805248eb37c087458b,On what datasets is the new model evaluated on?,Six benchmark classification datasets are evaluated.,0.125,0.0625,0.0058,extractive,1,1,66,46.33
kmeans,1812.06705,6e97c06f998f09256be752fa75c24ba853b0db24,How do the authors measure performance?,"The authors measure performance through fine-tuning epochs and across various benchmarks. Specifically, they find that conditional BERT achieves significant performance improvements over BERT after ju",0.0588,0.0588,0.0209,abstractive,1,1,66,46.33
kmeans,1812.06705,de2d33760dc05f9d28e9dabc13bab2b3264cadb7,Does the new objective perform better than the original objective bert is trained on?,Yes,1.0,1.0,1.0,yes_no,1,1,66,46.33
kmeans,1812.06705,63bb39fd098786a510147f8ebc02408de350cb7c,Are other pretrained language models also evaluated for contextual augmentation? ,Unanswerable,0.0,0.0,0.0,yes_no,1,1,66,46.33
kmeans,1812.06705,6333845facb22f862ffc684293eccc03002a4830,Do the authors report performance of conditional bert on tasks without data augmentation?,Unanswerable,0.0,0.0,0.0,yes_no,1,1,66,46.33
kmeans,1905.08949,a12a08099e8193ff2833f79ecf70acf132eda646,Do they cover data augmentation papers?,No,1.0,1.0,1.0,yes_no,1,1,89,29.82
kmeans,1905.08949,999b20dc14cb3d389d9e3ba5466bc3869d2d6190,What is the latest paper covered by this survey?,Unanswerable,0.0,0.0,0.0,abstractive,1,1,89,29.82
kmeans,1905.08949,ca4b66ffa4581f9491442dcec78ca556253c8146,Do they survey visual question generation work?,Yes,1.0,1.0,1.0,yes_no,1,1,89,29.82
kmeans,1905.08949,b3ff166bd480048e099d09ba4a96e2e32b42422b,Do they survey multilingual aspects?,Unanswerable,0.0,0.0,0.0,yes_no,1,1,89,29.82
kmeans,1905.08949,3703433d434f1913307ceb6a8cfb9a07842667dd,What learning paradigms do they cover in this survey?,"""what to ask"" and ""how to ask""",0.3529,0.3529,0.1126,abstractive,1,1,89,29.82
kmeans,1905.08949,f7c34b128f8919e658ba4d5f1f3fc604fb7ff793,What are all the input modalities considered in prior work in question generation?,"textual inputs, images",0.6667,0.6667,0.2317,abstractive,1,1,89,29.82
kmeans,1905.08949,d42031893fd4ba5721c7d37e1acb1c8d229ffc21,Do they survey non-neural methods for question generation?,Unanswerable,0.0,0.0,0.0,yes_no,1,1,89,29.82
kmeans,1909.00170,a999761aa976458bbc7b4f330764796446d030ff,What is their model?,Their model is a hypersphere feature-based named entity recognition (NER) system.,0.1538,0.1538,0.0703,extractive,1,1,72,24.88
kmeans,1909.00170,f229069bcb05c2e811e4786c89b0208af90d9a25,Do they evaluate on NER data sets?,Yes,1.0,1.0,1.0,yes_no,1,1,72,24.88
kmeans,1701.03051,6b55b558ed581759425ede5d3a6fcdf44b8082ac,What previously proposed methods is this method compared against?,"Alec Go's baseline model using Naive Bayes, SVM, and MaxEnt classifiers, and Ayushi Dalmia's model with more involved preprocessing.",0.32,0.32,0.081,extractive,1,1,75,33.52
kmeans,1701.03051,3e3f5254b729beb657310a5561950085fa690e83,How is effective word score calculated?,EFWS(x) = N(+x) - N(-x),0.2222,0.2222,0.0009,extractive,1,1,75,33.52
kmeans,1701.03051,5bb96b255dab3e47a8a68b1ffd7142d0e21ebe2a,How is tweet subjectivity measured?,"Tweet subjectivity is measured using TextBlob, which provides a subjectivity level for each tweet as a score between 0 and 1.",0.0,0.0,0.0,unanswerable,1,1,75,33.52
kmeans,1603.01417,129c03acb0963ede3915415953317556a55f34ee,Why is supporting fact supervision necessary for DMN?,"Initially, the DMN architecture required supporting facts to be marked during training.",0.1,0.0667,0.0026,extractive,1,1,89,20.98
kmeans,1603.01417,58b3b630a31fcb9bffb510390e1ec30efe87bfbf,What does supporting fact supervision mean?,Supporting fact supervision refers to the requirement that facts relevant for answering a particular question must be labeled during training.,0.6667,0.6,0.2843,extractive,1,1,89,20.98
kmeans,1603.01417,141dab98d19a070f1ce7e7dc384001d49125d545,What changes they did on input module?,They replaced the single GRU with a sentence reader and an input fusion layer using a bi-directional GRU.,0.4324,0.4324,0.1062,extractive,1,1,89,20.98
kmeans,1603.01417,afdad4c9bdebf88630262f1a9a86ac494f06c4c1,What improvements they did for DMN?,"They proposed several improvements to the DMN, including:",0.1026,0.0513,0.0037,extractive,1,1,89,20.98
kmeans,1603.01417,bfd4fc82ffdc5b2b32c37f4222e878106421ce2a,How does the model circumvent the lack of supporting facts during training?,The model circumvents the lack of supporting facts during training by learning to select important facts from a larger set without requiring them to be labeled.,0.0889,0.0889,0.0329,extractive,1,1,89,20.98
kmeans,1603.01417,1ce26783f0ff38925bfc07bbbb65d206e52c2d21,Does the DMN+ model establish state-of-the-art ?,Yes,1.0,1.0,1.0,yes_no,1,1,89,20.98
kmeans,1911.03385,9213159f874b3bdd9b4de956a88c703aac988411,Is this style generator compared to some baseline?,Yes,1.0,1.0,1.0,yes_no,1,1,78,20.59
kmeans,1911.03385,5f4e6ce4a811c4b3ab07335d89db2fd2a8d8d8b2,"How they perform manual evaluation, what is criteria?",They performed manual evaluation by recruiting three English Literature PhD candidates to classify transferred sentences into their intended styles. The criteria involved two tasks:,0.0,0.0,0.0,extractive,1,1,78,20.59
kmeans,1911.03385,a234bcbf2e41429422adda37d9e926b49ef66150,What metrics are used for automatic evaluation?,BLEU scores and model perplexities,0.6154,0.6154,0.1972,extractive,1,1,78,20.59
kmeans,1911.03385,c383fa9170ae00a4a24a8e39358c38395c5f034b,How they know what are content words?,Unanswerable,0.0,0.0,0.0,extractive,1,1,78,20.59
kmeans,1911.03385,83251fd4a641cea8b180b49027e74920bca2699a,"How they model style as a suite of low-level linguistic controls, such as frequency of pronouns, prepositions, and subor","They model style using a neural encoder-decoder model that reconstructs reference sentences given only content words and the setting of the controls, where the controls include the frequency of pronou",0.137,0.137,0.0202,extractive,1,1,78,20.59
kmeans,1902.06843,5d70c32137e82943526911ebdf78694899b3c28a,Do they report results only on English data?,Unanswerable,1.0,1.0,1.0,unanswerable,1,1,93,21.23
kmeans,1902.06843,97dac7092cf8082a6238aaa35f4b185343b914af,What insights into the relationship between demographics and mental health are provided?,Our research provides insights into the relationship between demographics and mental health by assisting in the design of a new breed of demographic-aware health interventions. It also shows that auth,0.209,0.1194,0.0284,extractive,1,1,93,21.23
kmeans,1902.06843,195611926760d1ceec00bd043dfdc8eba2df5ad1,What model is used to achieve 5% improvement on F1 for identifying depressed individuals on Twitter?,Multimodal framework,0.0,0.0,0.0,extractive,1,1,93,21.23
kmeans,1902.06843,445e792ce7e699e960e2cb4fe217aeacdd88d392,How do this framework facilitate demographic inference from social media?,"By developing a multimodal framework and employing statistical techniques for fusing heterogeneous sets of features obtained by processing visual, textual and user interaction data.",0.0625,0.0625,0.0277,abstractive,1,1,93,21.23
kmeans,1902.06843,a3b1520e3da29d64af2b6e22ff15d330026d0b36,What types of features are used from each data type?,"From visual data: aesthetic features from images, color, facial presentation.
From textual data: linguistic features from text, profile descriptions, status updates.
From connectivity data: user inter",0.1111,0.0741,0.0265,extractive,1,1,93,21.23
kmeans,1902.06843,2cf8825639164a842c3172af039ff079a8448592,How is the data annotated?,The data is annotated using human-annotated Twitter users (64 for the control class) and crowdsourced signals collected through a game where players guess the biological sex and age of a user based on,0.1818,0.1818,0.0339,abstractive,1,1,93,21.23
kmeans,1902.06843,36b25021464a9574bf449e52ae50810c4ac7b642,Where does the information on individual-level demographics come from?,Unanswerable,0.0,0.0,0.0,abstractive,1,1,93,21.23
kmeans,1902.06843,98515bd97e4fae6bfce2d164659cd75e87a9fc89,What is the source of the user interaction data? ,Unanswerable,0.0,0.0,0.0,abstractive,1,1,93,21.23
kmeans,1902.06843,53bf6238baa29a10f4ff91656c470609c16320e1,What is the source of the textual data? ,"Facebook users who shared their status, age and gender",0.1818,0.1818,0.0833,abstractive,1,1,93,21.23
kmeans,1902.06843,b27f7993b1fe7804c5660d1a33655e424cea8d10,What is the source of the visual data? ,Social media platforms,0.0,0.0,0.0,abstractive,1,1,93,21.23
kmeans,1905.06512,e21a8581cc858483a31c6133e53dd0cfda76ae4c,Is there an online demo of their system?,Unanswerable,0.0,0.0,0.0,yes_no,1,1,94,34.11
kmeans,1905.06512,9f6e877e3bde771595e8aee10c2656a0e7b9aeb2,Do they perform manual evaluation?,No,0.0,0.0,0.0,yes_no,1,1,94,34.11
kmeans,1905.06512,a3783e42c2bf616c8a07bd3b3d503886660e4344,Do they compare against Noraset et al. 2017?,Unanswerable,0.0,0.0,0.0,yes_no,1,1,94,34.11
kmeans,1905.06512,0d0959dba3f7c15ee4f5cdee51682656c4abbd8f,What is a sememe?,A sememe is a component or aspect of a word's meaning.,0.2143,0.1429,0.0273,extractive,1,1,94,34.11
kmeans,2001.06286,589be705a5cc73a23f30decba23ce58ec39d313b,What data did they use?,"They used the Dutch Book Reviews Dataset (DBRD), specifically a subset of it containing approximately 289,000 masked sentences from the test set. Additionally, they utilized the Dutch section of the O",0.2857,0.2857,0.1162,extractive,1,1,61,45.89
kmeans,2001.06286,6e962f1f23061f738f651177346b38fd440ff480,What is the state of the art?,"The state-of-the-art results are achieved by RobBERT, as it outperforms previous models and other BERT models in various tasks including sentiment analysis and Dutch language tasks like the disambigua",0.0455,0.0455,0.0209,extractive,1,1,61,45.89
kmeans,2001.06286,594a6bf37eab64a16c6a05c365acc100e38fcff1,What language tasks did they experiment on?,dutch language tasks,0.0,0.0,0.0,extractive,1,1,61,45.89
kmeans,1910.02789,d79d897f94e666d5a6fcda3b0c7e807c8fad109e,What result from experiments suggest that natural language based agents are more robust?,Agents using natural language representations show improved robustness.,0.1538,0.0769,0.0316,abstractive,1,1,84,46.71
kmeans,1910.02789,599d9ca21bbe2dbe95b08cf44dfc7537bde06f98,How better is performance of natural language based agents in experiments?,"Agents using natural language representations show improved robustness, faster convergence, and better performance compared to those using vision-based methods.",0.0,0.0,0.0,unanswerable,1,1,84,46.71
kmeans,1910.02789,827464c79f33e69959de619958ade2df6f65fdee,How much faster natural language agents converge in performed experiments?,"Converge faster is mentioned but no specific time or speed difference is provided. Therefore, the answer is Unanswerable.",0.1111,0.1111,0.0588,unanswerable,1,1,84,46.71
kmeans,1910.02789,8e857e44e4233193c7b2d538e520d37be3ae1552,What experiments authors perform?,"Our experiments suggest that natural language based agents are more robust, converge faster and perform better than vision based agents, showing the benefit of using natural language representations f",0.0645,0.0645,0.0232,extractive,1,1,84,46.71
kmeans,1910.02789,084fb7c80a24b341093d4bf968120e3aff56f693,How is state to learn and complete tasks represented via natural language?,"The state is represented using natural language sentences that describe the state, similar to how humans summarize and transfer information efficiently.",0.3333,0.3333,0.081,extractive,1,1,84,46.71
kmeans,1902.00672,babe72f0491e65beff0e5889380e8e32d7a81f78,How does the model compare with the MMR baseline?,Unanswerable,0.0,0.0,0.0,extractive,1,1,185,29.39
kmeans,2001.07209,31ee92e521be110b6a5a8d08cc9e6f90a3a97aae,Does the paper discuss previous models which have been applied to the same task?,Unanswerable,0.0,0.0,0.0,yes_no,1,1,61,32.92
kmeans,2001.07209,737397f66751624bcf4ef891a10b29cfc46b0520,Which datasets are used in the paper?,"Google N-grams, COHA",0.6,0.6,0.2636,abstractive,1,1,61,32.92
kmeans,2001.07209,87cb19e453cf7e248f24b5f7d1ff9f02d87fc261,How does the parameter-free model work?,Unanswerable,0.0,0.0,0.0,extractive,1,1,61,32.92
kmeans,2001.07209,5fb6a21d10adf4e81482bb5c1ec1787dc9de260d,How do they quantify moral relevance?,"They compute diachronic moral relevance scores \( R_i = p(c_1|\mathbf{q}), i=1,\ldots,20 \) for the 20 decades in their time span.",0.0,0.0,0.0,abstractive,1,1,61,32.92
kmeans,2001.07209,542a87f856cb2c934072bacaa495f3c2645f93be,Which fine-grained moral dimension examples do they showcase?,"Care/Harm, Fairness/Cheating, Loyalty/Betrayal, Authority/Subversion, Sanctity/Degradation",0.0,0.0,0.0,extractive,1,1,61,32.92
kmeans,2001.07209,4fcc668eb3a042f60c4ce2e7d008e7923b25b4fc,Which dataset sources to they use to demonstrate moral sentiment through history?,Uncle Tom's Cabin,0.0,0.0,0.0,unanswerable,1,1,61,32.92
kmeans,2001.10161,c180f44667505ec03214d44f4970c0db487a8bae,How well did the system do?,"The context indicates that the neural model performed well, particularly in the fairy-tale genre where it ranked higher on both questions asked of the participants. In the mystery genre, while the neu",0.1111,0.1111,0.0278,extractive,1,1,67,20.05
kmeans,2001.10161,76d62e414a345fe955dc2d99562ef5772130bc7e,How is the information extracted?,"The information is extracted using two techniques: a neural question-answering technique and OpenIE5, a rule-based information extraction technique. Specifically, the neural question-answering techniq",0.6667,0.4,0.293,extractive,1,1,67,20.05
kmeans,1909.00279,6b9310b577c6232e3614a1612cbbbb17067b3886,What are some guidelines in writing input vernacular so model can generate ,Unanswerable,0.0,0.0,0.0,extractive,1,1,66,24.53
kmeans,1909.00279,d484a71e23d128f146182dccc30001df35cdf93f,How much is proposed model better in perplexity and BLEU score than typical UMT models?,"The context states that their approach ""significantly improves perplexity and BLEU scores compared with typical UMT models,"" but it does not provide specific numerical values indicating by how much th",0.1613,0.129,0.0275,abstractive,1,1,66,24.53
kmeans,1909.00279,5787ac3e80840fe4cf7bfae7e8983fa6644d6220,What dataset is used for training?,"A dataset was created from online resources, including 487 seven-character quatrain poems and their corresponding vernacular translations.",0.4138,0.2069,0.1198,extractive,1,1,66,24.53
kmeans,1909.06762,ee31c8a94e07b3207ca28caef3fbaf9a38d94964,What were the evaluation metrics?,BLEU and Entity F metrics,0.25,0.1667,0.0144,extractive,1,1,86,20.96
kmeans,1909.06762,66d743b735ba75589486e6af073e955b6bb9d2a4,What were the baseline systems?,"Attn seq2seq, Ptr-UNK",0.6,0.6,0.2636,extractive,1,1,86,20.96
kmeans,1909.06762,b9f852256113ef468d60e95912800fab604966f6,Which dialog datasets did they experiment with?,CamRest and InCar Assistant,0.8571,0.8571,0.3969,extractive,1,1,86,20.96
kmeans,1909.06762,88f8ab2a417eae497338514142ac12c3cec20876,What KB is used?,Unanswerable,1.0,1.0,1.0,unanswerable,1,1,86,20.96
kmeans,1812.07023,05e3b831e4c02bbd64a6e35f6c52f0922a41539a,At which interval do they extract video and audio frames?,equi-distantsegments,0.0,0.0,0.0,unanswerable,1,1,53,15.24
kmeans,1812.07023,bd74452f8ea0d1d82bbd6911fbacea1bf6e08cab,Do they use pretrained word vectors for dialogue context embedding?,Unanswerable,0.0,0.0,0.0,yes_no,1,1,53,15.24
kmeans,1812.07023,6472f9d0a385be81e0970be91795b1b97aa5a9cf,Do they train a different training method except from scheduled sampling?,No,0.0,0.0,0.0,abstractive,1,1,53,15.24
kmeans,1610.04377,2173809eb117570d289cefada6971e946b902bd6,Is the web interface publicly accessible?,Unanswerable,1.0,1.0,1.0,unanswerable,1,1,47,19.36
kmeans,1610.04377,293e9a0b30670f4f0a380e574a416665a8c55bc2,Is the Android application publicly available?,Unanswerable,1.0,1.0,1.0,unanswerable,1,1,47,19.36
kmeans,1610.04377,17de58c17580350c9da9c2f3612784b432154d11,What classifier is used for emergency categorization?,multi-class Naive Bayes classifier,0.8571,0.8571,0.63,extractive,1,1,47,19.36
kmeans,1610.04377,ff27d6e6eb77e55b4d39d343870118d1a6debd5e,What classifier is used for emergency detection?,SVM,1.0,1.0,1.0,extractive,1,1,47,19.36
kmeans,1610.04377,29772ba04886bee2d26b7320e1c6d9b156078891,Do the tweets come from any individual?,No,0.0,0.0,0.0,yes_no,1,1,47,19.36
kmeans,1610.04377,94dc437463f7a7d68b8f6b57f1e3606eacc4490a,How many categories are there?,Unanswerable,1.0,1.0,1.0,unanswerable,1,1,47,19.36
kmeans,1610.04377,9d9d84822a9c42eb0257feb7c18086d390dae3be,What was the baseline?,Unanswerable,1.0,1.0,1.0,unanswerable,1,1,47,19.36
kmeans,1610.04377,d27e3a099954e917b6491e81b2e907478d7f1233,Are the tweets specific to a region?,Yes,0.0,0.0,0.0,yes_no,1,1,47,19.36
kmeans,1906.06448,c0a11ba0f6bbb4c69b5a0d4ae9d18e86a4a8f354,Do they release MED?,Yes,1.0,1.0,1.0,yes_no,1,1,71,15.97
kmeans,1906.06448,dfc393ba10ec4af5a17e5957fcbafdffdb1a6443,What NLI models do they analyze?,"BiMPM, ESIM, Decomposable Attention Model, KIM, and BERT",0.9333,0.9333,0.7071,extractive,1,1,71,15.97
kmeans,1906.06448,311a7fa62721e82265f4e0689b4adc05f6b74215,How do they define upward and downward reasoning?,"Upward reasoning allows inferences from more general terms replacing specific ones, while downward reasoning allows inferences where more specific terms replace general ones.",0.4151,0.3396,0.0626,abstractive,1,1,71,15.97
kmeans,1906.06448,82bcacad668351c0f81bd841becb2dbf115f000e,What is monotonicity reasoning?,"Monotonicity reasoning involves capturing the interaction between lexical and syntactic structures, specifically focusing on how changes in the scope of quantifiers (like ""every"", ""some"", etc.) affect",0.4898,0.2857,0.1955,extractive,1,1,71,15.97
kmeans,1912.00819,5937ebbf04f62d41b48cbc6b5c38fc309e5c2328,What other relations were found in the datasets?,Apology with Sadness,0.0451,0.0451,0.0,extractive,1,1,59,19.72
kmeans,1912.00819,dcd6f18922ac5c00c22cef33c53ff5ae08b42298,How does the ensemble annotator extract the final label?,"The ensemble annotator extracts the final dialogue act label by ensembling five model output labels, checking for majority occurrences (most of the model labels are the same), and ranking confidence v",0.1677,0.1032,0.002,extractive,1,1,59,19.72
kmeans,1912.00819,2965c86467d12b79abc16e1457d848cb6ca88973,How were dialogue act labels defined?,"Dialogue act labels were defined using the DAMSL (Dialogue Act Markup in Several Layers) tag set. According to DAMSL, each dialogue act has a forward-looking function and a backwards-looking function.",0.5,0.4444,0.198,extractive,1,1,59,19.72
kmeans,1912.00819,b99948ac4810a7fe3477f6591b8cf211d6398e67,How many models were used?,5,0.0,0.0,0.0,extractive,1,1,59,19.72
kmeans,1907.00758,73d657d6faed0c11c65b1ab60e553db57f4971ca,Do they compare their neural network against any other model?,Unanswerable,0.0,0.0,0.0,yes_no,1,1,55,15.38
kmeans,1907.00758,9ef182b61461d0d8b6feb1d6174796ccde290a15,Do they annotate their own dataset or use an existing one?,"They use an existing one. The context mentions using the UltraSuite repository, which is described as ""a repository of ultrasound and acoustic data gathered from child speech therapy sessions."" It als",0.15,0.15,0.0505,abstractive,1,1,55,15.38
kmeans,1907.00758,f6f8054f327a2c084a73faca16cf24a180c094ae,Does their neural network predict a single offset in a recording?,No,0.0,0.0,0.0,yes_no,1,1,55,15.38
kmeans,1907.00758,b8f711179a468fec9a0d8a961fb0f51894af4b31,What kind of neural network architecture do they use?,two-stream neural network architecture,0.0,0.0,0.0,abstractive,1,1,55,15.38
kmeans,1710.06536,3bf429633ecbbfec3d7ffbcfa61fa90440cc918b,How are aspects identified in aspect extraction?,"Various rules are applied to identify aspect terms, including:
- Surrounding words by opinion terms.
- If a noun is a direct object not found in SenticNet, mark it as an aspect.
- If a noun is a compl",0.0488,0.0488,0.0189,extractive,1,1,125,22.58
kmeans,1701.02877,94e0cf44345800ef46a8c7d52902f074a1139e1a,What web and user-generated NER datasets are used for the analysis?,"UMBC Twitter corpus, ACE UN, WEB",0.3077,0.1538,0.1374,abstractive,1,1,167,46.23
kmeans,1904.05862,ad67ca844c63bf8ac9fdd0fa5f58c5a438f16211,Which unlabeled data do they pretrain with?,"They pretrained with about 1,000 hours of unlabeled speech, specifically mentioning the 80 hour subset of clean Librispeech and WSJ audio data.",0.4444,0.4444,0.1137,abstractive,1,1,45,15.01
kmeans,1904.05862,12eaaf3b6ebc51846448c6e1ad210dbef7d25a96,How many convolutional layers does their model have?,5,0.0,0.0,0.0,abstractive,1,1,45,15.01
kmeans,1904.05862,828615a874512844ede9d7f7d92bdc48bb48b18d,Do they explore how much traning data is needed for which magnitude of improvement for WER? ,Yes,1.0,1.0,1.0,yes_no,1,1,45,15.01
kmeans,1708.09157,a43c400ae37a8705ff2effb4828f4b0b177a74c4,How are character representations from various languages joint?,The character representations from various languages are joint through the sharing of individual character embeddings among the languages that are jointly trained on.,0.3429,0.2286,0.0599,extractive,1,1,73,16.22
kmeans,1708.09157,4056ee2fd7a0a0f444275e627bb881134a1c2a10,On which dataset is the experiment conducted?,"The experiments are conducted on the morphological tagging datasets provided by the Universal Dependencies (UD) treebanks. Specifically, the training, development, and test splits used are listed in t",0.4444,0.4444,0.3388,extractive,1,1,73,16.22
kmeans,1911.00069,f6496b8d09911cdf3a9b72aec0b0be6232a6dba1,Do they train their own RE model?,No,0.0,0.0,0.0,yes_no,1,1,85,16.51
kmeans,1911.00069,5c90e1ed208911dbcae7e760a553e912f8c237a5,How big are the datasets?,Unanswerable,0.0,0.0,0.0,abstractive,1,1,85,16.51
kmeans,1911.00069,3c3b4797e2b21e2c31cf117ad9e52f327721790f,What languages do they experiment on?,"English, German, Spanish, Italian, Japanese, Portuguese, and 7 target languages across a variety of language families",0.5385,0.5385,0.2676,extractive,1,1,85,16.51
kmeans,1911.00069,a7d72f308444616a0befc8db7ad388b3216e2143,What datasets are used?,The in-house dataset and the ACE05 multilingual dataset are used.,0.6667,0.6667,0.1562,extractive,1,1,85,16.51
kmeans,1910.04887,dfb0351e8fa62ceb51ce77b0f607885523d1b8e8,How better does auto-completion perform when using both language and vision than only language?,Our results demonstrate that auto-completion using both language and vision performs better than using only language.,0.0,0.0,0.0,unanswerable,1,1,26,14.13
kmeans,1910.04887,a130aa735de3b65c71f27018f20d3c068bafb826,How big is data provided by this research?,Unanswerable,0.0,0.0,0.0,extractive,1,1,26,14.13
kmeans,1910.04887,0c1663a7f7750b399f40ef7b4bf19d5c598890ff,How they complete a user query prefix conditioned upon an image?,They complete a user query prefix conditioned upon an image by incorporating the image features into a modified FactorCell LSTM language model along with the user query prefix.,0.1935,0.129,0.0364,extractive,1,1,26,14.13
kmeans,1810.00663,aa800b424db77e634e82680f804894bfa37f2a34,Did the collection process use a WoZ method?,Unanswerable,0.0,0.0,0.0,yes_no,1,1,78,16.2
kmeans,1810.00663,fbd47705262bfa0a2ba1440a2589152def64cbbd,By how much did their model outperform the baseline?,35%,0.0667,0.0667,0.0,extractive,1,1,78,16.2
kmeans,1810.00663,51aaec4c511d96ef5f5c8bae3d5d856d8bc288d3,What baselines did they compare their model with?,Baseline and Ablation models,0.1818,0.1818,0.0096,abstractive,1,1,78,16.2
kmeans,1810.00663,3aee5c856e0ee608a7664289ffdd11455d153234,What was the performance of their model?,"The context indicates that the ""final model ‘Ours with Mask and Ordered Triplets’"" outperformed the Baseline and Ablation models on all metrics in previously seen environments, increasing accuracy by ",0.0635,0.0635,0.0217,abstractive,1,1,78,16.2
kmeans,1810.00663,f42d470384ca63a8e106c7caf1cb59c7b92dbc27,What evaluation metrics are used?,EM (Exact Match) and GM (Goal Match),0.625,0.625,0.1755,abstractive,1,1,78,16.2
kmeans,1810.00663,29bdd1fb20d013b23b3962a065de3a564b14f0fb,Did the authors use a crowdsourcing platform?,Yes,1.0,1.0,1.0,yes_no,1,1,78,16.2
kmeans,1810.00663,25b2ae2d86b74ea69b09c140a41593c00c47a82b,How were the navigation instructions collected?,The navigation instructions were collected through Mechanical Turk using 100 simulated environments.,0.4762,0.4762,0.1754,abstractive,1,1,78,16.2
kmeans,1810.00663,fd7f13b63f6ba674f5d5447b6114a201fe3137cb,What language is the experiment done in?,Unanswerable,0.0,0.0,0.0,abstractive,1,1,78,16.2
kmeans,1809.05752,c82e945b43b2e61c8ea567727e239662309e9508,What additional features are proposed for future work?,A deeper analysis of clinical narratives in EHRs: distinguishing between clinically positive and negative phenomena within each risk factor domain.,0.6,0.6,0.5381,abstractive,1,1,64,15.78
kmeans,1809.05752,fbee81a9d90ff23603ee4f5986f9e8c0eb035b52,What are their initial results on this task?,"Their initial results on this task include an area under the curve (AUC) of 784 for readmission prediction performance with their model, compared to a baseline of 618. Additionally, they achieved the ",0.2222,0.1587,0.1181,abstractive,1,1,64,15.78
kmeans,1809.05752,39cf0b3974e8a19f3745ad0bcd1e916bf20eeab8,What datasets did the authors use?,"The authors used two main datasets:
1. Approximately 30,000 patient records from the system's hospitals.
2. An additional dataset of EHR texts queried from the Research Patient Data Registry (RPDR).",0.3529,0.3529,0.1947,extractive,1,1,64,15.78
kmeans,2001.01589,1f6180bba0bc657c773bd3e4269f87540a520ead,How many linguistic and semantic features are learned?,Unanswerable,1.0,1.0,1.0,unanswerable,1,1,45,14.81
kmeans,2001.01589,57388bf2693d71eb966d42fa58ab66d7f595e55f,How is morphology knowledge implemented in the method?,"The method segments complex words into simpler morpheme units and then applies Byte Pair Encoding (BPE) on the stem units. Specifically, it uses a ""morphologically motivated segmentation strategy that",0.1818,0.1818,0.0299,abstractive,1,1,45,14.81
kmeans,2001.01589,47796c7f0a7de76ccb97ccbd43dc851bb8a613d5,How does the word segmentation method work?,"The word segmentation method works by first segmenting each word into a stem unit and a sequence of suffix units (Stem with Combined Suffix, SCS). Then, Byte Pair Encoding (BPE) is applied to the stem",0.2667,0.2667,0.0754,extractive,1,1,45,14.81
kmeans,2001.01589,9d5153a7553b7113716420a6ddceb59f877eb617,Is the word segmentation method independently evaluated?,Unanswerable,0.0,0.0,0.0,yes_no,1,1,45,14.81
kmeans,1910.10324,55c840a2f1f663ab2bff984ae71501b17429d0c0,Do they normalize the calculated intermediate output hypotheses to compensate for the incompleteness?,Unanswerable,1.0,1.0,1.0,unanswerable,1,1,47,19.42
kmeans,1910.10324,fa5357c56ea80a21a7ca88a80f21711c5431042c,How many layers do they use in their best performing network?,36,1.0,1.0,1.0,extractive,1,1,47,19.42
kmeans,1910.10324,35915166ab2fd3d39c0297c427d4ac00e8083066,Do they just sum up all the loses the calculate to end up with one single loss?,No,1.0,1.0,1.0,yes_no,1,1,47,19.42
kmeans,1910.10324,e6c872fea474ea96ca2553f7e9d5875df4ef55cd,Does their model take more time to train than regular transformer models?,No,0.0,0.0,0.0,unanswerable,1,1,47,19.42
kmeans,1910.05456,fc29bb14f251f18862c100e0d3cd1396e8f2c3a1,Are agglutinative languages used in the prediction of both prefixing and suffixing languages?,Yes,1.0,1.0,1.0,yes_no,1,1,77,20.54
kmeans,1910.05456,f3e96c5487d87557a661a65395b0162033dc05b3,What is an example of a prefixing language?,Navajo,0.0,0.0,0.0,extractive,1,1,77,20.54
kmeans,1910.05456,74db8301d42c7e7936eb09b2171cd857744c52eb,How is the performance on the task evaluated?,Unanswerable,0.0,0.0,0.0,abstractive,1,1,77,20.54
kmeans,1910.05456,587885bc86543b8f8b134c20e2c62f6251195571,What are the tree target languages studied in the paper?,"English, Spanish, Zulu",0.8571,0.8571,0.4514,extractive,1,1,77,20.54
kmeans,1910.05154,b72264a73eea36c828e7de778a8b4599a5d02b39,Is the model evaluated against any baseline?,Unanswerable,0.0,0.0,0.0,yes_no,1,1,25,26.97
kmeans,1910.05154,24cc1586e5411a7f8574796d3c576b7c677d6e21,Does the paper report the accuracy of the model?,Unanswerable,0.0,0.0,0.0,yes_no,1,1,25,26.97
kmeans,1910.05154,db291d734524fa51fb314628b64ebe1bac7f7e1e,How is the performance of the model evaluated?,Unanswerable,0.0,0.0,0.0,extractive,1,1,25,26.97
kmeans,1910.05154,85abd60094c92eb16f39f861c6de8c2064807d02,What are the different bilingual models employed?,Unanswerable,0.0,0.0,0.0,extractive,1,1,25,26.97
kmeans,1910.05154,50f09a044f0c0795cc636c3e25a4f7c3231fb08d,How does the well-resourced language impact the quality of the output?,"The well-resourced language influences the quality of the output, as suggested by the findings that the quality of the segmentation is impacted by the language used for translation and alignment.",0.2917,0.1667,0.0584,extractive,1,1,25,26.97
kmeans,1806.00722,26b5c090f72f6d51e5d9af2e470d06b2d7fc4a98,what are the baselines?,"The baselines mentioned are a 4-layer encoder, 4-layer decoder, residual-connected model with an embedding and hidden size of 256 by default. Specifically, for IWSLT14 German-English and Turkish-Engli",0.6316,0.6316,0.429,extractive,1,1,62,19.99
kmeans,1806.00722,8c0621016e96d86a7063cb0c9ec20c76a2dba678,did they outperform previous methods?,Yes,1.0,1.0,1.0,yes_no,1,1,62,19.99
kmeans,1806.00722,f1214a05cc0e6d870c789aed24a8d4c768e1db2f,what language pairs are explored?,"IWSLT14 German-English, Turkish-English, and WMT14 English-German",0.6667,0.6667,0.2321,extractive,1,1,62,19.99
kmeans,1806.00722,41d3ab045ef8e52e4bbe5418096551a22c5e9c43,what datasets were used?,The datasets used include:,0.0,0.0,0.0,abstractive,1,1,62,19.99
kmeans,2003.03612,62736ad71c76a20aee8e003c462869bab4ab4b1e,How is order of binomials tracked across time?,By tracking the order of these binomials across time and communities.,0.1786,0.1429,0.0034,extractive,1,1,147,23.49
kmeans,2003.03612,aaf50a6a9f449389ef212d25d0fae59c10b0df92,What types of various community texts have been investigated for exploring global structure of binomials?,"news publications, wine reviews, and Reddit",1.0,1.0,1.0,extractive,1,1,147,23.49
kmeans,2003.03612,a1917232441890a89b9a268ad8f987184fa50f7a,Are there any new finding in analasys of trinomials that was not present binomials?,Yes,0.0,0.0,0.0,extractive,1,1,147,23.49
kmeans,2003.03612,574f17134e4dd041c357ebb75a7ef590da294d22,What new model is proposed for binomial lists?,global binomial ordering structure,0.0,0.0,0.0,extractive,1,1,147,23.49
kmeans,2003.03612,41fd359b8c1402b31b6f5efd660143d1414783a0,How was performance of previously proposed rules at very large scale?,Most previously proposed rules were ineffective at predicting binomial ordering in the large-scale analysis.,0.0,0.0,0.0,extractive,1,1,147,23.49
kmeans,2003.03612,d216d715ec27ee2d4949f9e908895a18fb3238e2,What previously proposed rules for predicting binoial ordering are used?,"- Jespersen's rule: If a binomial consists of a monosyllable and a disyllable, the monosyllable appears first followed by the conjunction 'and'.
- Panini's Law: Words with fewer syllables come",0.1714,0.1143,0.0364,extractive,1,1,147,23.49
kmeans,2003.03612,ba973b13f26cd5eb1da54663c0a72842681d5bf5,What online text resources are used to test binomial lists?,"news publications, wine reviews, and Reddit",1.0,1.0,1.0,extractive,1,1,147,23.49
kmeans,1904.08386,508580af51483b5fb0df2630e8ea726ff08d537b,How do they model a city description using embeddings?,"To model a city description using embeddings, they first compute a TF-IDF weighted element-wise mean of the token-level representations for each city description using three different pretrained metho",0.561,0.3415,0.2006,extractive,1,1,32,18.69
kmeans,1904.08386,89d1687270654979c53d0d0e6a845cdc89414c67,How do they obtain human judgements?,"They collect human judgments by having human readers generate similarity judgments, which are then compared to the computational results.",0.0,0.0,0.0,abstractive,1,1,32,18.69
kmeans,1904.08386,fc6cfac99636adda28654e1e19931c7394d76c7c,Which clustering method do they use to cluster city description embeddings?,"A clustering algorithm that produces exactly eleven clusters of five cities each, and it iteratively improves cluster strength through membership exchanges.",0.2286,0.1714,0.0171,extractive,1,1,32,18.69
kmeans,1909.00754,ed7a3e7fc1672f85a768613e7d1b419475950ab4,Does this approach perform better in the multi-domain or single-domain setting?,multi-domain,0.0,0.0,0.0,abstractive,1,1,92,47.37
kmeans,1909.00754,72ceeb58e783e3981055c70a3483ea706511fac3,What are the performance metrics used?,"The performance metrics used are joint goal accuracy, joint domain accuracy, and joint domain-slot accuracy.",0.3529,0.3529,0.1401,extractive,1,1,92,47.37
kmeans,1909.00754,9bfa46ad55136f2a365e090ce585fc012495393c,Which datasets are used to evaluate performance?,WoZ2.0 and MultiWoZ datasets,0.3636,0.3636,0.1509,extractive,1,1,92,47.37
kmeans,1906.00180,42812113ec720b560eb9463ff5e74df8764d1bff,How does the automatic theorem prover infer the relation?,Unanswerable,1.0,1.0,1.0,unanswerable,1,1,52,15.33
kmeans,1906.00180,4f4892f753b1d9c5e5e74c7c94d8c9b6ef523e7b,"If these model can learn the first-order logic on artificial language, why can't it lear for natural language?",Unanswerable,1.0,1.0,1.0,unanswerable,1,1,52,15.33
kmeans,1906.00180,f258ada8577bb71873581820a94695f4a2c223b3,How many samples did they generate for the artificial language?,Unanswerable,0.0,0.0,0.0,abstractive,1,1,52,15.33
kmeans,1806.02847,05bb75a1e1202850efa9191d6901de0a34744af0,Which of their training domains improves performance the most?,Unanswerable,0.0,0.0,0.0,extractive,1,1,59,28.6
kmeans,1806.02847,770aeff30846cd3d0d5963f527691f3685e8af02,Do they fine-tune their model on the end task?,No,0.0,0.0,0.0,yes_no,1,1,59,28.6
kmeans,1906.04571,f7817b949605fb04b1e4fec9dd9ca8804fb92ae9,Why does not the approach from English work on other languages?,"Because English does not mark grammatical gender, approaches developed for English are not transferable to morphologically rich languages that exhibit gender agreement.",0.4375,0.375,0.1759,abstractive,1,1,58,15.56
kmeans,1906.04571,8255f74cae1352e5acb2144fb857758dda69be02,How do they measure grammaticality?,"They measure grammaticality through the extrinsic evaluation using four languages where they trained the BPE-RNNLM baseline open-vocabulary language model of BIBREF28 using the original corpus, the co",0.05,0.05,0.0209,abstractive,1,1,58,15.56
kmeans,1906.04571,db62d5d83ec187063b57425affe73fef8733dd28,Which model do they use to convert between masculine-inflected and feminine-inflected sentences?,A four-step pipeline involving a Markov random field with an optional neural parameterization.,0.8235,0.8235,0.6389,extractive,1,1,58,15.56
kmeans,1909.04625,946676f1a836ea2d6fe98cb4cfc26b9f4f81984d,What is the performance achieved by the model described in the paper?,Unanswerable,1.0,1.0,1.0,unanswerable,1,1,80,16.31
kmeans,1909.04625,3b090b416c4ad7d9b5b05df10c5e7770a4590f6a,What is the best performance achieved by supervised models?,Unanswerable,1.0,1.0,1.0,unanswerable,1,1,80,16.31
kmeans,1909.04625,a1e07c7563ad038ee2a7de5093ea08efdd6077d4,What is the size of the datasets employed?,Unanswerable,0.0,0.0,0.0,extractive,1,1,80,16.31
kmeans,1909.04625,a1c4f9e8661d4d488b8684f055e0ee0e2275f767,What are the baseline models?,The baseline models mentioned are:,0.0,0.0,0.0,extractive,1,1,80,16.31
kmeans,1809.07629,c5171daf82107fce0f285fa18f19e91fbd1215c5,What evaluation metrics are used?,"BLEU and ROUGE (1, 2, L) scores",0.8235,0.8235,0.6514,extractive,1,1,56,37.13
kmeans,1809.07629,baeb6785077931e842079e9d0c9c9040947ffa4e,What datasets did they use?,The E2E NLG challenge dataset BIBREF21,1.0,1.0,1.0,extractive,1,1,56,37.13
kmeans,1807.05154,bb570d4a1b814f508a07e74baac735bf6ca0f040,Why does their model do better than prior models?,"Their model does better than prior models because it introduces richer and deeper representation enhancements, including the use of residual connections and stacked encoder blocks, which facilitate si",0.0444,0.0444,0.0151,extractive,1,1,81,16.38
kmeans,2002.11402,1771a55236823ed44d3ee537de2e85465bf03eaf,What is the difference in recall score between the systems?,Unanswerable,0.0,0.0,0.0,abstractive,1,1,45,40.99
kmeans,2002.11402,1d74fd1d38a5532d20ffae4abbadaeda225b6932,What is their f1 score and recall?,Unanswerable,0.0,0.0,0.0,abstractive,1,1,45,40.99
kmeans,2002.11402,da8bda963f179f5517a864943dc0ee71249ee1ce,How many layers does their system have?,"Based on the context provided, the system they settled on for final training used one layer of GRU instead of more layers. So, the answer is one layer.",0.0741,0.0741,0.0289,abstractive,1,1,45,40.99
kmeans,2002.11402,5c059a13d59947f30877bed7d0180cca20a83284,Which news corpus is used?,English news corpus,0.0,0.0,0.0,unanswerable,1,1,45,40.99
kmeans,2002.11402,a1885f807753cff7a59f69b5cf6d0fdef8484057,How large is the dataset they used?,3 million news articles,0.3158,0.3158,0.0269,extractive,1,1,45,40.99
kmeans,1804.09301,c2553166463b7b5ae4d9786f0446eb06a90af458,Which coreference resolution systems are tested?,"Three coreference resolution systems are tested: rule-based (RULE), feature-driven statistical (STAT), and neural (NEURAL).",0.3684,0.3684,0.0452,extractive,1,1,31,14.44
kmeans,2002.00652,cc9f0ac8ead575a9b485a51ddc06b9ecb2e2a44d,How big is improvement in performances of proposed model over state of the art?,10.6 and 5.4 points,0.3333,0.3333,0.0183,extractive,1,1,81,46.94
kmeans,2002.00652,69e678666d11731c9bfa99953e2cd5a5d11a4d4f,What two large datasets are used for evaluation?,SParC and CoSQL,0.75,0.75,0.3234,extractive,1,1,81,46.94
kmeans,2002.00652,471d624498ab48549ce492ada9e6129da05debac,What context modelling methods are evaluated?,13 context modeling methods are evaluated.,0.0,0.0,0.0,abstractive,1,1,81,46.94
kmeans,2002.00652,f858031ebe57b6139af46ee0f25c10870bb00c3c,What are two datasets models are tested on?,SParC and CoSQL,0.75,0.75,0.3234,extractive,1,1,81,46.94
kmeans,1909.00324,1763a029daca7cab10f18634aba02a6bd1b6faa7,How big is the improvement over the state-of-the-art results?,9%,0.0,0.0,0.0,extractive,1,1,75,20.49
kmeans,1909.00324,f9de9ddea0c70630b360167354004ab8cbfff041,Is the model evaluated against other Aspect-Based models?,Yes,1.0,1.0,1.0,yes_no,1,1,75,20.49
kmeans,1905.06566,fc8bc6a3c837a9d1c869b7ee90cf4e3c39bcd102,Is the baseline a non-heirarchical model like BERT?,No,0.0,0.0,0.0,abstractive,1,1,98,17.22
kmeans,2003.04032,58e65741184c81c9e7fe0ca15832df2d496beb6f,Do they build a model to recognize discourse relations on their dataset?,No,1.0,1.0,1.0,yes_no,1,1,85,16.57
kmeans,2003.04032,269b05b74d5215b09c16e95a91ae50caedd9e2aa,Which inter-annotator metric do they use?,agreement rates,0.6667,0.6667,0.3679,extractive,1,1,85,16.57
kmeans,2003.04032,0d7f514f04150468b2d1de9174c12c28e52c5511,How high is the inter-annotator agreement?,Unanswerable,0.0,0.0,0.0,extractive,1,1,85,16.57
kmeans,2003.04032,4d223225dbf84a80e2235448a4d7ba67bfb12490,How are resources adapted to properties of Chinese text?,"The resources are adapted to properties of Chinese text by modifying the annotation scheme based on PDTB-3 to suit Chinese characteristics. Specifically, the work annotates another type of text – the ",0.0,0.0,0.0,extractive,1,1,85,16.57
kmeans,2004.03034,ca26cfcc755f9d0641db0e4d88b4109b903dbb26,How better are results compared to baseline models?,"The BERT model with claim only representation performs significantly better than the baseline models ($p<0.001$). Specifically, the parent claim quality feature improves the F1 score by 46.61% compare",0.2917,0.1667,0.0537,abstractive,1,1,68,24.53
kmeans,2004.03034,6cdd61ebf84aa742155f4554456cc3233b6ae2bf,What models that rely only on claim-specific linguistic features are used as baselines?,SVM with distance from the thesis and linguistic features,0.3333,0.3333,0.1313,extractive,1,1,68,24.53
kmeans,2004.03034,8e8097cada29d89ca07166641c725e0f8fed6676,How is pargmative and discourse context added to the dataset?,"Pragmatic and discourse context is added to the dataset by including the argument context for each claim, which allows for the investigation of the characteristics associated with impactful arguments.",0.3529,0.1961,0.0501,extractive,1,1,68,24.53
kmeans,2004.03034,951098f0b7169447695b47c142384f278f451a1e,What annotations are available in the dataset?,"impact votes, argument context",0.087,0.087,0.0063,extractive,1,1,68,24.53
kmeans,1910.12618,07c59824f5e7c5399d15491da3543905cfa5f751,How big is dataset used for training/testing?,Unanswerable,0.0,0.0,0.0,abstractive,1,1,104,21.57
kmeans,1910.12618,77f04cd553df691e8f4ecbe19da89bc32c7ac734,Is there any example where geometric property is visible for context similarity between words?,Yes,1.0,1.0,1.0,yes_no,1,1,104,21.57
kmeans,1910.12618,728a55c0f628f2133306b6bd88af00eb54017b12,What geometric properties do embeddings display?,Our word vectors nonetheless display geometric properties pertaining to the behavior of the time series.,0.0,0.0,0.0,abstractive,1,1,104,21.57
kmeans,1910.12618,d5498d16e8350c9785782b57b1e5a82212dbdaad,How accurate is model trained on text exclusively?,less than 5% of MAPE,0.5455,0.5455,0.3256,abstractive,1,1,104,21.57
kmeans,1911.12569,3e839783d8a4f2fe50ece4a9b476546f0842b193,What was their result on Stance Sentiment Emotion Corpus?,The proposed system boosts the performance of emotion analysis by 5 F-score points on the Stance Sentiment Emotion Corpus.,0.1,0.1,0.0411,abstractive,1,1,69,24.58
kmeans,1911.12569,2869d19e54fb554fcf1d6888e526135803bb7d75,What performance did they obtain on the SemEval dataset?,3.2 F-score points improvement,0.0,0.0,0.0,abstractive,1,1,69,24.58
kmeans,1911.12569,894c086a2cbfe64aa094c1edabbb1932a3d7c38a,What are the state-of-the-art systems?,"Maximum entropy, SVM, LSTM, Bi-LSTM, and CNN were the state-of-the-art systems.",0.3226,0.3226,0.1308,abstractive,1,1,69,24.58
kmeans,1911.12569,722e9b6f55971b4c48a60f7a9fe37372f5bf3742,How is multi-tasking performed?,The multi-tasking is performed using a two-layered multi-task attention model that includes both primary and secondary attention mechanisms. The primary attention mechanism focuses on finding semantic,0.274,0.137,0.0487,extractive,1,1,69,24.58
kmeans,1911.12569,9c2f306044b3d1b3b7fdd05d1c046e887796dd7a,What are the datasets used for training?,Unanswerable,0.0,0.0,0.0,extractive,1,1,69,24.58
kmeans,1911.12569,3d99bc8ab2f36d4742e408f211bec154bc6696f7,How many parameters does the model have?,Unanswerable,1.0,1.0,1.0,unanswerable,1,1,69,24.58
kmeans,1911.12569,9219eef636ddb020b9d394868959325562410f83,What is the previous state-of-the-art model?,Unanswerable,0.0,0.0,0.0,extractive,1,1,69,24.58
kmeans,1911.12569,ff83eea2df9976c1a01482818340871b17ad4f8c,What is the previous state-of-the-art performance?,Unanswerable,1.0,1.0,1.0,unanswerable,1,1,69,24.58
kmeans,1910.01363,0ee20a3a343e1e251b74a804e9aa1393d17b46d6,How can the classifier facilitate the annotation task for human annotators?,"The classifier can facilitate the annotation task for human annotators by pre-filtering tweets, allowing them to focus on a smaller, more relevant set of tweets for manual annotation. Specifically, th",0.3438,0.2188,0.0584,extractive,1,1,69,24.7
kmeans,1910.01363,f0e8f045e2e33a2129e67fb32f356242db1dc280,What recommendations are made to improve the performance in future?,The context suggests that factors which might help improve classification in future work include exploring data augmentation techniques and identifying additional factors that could aid in improving t,0.0,0.0,0.0,extractive,1,1,69,24.7
kmeans,1910.01363,b6c235d5986914b380c084d9535a7b01310c0278,What type of errors do the classifiers use?,"Category I errors, Category II errors, and Category III errors",0.0,0.0,0.0,extractive,1,1,69,24.7
kmeans,1910.01363,e9b1e8e575809f7b80b1125305cfa76ae4f5bdfb,What neural classifiers are used?,Convolutional Neural Network (CNN),0.8889,0.8889,0.7788,extractive,1,1,69,24.7
kmeans,1910.01363,1e4450e23ec81fdd59821055f998fd9db0398b16,What is the hashtags does the hashtag-based baseline use?,pointwise mutual information (PMI),0.0,0.0,0.0,unanswerable,1,1,69,24.7
kmeans,1910.01363,02ce4c288df14a90a210cb39973c6ac0fb4cec59,What languages are included in the dataset?,English and Russian,0.5,0.5,0.3333,extractive,1,1,69,24.7
kmeans,1910.01363,60726d9792d301d5ff8e37fbb31d5104a520dea3,What dataset is used for this study?,MH17 Twitter dataset,1.0,1.0,1.0,extractive,1,1,69,24.7
kmeans,1910.01363,e39d90b8d959697d9780eddce3a343e60543be65,What proxies for data annotation were used in previous datasets?,URL domain and hashtags,0.0784,0.0392,0.0,extractive,1,1,69,24.7
kmeans,1901.04899,c6e63e3b807474e29bfe32542321d015009e7148,What are the supported natural commands?,Unanswerable,0.0,0.0,0.0,extractive,1,1,20,22.7
kmeans,1901.04899,4ef2fd79d598accc54c084f0cca8ad7c1b3f892a,What is the size of their collected dataset?,3347,0.5,0.5,0.1353,abstractive,1,1,20,22.7
kmeans,1901.04899,40e3639b79e2051bf6bce300d06548e7793daee0,Did they compare against other systems?,Yes,1.0,1.0,1.0,yes_no,1,1,20,22.7
kmeans,1901.04899,8383e52b2adbbfb533fbe8179bc8dae11b3ed6da,What intents does the paper explore?,"Set/Change Destination, Set/Change Route, Go Faster/Slower, Stop, Park, Pull Over, Drop Off, Open Door, and Miscellaneous",0.7879,0.7879,0.6331,extractive,1,1,20,22.7
kmeans,1606.05320,5f7850254b723adf891930c6faced1058b99bd57,"What kind of features are used by the HMM models, and how interpretable are those?","The HMM models use hidden state distributions obtained from the forward pass of the discrete HMM on the data. These models are made more interpretable through visualizations, such as coloring the trai",0.2258,0.2258,0.0289,abstractive,1,1,31,23.06
kmeans,1606.05320,4d05a264b2353cff310edb480a917d686353b007,What kind of information do the HMMs learn that the LSTMs don't?,"spaces, indentation, and special characters in the data (such as comment symbols in Linux data)",0.0,0.0,0.0,abstractive,1,1,31,23.06
kmeans,1606.05320,7cdce4222cea6955b656c1a3df1129bb8119e2d0,Which methods do the authors use to reach the conclusion that LSTMs and HMMs learn complementary information?,The authors use k-means clustering on LSTM state vectors and color-code the training data with these clusters (Figures 3 and 3) to visualize the overall state dynamics. They also apply decision trees ,0.75,0.3929,0.4165,extractive,1,1,31,23.06
kmeans,1606.05320,6ea63327ffbab2fc734dd5c2414e59d3acc56ea5,How large is the gap in performance between the HMMs and the LSTMs?,Unanswerable,0.0,0.0,0.0,abstractive,1,1,31,23.06
kmeans,1809.10644,50690b72dc61748e0159739a9a0243814d37f360,Do they report results only on English data?,Unanswerable,0.0,0.0,0.0,yes_no,1,1,46,39.9
kmeans,1809.10644,8266642303fbc6a1138b4e23ee1d859a6f584fbb,Which publicly available datasets are used?,"Sexist/Racist (SR), HATE, HAR",0.0,0.0,0.0,extractive,1,1,46,39.9
kmeans,1809.10644,3685bf2409b23c47bfd681989fb4a763bcab6be2,What embedding algorithm and dimension size are used?,"Glove Common Crawl Embeddings (840B Token), 300 Dimensions",0.3636,0.1818,0.1142,extractive,1,1,46,39.9
kmeans,1809.10644,19225e460fff2ac3aebc7fe31fcb4648eda813fb,What data are the embeddings trained on?,"The embeddings are trained on 10,000 examples, where each input is a sequence of tokens representing Twitter posts.",0.0,0.0,0.0,extractive,1,1,46,39.9
kmeans,1809.10644,f37026f518ab56c859f6b80b646d7f19a7b684fa,how much was the parameter difference between their model and previous methods?,"The context states that their models match or outperform state-of-the-art F1 performance on all three datasets using ""significantly fewer parameters and minimal feature preprocessing compared to previ",0.0426,0.0426,0.0168,extractive,1,1,46,39.9
kmeans,1809.10644,1231934db6adda87c1b15e571468b8e9d225d6fe,how many parameters did their model use?,"The context states that their model uses ""significantly fewer parameters"" than previous methods, but it does not specify the exact number of parameters used by their model. Therefore, the answer is:",0.1111,0.1111,0.0267,extractive,1,1,46,39.9
kmeans,1809.10644,81303f605da57ddd836b7c121490b0ebb47c60e7,which datasets were used?,"The datasets used were SR (Sexist/Racist), HATE, and HAR.",0.5333,0.4,0.1313,extractive,1,1,46,39.9
kmeans,1809.10644,a3f108f60143d13fe38d911b1cc3b17bdffde3bd,what was their system's f1 performance?,Unanswerable,0.0,0.0,0.0,abstractive,1,1,46,39.9
kmeans,1809.10644,118ff1d7000ea0d12289d46430154cc15601fd8e,what was the baseline?,logistic regression baseline model using character ngrams and word unigrams using TF*IDF weighting,0.2667,0.2667,0.1132,extractive,1,1,46,39.9
kmeans,1606.02006,102a0439739428aac80ac11795e73ce751b93ea1,What datasets were used?,KFTT and BTEC,0.75,0.75,0.3234,extractive,1,1,71,24.57
kmeans,1606.02006,d9c26c1bfb3830c9f3dbcccf4c8ecbcd3cb54404,What language pairs did they experiment with?,English-Japanese,1.0,1.0,1.0,extractive,1,1,71,24.57
kmeans,1911.03243,04f72eddb1fc73dd11135a80ca1cf31e9db75578,How much more coverage is in the new dataset?,25%,0.0,0.0,0.0,abstractive,1,1,41,23.55
kmeans,1911.03243,f74eaee72cbd727a6dffa1600cdf1208672d713e,How was coverage measured?,"Coverage was measured by comparing the recall of the PropBank roles, and it was noted that the coverage obtained by the annotation protocol reconfirmed the high recall. Additionally, the coverage gain",0.0,0.0,0.0,extractive,1,1,41,23.55
kmeans,1911.03243,068dbcc117c93fa84c002d3424bafb071575f431,How was quality measured?,"Quality was established using an additional validation step where workers had to ascertain the validity of the question, but not of its answers. Additionally, in the reserved ""Dense"" part of the corpu",0.0426,0.0426,0.0172,abstractive,1,1,41,23.55
kmeans,1911.03243,96526a14820b7debfd6f7c5beeade0a854b93d1a,How was the corpus obtained?,"The corpus was obtained through crowdsourcing, involving 133,000 verbs with 2-0 QA pairs per verb.",0.1053,0.1053,0.0478,extractive,1,1,41,23.55
kmeans,1911.03243,32ba4d2d15194e889cbc9aa1d21ff1aa6fa27679,How are workers trained?,"Our pool of annotators is selected after several short training rounds, with up to 15 predicates per round, in which they received extensive personal feedback.",0.2143,0.2143,0.0758,extractive,1,1,41,23.55
kmeans,1911.03243,78c010db6413202b4063dc3fb6e3cc59ec16e7e3,What is different in the improved annotation protocol?,The improved annotation protocol involves several key differences:,0.0,0.0,0.0,abstractive,1,1,41,23.55
kmeans,1911.03243,a69af5937cab861977989efd72ad1677484b5c8c,How was the previous dataset annotated?,"The previous dataset, referred to as the Dense evaluation dataset, was annotated using trained annotators or crowdsourcing, which led to inconsistent and incomplete annotations according to the contex",0.0,0.0,0.0,extractive,1,1,41,23.55
kmeans,1911.03243,8847f2c676193189a0f9c0fe3b86b05b5657b76a,How big is the dataset?,133K verbs,0.0,0.0,0.0,extractive,1,1,41,23.55
kmeans,1809.04686,05196588320dfb0b9d9be7d64864c43968d329bc,Do the other multilingual baselines make use of the same amount of training data?,Unanswerable,1.0,1.0,1.0,unanswerable,1,1,59,24.05
kmeans,1809.04686,e930f153c89dfe9cff75b7b15e45cd3d700f4c72,How big is the impact of training data size on the performance of the multilingual encoder?,Unanswerable,1.0,1.0,1.0,unanswerable,1,1,59,24.05
kmeans,1809.04686,545ff2f76913866304bfacdb4cc10d31dbbd2f37,What data were they used to train the multilingual encoder?,Unanswerable,0.0,0.0,0.0,abstractive,1,1,59,24.05
kmeans,1703.09684,cf93a209c8001ffb4ef505d306b6ced5936c6b63,From when are many VQA datasets collected?,2014-2016,0.0,0.0,0.0,abstractive,1,1,107,17.47
kmeans,1911.11744,fb5ce11bfd74e9d7c322444b006a27f2ff32a0cf,What is task success rate achieved? ,Unanswerable,0.0,0.0,0.0,abstractive,1,1,42,19.09
kmeans,1911.11744,1e2ffa065b640e912d6ed299ff713a12195e12c4,What simulations are performed by the authors to validate their approach?,An extensive set of simulations are performed by the authors to validate their approach.,0.1333,0.0667,0.0411,extractive,1,1,42,19.09
kmeans,1911.11744,28b2a20779a78a34fb228333dc4b93fd572fda15,Does proposed end-to-end approach learn in reinforcement or supervised learning manner?,Unanswerable,0.0,0.0,0.0,abstractive,1,1,42,19.09
kmeans,1910.03467,b367b823c5db4543ac421d0057b02f62ea16bf9f,Are synonymous relation taken into account in the Japanese-Vietnamese task?,Yes,1.0,1.0,1.0,yes_no,1,1,67,46.14
kmeans,1910.03467,84737d871bde8058d8033e496179f7daec31c2d3,Is the supervised morphological learner tested on Japanese?,Yes,0.0,0.0,0.0,yes_no,1,1,67,46.14
kmeans,1908.09156,7b3d207ed47ae58286029b62fd0c160a0145e73d,What is the dataset that is used in the paper?,Unanswerable,1.0,1.0,1.0,unanswerable,1,1,46,14.98
kmeans,1908.09156,d58c264068d8ca04bb98038b4894560b571bab3e,What is the performance of the models discussed in the paper?,Unanswerable,1.0,1.0,1.0,unanswerable,1,1,46,14.98
kmeans,1908.09156,f80d89fb905b3e7e17af1fe179b6f441405ad79b,Does the paper consider the use of perplexity in order to identify text anomalies?,Unanswerable,0.0,0.0,0.0,yes_no,1,1,46,14.98
kmeans,1908.09156,5f6fac08c97c85d5f4f4d56d8b0691292696f8e6,Does the paper report a baseline for the task?,Unanswerable,0.0,0.0,0.0,yes_no,1,1,46,14.98
kmeans,1911.00523,6adec34d86095643e6b89cda5c7cd94f64381acc,What non-contextual properties do they refer to?,Non-contextual properties of a word These features are derived directly from the word and capture the general tendency of a word being echoed in explanations,0.8947,0.8947,0.7941,extractive,1,1,99,21.61
kmeans,1911.00523,62ba1fefc1eb826fe0cbac092d37a3e2098967e9,What is the baseline?,The baseline is a random method that predicts the positive label with a probability of 0.15.,0.2667,0.2667,0.0912,extractive,1,1,99,21.61
kmeans,1911.00523,93ac147765ee2573923f68aa47741d4bcbf88fa8,What are their proposed features?,"Their proposed features include:
- Non-contextual properties of a word
- Word usage in an OP or PC (two groups)
- How a word connects an OP and PC",0.8372,0.8372,0.8042,extractive,1,1,99,21.61
kmeans,1911.00523,14c0328e8ec6360a913b8ecb3e50cb27650ff768,What are overall baseline results on new this new task?,Overall performance (Figure FIGREF28) shows that all models outperform the random baseline by a wide margin on this new word-level prediction task. The random baseline predicts the positive label with,0.4,0.3636,0.2366,extractive,1,1,99,21.61
kmeans,1911.00523,6073fa9050da76eeecd8aa3ccc7ecb16a238d83f,What metrics are used in evaluation of this task?,F1 score,1.0,1.0,1.0,extractive,1,1,99,21.61
kmeans,1911.00523,eacd7e540cc34cb45770fcba463f4bf968681d59,Do authors provide any explanation for intriguing patterns of word being echoed?,Yes,0.0,0.0,0.0,yes_no,1,1,99,21.61
kmeans,1911.00523,1124804c3702499b78cf0678bab5867e81284b6c,What features are proposed?,"Various features are proposed to capture how a word is used in the original post (OP) and persuasive comment (PC), including:",0.3,0.25,0.0678,extractive,1,1,99,21.61
kmeans,1803.03664,2b78052314cb730824836ea69bc968df7964b4e4,Which datasets are used to train this model?,SQUAD BIBREF16 dataset,0.5,0.5,0.3333,extractive,1,1,95,47.34
kmeans,1910.11949,11d2f0d913d6e5f5695f8febe2b03c6c125b667c,How is performance of this system measured?,BLEU score of 2.07,0.2667,0.2667,0.066,abstractive,1,1,58,28.48
kmeans,1910.11949,1c85a25ec9d0c4f6622539f48346e23ff666cd5f,How many questions per image on average are available in dataset?,5,0.4,0.4,0.0498,extractive,1,1,58,28.48
kmeans,1910.11949,37d829cd42db9ae3d56ab30953a7cf9eda050841,Is machine learning system underneath similar to image caption ML systems?,No,0.0,0.0,0.0,yes_no,1,1,58,28.48
kmeans,1910.11949,4b41f399b193d259fd6e24f3c6e95dc5cae926dd,How big dataset is used for training this system?,"15,000 images with 75,000 questions",0.4348,0.4348,0.0743,abstractive,1,1,58,28.48
kmeans,1902.09087,76377e5bb7d0a374b0aefc54697ac9cd89d2eba8,How do they obtain word lattices from words?,All of its possible substrings that can be considered as words are treated as vertexes,0.1379,0.1379,0.0526,abstractive,1,1,87,29.61
kmeans,1902.09087,85aa125b3a15bbb6f99f91656ca2763e8fbdb0ff,Which metrics do they use to evaluate matching?,"For DBQA, P@1 (Precision@1), MAP (Mean Average Precision) and MRR (Mean Reciprocal Rank) are adopted. For KBRE, only P@1 and MRR are used.",0.4667,0.4667,0.1071,extractive,1,1,87,29.61
kmeans,1902.09087,4b128f9e94d242a8e926bdcb240ece279d725729,Which dataset(s) do they evaluate on?,DBQA and KBRE,0.8,0.8,0.4082,extractive,1,1,87,29.61
kmeans,2003.04748,f8f13576115992b0abb897ced185a4f9d35c5de9,What languages do they look at?,They look at $N$ languages in competition in a single area and $M$ geographic areas in total.,0.0,0.0,0.0,unanswerable,1,1,176,33.13
kmeans,1907.01413,1fdcc650c65c11908f6bde67d5052087245f3dde,Do they report results only on English data?,Unanswerable,1.0,1.0,1.0,unanswerable,1,1,50,23.96
kmeans,1907.01413,abad9beb7295d809d7e5e1407cbf673c9ffffd19,Do they propose any further additions that could be made to improve generalisation to unseen speakers?,No,0.0,0.0,0.0,yes_no,1,1,50,23.96
kmeans,1907.01413,265c9b733e4dfffb76acfbade4c0c9b14d3ccde1,What are the characteristics of the dataset?,"The dataset contains synchronized acoustic and ultrasound data from 58 typically developing children, aged 5-12 years old (31 female, 27 male). It was aligned at the phone-level, and the data was divi",0.5897,0.5641,0.4091,extractive,1,1,50,23.96
kmeans,1907.01413,0f928732f226185c76ad5960402e9342c0619310,What type of models are used for classification?,Two types of models are used for classification: feedforward neural networks (DNNs) and convolutional neural networks (CNNs).,0.64,0.64,0.2863,extractive,1,1,50,23.96
kmeans,1907.01413,11c5b12e675cfd8d1113724f019d8476275bd700,Do they compare to previous work?,Yes,0.0,0.0,0.0,yes_no,1,1,50,23.96
kmeans,1907.01413,d24acc567ebaec1efee52826b7eaadddc0a89e8b,How many instances does their dataset have?,10700,1.0,1.0,1.0,extractive,1,1,50,23.96
kmeans,1907.01413,2d62a75af409835e4c123a615b06235a352a67fe,What model do they use to classify phonetic segments? ,Unanswerable,0.0,0.0,0.0,extractive,1,1,50,23.96
kmeans,1907.01413,fffbd6cafef96eeeee2f9fa5d8ab2b325ec528e6,How many speakers do they have in the dataset?,58,1.0,1.0,1.0,extractive,1,1,50,23.96
kmeans,1908.07816,c034f38a570d40360c3551a6469486044585c63c,How better is proposed method than baselines perpexity wise?,Unanswerable,0.0,0.0,0.0,abstractive,1,1,70,15.82
kmeans,1908.07816,9cbea686732b5b85f77868ca47d2f93cf34516ed,How does the multi-turn dialog system learns?,"The multi-turn dialog system learns emotional interactions through data-driven methods, specifically using a sequence-to-sequence architecture with an attention mechanism to handle multi-turn contexts",0.2319,0.1449,0.0488,extractive,1,1,70,15.82
kmeans,1908.07816,6aee16c4f319a190c2a451c1c099b66162299a28,How is human evaluation performed?,Human evaluation is performed by recruiting four English-speaking students from the authors' university who are not associated with the authors' lab. These students rate the responses generated by the,0.2174,0.2174,0.0354,extractive,1,1,70,15.82
kmeans,1908.07816,4d4b9ff2da51b9e0255e5fab0b41dfe49a0d9012,Is some other metrics other then perplexity measured?,Yes,0.0,0.0,0.0,yes_no,1,1,70,15.82
kmeans,1908.07816,180047e1ccfc7c98f093b8d1e1d0479a4cca99cc,What two baseline models are used?,The two baseline models used are the vanilla sequence-to-sequence model (denoted as S2S) and HRAN.,0.6316,0.6316,0.3027,extractive,1,1,70,15.82
kmeans,1703.03097,fb3687ea05d38b5e65fdbbbd1572eacd82f56c0b,Do they evaluate on relation extraction?,No,1.0,1.0,1.0,yes_no,1,1,109,26.08
kmeans,1808.09409,b5d6357d3a9e3d5fdf9b344ae96cddd11a407875,What is the baseline model for the agreement-based mode?,Unanswerable,0.0,0.0,0.0,extractive,1,1,75,37.77
kmeans,1808.09409,f33a21c6a9c75f0479ffdbb006c40e0739134716,Do the authors suggest why syntactic parsing is so important for semantic role labelling for interlanguages?,"The main reason, according to our analysis, is that the syntax-based system may generate correct syntactic analyses for partial grammatical fragments in L2 texts, which provides crucial information fo",0.4681,0.4681,0.2736,extractive,1,1,75,37.77
kmeans,1808.09409,8a1d4ed00d31c1f1cb05bc9d5e4f05fe87b0e5a4,Who manually annotated the semantic roles for the set of learner texts?,Two senior students majoring in Applied Linguistics,0.0,0.0,0.0,abstractive,1,1,75,37.77
kmeans,1808.00265,17f5f4a5d943c91d46552fb75940b67a72144697,By how much do they outperform existing state-of-the-art VQA models?,36.4% on the VQA-HAT dataset and 7.7% on the VQA-X dataset.,0.4138,0.4138,0.0973,extractive,1,1,70,33.36
kmeans,1808.00265,83f22814aaed9b5f882168e22a3eac8f5fda3882,How do they measure the correlation between manual groundings and model generated ones?,rank-correlation,0.6667,0.6667,0.3679,extractive,1,1,70,33.36
kmeans,1808.00265,ed11b4ff7ca72dd80a792a6028e16ba20fccff66,How do they obtain region descriptions and object annotations?,From the Visual Genome dataset.,0.5455,0.5455,0.2809,abstractive,1,1,70,33.36
kmeans,1810.09774,a48c6d968707bd79469527493a72bfb4ef217007,Which training dataset allowed for the best generalization to benchmark sets?,Unanswerable,0.0,0.0,0.0,abstractive,1,1,55,19.66
kmeans,1810.09774,b69897deb5fb80bf2adb44f9cbf6280d747271b3,Which model generalized the best?,BERT,1.0,1.0,1.0,extractive,1,1,55,19.66
kmeans,1810.09774,ad1f230f10235413d1fe501e414358245b415476,Which models were compared?,"Six models were compared: BiLSTM-max, ESIM, KIM, ESIM+ELMo, BERT, and HBMP.",0.6316,0.4211,0.1173,abstractive,1,1,55,19.66
kmeans,1810.09774,0a521541b9e2b5c6d64fb08eb318778eba8ac9f7,Which datasets were used?,"SNLI, MultiNLI, and SICK",1.0,1.0,1.0,extractive,1,1,55,19.66
kmeans,1910.05608,11e376f98df42f487298ec747c32d485c845b5cd,What was the baseline?,"The baseline was that without class weights, the model tended to classify everything as clean.",0.0,0.0,0.0,unanswerable,1,1,40,27.84
kmeans,1910.05608,284ea817fd79bc10b7a82c88d353e8f8a9d7e93c,Is the data all in Vietnamese?,No,0.0,0.0,0.0,yes_no,1,1,40,27.84
kmeans,1910.05608,c0122190119027dc3eb51f0d4b4483d2dbedc696,What classifier do they use?,"The paper uses several classifiers including TextCNN, VDCNN, a simple LSTM bidirectional model, LSTMCNN, and SARNN.",0.6087,0.3478,0.2045,extractive,1,1,40,27.84
kmeans,1910.05608,1ed6acb88954f31b78d2821bb230b722374792ed,What is private dashboard?,private dashboard,0.1667,0.1667,0.0,abstractive,1,1,40,27.84
kmeans,1910.05608,5a33ec23b4341584a8079db459d89a4e23420494,What is public dashboard?,Unanswerable,0.0,0.0,0.0,abstractive,1,1,40,27.84
kmeans,1910.05608,1b9119813ea637974d21862a8ace83bc1acbab8e,What dataset do they use?,"VLSP 2016, 2018, and 2019 HSD",0.129,0.129,0.0068,abstractive,1,1,40,27.84
kmeans,1906.07668,8abb96b2450ebccfcc5c98772cec3d86cd0f53e0,Do the authors report results only on English data?,Unanswerable,0.0,0.0,0.0,yes_no,1,1,59,24.28
kmeans,1906.07668,f52ec4d68de91dba66668f0affc198706949ff90,What other interesting correlations are observed?,"Based on the context provided, the only other interesting correlation explicitly mentioned besides ""Yoga-Veganism"" is ""Women-Yoga"".",0.1333,0.1333,0.0714,extractive,1,1,59,24.28
kmeans,1605.04655,225a567eeb2698a9d3f1024a8b270313a6d15f82,what were the baselines?,"The baselines were:
1. Deep Averaging Network (DAN) model with word-level dropout and multiple nonlinear transformations on averaged word embeddings.
2. Average mean of word embeddings in the sentence",0.4727,0.4727,0.2823,extractive,1,1,72,46.38
kmeans,1605.04655,35b10e0dc2cb4a1a31d5692032dc3fbda933bf7d,what is the state of the art for ranking mc test answers?,"The state-of-the-art for ranking MC test answers, according to the context, is improved by the proposed relevance-entailment model, particularly on the best model.",0.0,0.0,0.0,extractive,1,1,72,46.38
kmeans,1605.04655,f5eac66c08ebec507c582a2445e99317a83e9ebe,what is the size of the introduced dataset?,660,0.0,0.0,0.0,unanswerable,1,1,72,46.38
kmeans,1605.04655,62613aca3d7c7d534c9f6d8cb91ff55626bb8695,what datasets did they use?,They used the following datasets:,0.0,0.0,0.0,extractive,1,1,72,46.38
kmeans,1911.09483,6e4505609a280acc45b0a821755afb1b3b518ffd,What evaluation metric is used?,BLEU,0.6667,0.6667,0.3679,extractive,1,1,61,15.6
kmeans,1911.09483,9bd938859a8b063903314a79f09409af8801c973,What datasets are used?,"WMT14 En-Fr, WMT14 En-De, IWSLT De-En, IWSLT En-Vi",0.6667,0.6667,0.1601,extractive,1,1,61,15.6
kmeans,1911.09483,68ba5bf18f351e8c83fae7b444cc50bef7437f13,What are three main machine translation tasks?,Unanswerable,0.0,0.0,0.0,extractive,1,1,61,15.6
kmeans,1911.09483,f6a1125c5621a2f32c9bcdd188dff14efa096083,How big is improvement in performance over Transformers?,Unanswerable,0.0,0.0,0.0,extractive,1,1,61,15.6
kmeans,1805.00760,282aa4e160abfa7569de7d99b8d45cabee486ba4,How do they determine the opinion summary?,"They determine the opinion summary via a bi-linear term to calculate the association score between the input and each opinion word, and then obtain the improved opinion summary at each time step via t",0.2308,0.1923,0.0475,extractive,1,1,70,42.02
kmeans,1805.00760,ecfb2e75eb9a8eba8f640a039484874fa0d2fceb,Do they explore how useful is the detection history and opinion summary?,Yes,1.0,1.0,1.0,yes_no,1,1,70,42.02
kmeans,1805.00760,a6950c22c7919f86b16384facc97f2cf66e5941d,Which dataset(s) do they use to train the model?,Unanswerable,0.0,0.0,0.0,extractive,1,1,70,42.02
kmeans,1805.00760,54be3541cfff6574dba067f1e581444537a417db,By how much do they outperform state-of-the-art methods?,5.0%,0.0833,0.0833,0.0,extractive,1,1,70,42.02
kmeans,1909.05358,221e9189a9d2431902d8ea833f486a38a76cbd8e,What is the average number of turns per dialog?,23,0.2,0.2,0.0003,extractive,1,1,63,28.63
kmeans,1909.05358,a276d5931b989e0a33f2a0bc581456cca25658d9,What baseline models are offered?,"Several baseline models are offered including state-of-the-art neural seq2seq architectures such as Transformer, LSTM, and GPT-2.",0.303,0.1818,0.0578,extractive,1,1,63,28.63
kmeans,1909.05358,c21d26130b521c9596a1edd7b9ef3fe80a499f1e,Which six domains are covered in the dataset?,"ordering pizza, creating auto repair appointments, setting up ride service, ordering movie tickets, ordering coffee drinks and making restaurant reservations",1.0,1.0,1.0,extractive,1,1,63,28.63
kmeans,2003.06279,ec8043290356fcb871c2f5d752a9fe93a94c2f71,What other natural processing tasks authors think could be studied by using word embeddings?,authorship attribution,0.0,0.0,0.0,extractive,1,1,88,38.67
kmeans,2003.06279,728c2fb445173fe117154a2a5482079caa42fe24,What is the reason that traditional co-occurrence networks fail in establishing links between similar words whenever the,"traditional co-occurrence networks fail in establishing links between similar words whenever they appear distant in the text because they only connect adjacent words, disregarding long-range syntactic",0.12,0.08,0.0257,extractive,1,1,88,38.67
kmeans,2003.06279,23d32666dfc29ed124f3aa4109e2527efa225fbc,Do the use word embeddings alone or they replace some previous features of the model with word embeddings?,"They replace some previous features of the model with word embeddings. Specifically, the study introduces ""virtual"" edges based on word embeddings to connect semantically similar words, which are not ",0.3462,0.2308,0.0389,abstractive,1,1,88,38.67
kmeans,2003.06279,076928bebde4dffcb404be216846d9d680310622,On what model architectures are previous co-occurence networks based?,traditional co-occurrence networks,0.1333,0.1333,0.0001,extractive,1,1,88,38.67
kmeans,2004.03744,f33236ebd6f5a9ccb9b9dbf05ac17c3724f93f91,"Is model explanation output evaluated, what metric was used?","The relevance of explanations was evaluated using a marking scale between 0 and 1, where a score of \( k/n \) was assigned when \( k \) required attributes were given in an explanation out of \( n \).",0.0488,0.0488,0.0202,extractive,1,1,88,47.11
kmeans,2004.03744,66bf0d61ffc321f15e7347aaed191223f4ce4b4a,How many annotators are used to write natural language explanations to SNLI-VE-2.0?,"2,060",0.6667,0.6667,0.3679,extractive,1,1,88,47.11
kmeans,2004.03744,5dfa59c116e0ceb428efd99bab19731aa3df4bbd,How many natural language explanations are human-written?,One explanation for each instance in the training set of SNLI and three explanations for each instance in the validation and testing sets.,0.129,0.129,0.0432,abstractive,1,1,88,47.11
kmeans,2004.03744,0c557b408183630d1c6c325b5fb9ff1573661290,How much is performance difference of existing model between original and corrected corpus?,18%,0.0,0.0,0.0,extractive,1,1,88,47.11
kmeans,2004.03744,a08b5018943d4428f067c08077bfff1af3de9703,What is the class with highest error rate in SNLI-VE?,neutral,0.6667,0.6667,0.3679,extractive,1,1,88,47.11
kmeans,2001.09332,9447ec36e397853c04dcb8f67492ca9f944dbd4b,What is the dataset used as input to the Word2Vec algorithm?,"The dataset used as input to the Word2Vec algorithm was obtained using the information extracted from a dump of the Italian Wikipedia (dated 2019 04 01), from the main categories of Italian Google New",0.2439,0.1951,0.0458,abstractive,1,1,45,19.16
kmeans,2001.09332,12c6ca435f4fcd4ad5ea5c0d76d6ebb9d0be9177,Are the word embeddings tested on a NLP task?,Unanswerable,0.0,0.0,0.0,yes_no,1,1,45,19.16
kmeans,2001.09332,32c149574edf07b1a96d7f6bc49b95081de1abd2,Are the word embeddings evaluated?,Yes,1.0,1.0,1.0,yes_no,1,1,45,19.16
kmeans,2001.09332,3de27c81af3030eb2d9de1df5ec9bfacdef281a9,How big is dataset used to train Word2Vec for the Italian Language?,6 GB,0.0,0.0,0.0,extractive,1,1,45,19.16
kmeans,2001.09332,cc680cb8f45aeece10823a3f8778cf215ccc8af0,How does different parameter settings impact the performance and semantic capacity of resulting model?,"The different parameter settings, particularly the number of epochs, the size of the context window, and the number of negatively backpropagated samples, impact the performance and semantic capacity o",0.2712,0.2373,0.0573,extractive,1,1,45,19.16
kmeans,2001.09332,fab4ec639a0ea1e07c547cdef1837c774ee1adb8,Are the semantic analysis findings for Italian language similar to English language version?,Unanswerable,1.0,1.0,1.0,unanswerable,1,1,45,19.16
kmeans,2001.09332,9190c56006ba84bf41246a32a3981d38adaf422c,What dataset is used for training Word2Vec in Italian language?,"The dataset needed to train the W2V was obtained using the information extracted from a dump of the Italian Wikipedia (dated 2019 04 01), from the main categories of Italian Google News (WORLD, NATION",0.5079,0.5079,0.3766,extractive,1,1,45,19.16
kmeans,1804.06506,7aab78e90ba1336950a2b0534cc0cb214b96b4fd,How are the auxiliary signals from the morphology table incorporated in the decoder?,Signals sent from the table can be interpreted as additional constraints.,0.16,0.08,0.0509,extractive,1,1,95,29.93
kmeans,1804.06506,b7fe91e71da8f4dc11e799b3bd408d253230e8c6,"What type of morphological information is contained in the ""morphology table""?",affixes,0.6667,0.6667,0.3679,extractive,1,1,95,29.93
kmeans,1904.07342,16fa6896cf4597154363a6c9a98deb49fffef15f,Do they report results only on English data?,Unanswerable,0.0,0.0,0.0,yes_no,1,1,34,18.88
kmeans,1904.07342,0f60864503ecfd5b048258e21d548ab5e5e81772,Do the authors mention any confounds to their study?,Yes,0.0,0.0,0.0,yes_no,1,1,34,18.88
kmeans,1904.07342,fe578842021ccfc295209a28cf2275ca18f8d155,Which machine learning models are used?,"The machine learning models used include:
- Naive Bayes with Laplace Smoothing
- k-clustering
- SVM with linear kernel
- Recurrent Neural Networks (RNNs)
- Specifically, a type of RNN called LSTM (",0.5946,0.5405,0.3676,extractive,1,1,34,18.88
kmeans,1904.07342,00ef9cc1d1d60f875969094bb246be529373cb1d,What methodology is used to compensate for limited labelled data?,Influential tweet labeling,0.0645,0.0645,0.0001,abstractive,1,1,34,18.88
kmeans,1904.07342,279b633b90fa2fd69e84726090fadb42ebdf4c02,Which five natural disasters were examined?,"The five natural disasters examined were: the East Coast Bomb Cyclone, the Mendocino, California wildfires, Hurricane Florence, Hurricane Michael, and the California Camp Fires.",0.8235,0.8235,0.5831,extractive,1,1,34,18.88
kmeans,2001.06888,0106bd9d54e2f343cc5f30bb09a5dbdd171e964b,Which social media platform is explored?,Twitter,1.0,1.0,1.0,extractive,1,1,63,20.02
kmeans,2001.06888,e015d033d4ee1c83fe6f192d3310fb820354a553,What datasets did they use?,"They used a refined collection of tweets gathered from Twitter, which contained 8,257 tweets labeled for the named entity recognition task. Additionally, the dataset included statistics for training, ",0.3415,0.3415,0.171,extractive,1,1,63,20.02
kmeans,2001.06888,8a871b136ccef78391922377f89491c923a77730,What are the baseline state of the art models?,Unanswerable,0.0,0.0,0.0,abstractive,1,1,63,20.02
kmeans,1911.00547,acd05f31e25856b9986daa1651843b8dc92c2d99,What is the size of the dataset?,"7201 stories in the train set, 990 stories in the develop set, and 1701 stories in the test set.",0.0909,0.0909,0.0411,extractive,1,1,87,16.92
kmeans,1911.00547,8c78b21ec966a5e8405e8b9d3d6e7099e95ea5fb,What model did they use?,They used CNN Based Joint Learning Models and BiLSTM Based Joint Learning Models.,0.4,0.3333,0.0711,extractive,1,1,87,16.92
kmeans,1911.00547,af60462881b2d723adeb4acb5fbc07ea27b6bde2,What patterns were discovered from the stories?,"The study uncovered significant patterns such as higher occurrences of harassment at night, involving conductors and drivers, and correlations between harasser's age and location.",0.1687,0.1446,0.0006,extractive,1,1,87,16.92
kmeans,1911.00547,879bec20c0fdfda952444018e9435f91e34d8788,Did they use a crowdsourcing platform?,Unanswerable,1.0,1.0,1.0,unanswerable,1,1,87,16.92
kmeans,1604.00117,3c378074111a6cc7319c0db0aced5752c30bfffb,Does the performance increase using their method?,Yes,0.0,0.0,0.0,extractive,1,1,55,32.71
kmeans,1604.00117,b464bc48f176a5945e54051e3ffaea9a6ad886d7,What tasks are they experimenting with in this paper?,"The tasks they are experimenting with involve slot-filling using RNNs across multiple apps, with a focus on how a multi-task model can leverage data from related tasks to reduce the need for extensive",0.0909,0.0606,0.0221,extractive,1,1,55,32.71
kmeans,1604.00117,3b40799f25dbd98bba5b526e0a1d0d0bb51173e0,What is the size of the open vocabulary?,Unanswerable,1.0,1.0,1.0,unanswerable,1,1,55,32.71
kmeans,1908.06725,3c16d4cf5dc23223980d9c0f924cb9e4e6943f13,How do they select answer candidates for their QA task?,"They select answer candidates by aligning sentences with commonsense knowledge triples, masking the aligned words (entities/concepts) in sentences, and treating the masked sentences as questions. They",0.0,0.0,0.0,extractive,1,1,83,29.4
kmeans,1604.05781,4c822bbb06141433d04bbc472f08c48bc8378865,How do they extract causality from text?,They extract causality from text by analyzing a large-scale corpus of causal statements made on the Twitter social network platform and comparing these statements with a comparable random control corp,0.0755,0.0755,0.017,abstractive,1,1,80,29.42
kmeans,1604.05781,1baf87437b70cc0375b8b7dc2cfc2830279bc8b5,"What is the source of the ""control"" corpus?","Control documents were selected to not contain any of `caused', `causing', or `causes`, nor any bidirectional words, and are further matched temporally to obtain the same number of control documents a",0.2609,0.2174,0.0321,abstractive,1,1,80,29.42
kmeans,1604.05781,0b31eb5bb111770a3aaf8a3931d8613e578e07a8,"What are the selection criteria for ""causal statements""?","The selection criteria for ""causal statements"" mentioned in the context is that they are ""with high certainty causal statements.""",0.0,0.0,0.0,abstractive,1,1,80,29.42
kmeans,1604.05781,7348e781b2c3755b33df33f4f0cab4b94fcbeb9b,"Do they use expert annotations, crowdsourcing, or only automatic methods to analyze the corpora?","They use both expert annotations and crowdsourcing to analyze the corpora. Specifically, individual unigrams were given crowdsourced numeric sentiment scores, and a trained classifier was used for doc",0.0,0.0,0.0,abstractive,1,1,80,29.42
kmeans,1604.05781,f68bd65b5251f86e1ed89f0c858a8bb2a02b233a,how do they collect the comparable corpus?,Unanswerable,0.0,0.0,0.0,abstractive,1,1,80,29.42
kmeans,1604.05781,e111925a82bad50f8e83da274988b9bea8b90005,How do they collect the control corpus?,They gathered the same number of statements selected at random but controlling for time of year.,0.0,0.0,0.0,abstractive,1,1,80,29.42
kmeans,1607.06275,ba48c095c496d01c7717eaa271470c3406bf2d7c,What languages do they experiment with?,Unanswerable,0.0,0.0,0.0,extractive,1,1,62,19.95
kmeans,1607.06275,42a61773aa494f7b12838f71a949034c12084de1,What are the baselines?,MemN2N and BIBREF9,0.4,0.4,0.1151,extractive,1,1,62,19.95
kmeans,1607.06275,48c3e61b2ed7b3f97706e2a522172bf9b51ec467,What was the inter-annotator agreement?,At least two annotators.,0.4706,0.4706,0.1054,extractive,1,1,62,19.95
kmeans,1607.06275,61fba3ab10f7b6906e27b028fb1d42ec601c3fb8,Did they use a crowdsourcing platform?,Unanswerable,1.0,1.0,1.0,unanswerable,1,1,62,19.95
kmeans,1603.04553,80de3baf97a55ea33e0fe0cafa6f6221ba347d0a,Are resolution mode variables hand crafted?,Unanswerable,0.0,0.0,0.0,yes_no,1,1,61,15.59
kmeans,1603.04553,f5707610dc8ae2a3dc23aec63d4afa4b40b7ec1e,What are resolution model variables?,"resolution mode variables $\Pi = \lbrace \pi _1, \ldots , \pi _n\rbrace $, where for each mention \( j \), the variable \( \pi _j \in \lbrace str, prec, attr\r",0.3243,0.2162,0.0515,abstractive,1,1,61,15.59
kmeans,1603.04553,e76139c63da0f861c097466983fbe0c94d1d9810,Is the model presented in the paper state of the art?,Yes,0.0,0.0,0.0,abstractive,1,1,61,15.59
kmeans,1709.10217,b8b588ca1e876b3094ae561a875dd949c8965b2e,What problems are found with the evaluation scheme?,Unanswerable,0.0,0.0,0.0,extractive,1,1,36,31.91
kmeans,1709.10217,2ec640e6b4f1ebc158d13ee6589778b4c08a04c8,How is the data annotated?,Unanswerable,1.0,1.0,1.0,unanswerable,1,1,36,31.91
kmeans,1709.10217,ab0bb4d0a9796416d3d7ceba0ba9ab50c964e9d6,What collection steps do they mention?,"They mention releasing an example set of complete user intent and three data files of flight, train and hotel in JSON format for building the dialogue systems of participants.",0.0,0.0,0.0,unanswerable,1,1,36,31.91
kmeans,1709.10217,0460019eb2186aef835f7852fc445b037bd43bb7,How many intents were classified?,31,0.0,0.0,0.0,extractive,1,1,36,31.91
kmeans,1709.10217,96c09ece36a992762860cde4c110f1653c110d96,What was the result of the highest performing system?,Unanswerable,0.0,0.0,0.0,abstractive,1,1,36,31.91
kmeans,1709.10217,a9cc4b17063711c8606b8fc1c5eaf057b317a0c9,What metrics are used in the evaluation?,The evaluation uses the following metrics:,0.0,0.0,0.0,extractive,1,1,36,31.91
kmeans,1901.02262,6ead576ee5813164684a8cdda36e6a8c180455d9,How do they measure the quality of summaries?,Rouge-L,0.6667,0.6667,0.3679,extractive,1,1,85,16.6
kmeans,1901.02262,0117aa1266a37b0d2ef429f1b0653b9dde3677fe,Does their model also take the expected answer style as input?,Yes,1.0,1.0,1.0,yes_no,1,1,85,16.6
kmeans,1901.02262,5455b3cdcf426f4d5fc40bc11644a432fa7a5c8f,What do they mean by answer styles?,"They refer to different formats or types of responses, such as concise phrases that do not contain the context of the question and well-formed sentences that make sense even without the context of the",0.1667,0.1111,0.0316,abstractive,1,1,85,16.6
kmeans,1901.02262,6c80bc3ed6df228c8ca6e02c0a8a1c2889498688,"Is there exactly one ""answer style"" per dataset?",No,0.0,0.0,0.0,yes_no,1,1,85,16.6
kmeans,1901.02262,2d274c93901c193cf7ad227ab28b1436c5f410af,What are the baselines that Masque is compared against?,Unanswerable,0.0,0.0,0.0,abstractive,1,1,85,16.6
kmeans,1901.02262,e63bde5c7b154fbe990c3185e2626d13a1bad171,What is the performance achieved on NarrativeQA?,Unanswerable,0.0,0.0,0.0,abstractive,1,1,85,16.6
kmeans,1901.02262,cb8a6f5c29715619a137e21b54b29e9dd48dad7d,"What is an ""answer style""?","An ""answer style"" refers to the format or characteristics of the answer generated, such as concise phrases that do not contain the context of the question and well-formed sentences that make sense eve",0.1622,0.1081,0.0305,abstractive,1,1,85,16.6
kmeans,1908.04917,8a7bd9579d2783bfa81e055a7a6ebc3935da9d20,What was the previous state of the art model for this task?,LipCH-Net,0.0,0.0,0.0,extractive,1,1,53,19.57
kmeans,1908.04917,27b01883ed947b457d3bab0c66de26c0736e4f90,What syntactic structure is used to model tones?,syntactic structure,0.0,0.0,0.0,extractive,1,1,53,19.57
kmeans,1908.04917,9714cb7203c18a0c53805f6c889f2e20b4cab5dd,What visual information characterizes tones?,"The context suggests that the visual information characterizing tones includes the movements of the neck, head, and mouth.",0.0741,0.0741,0.0478,extractive,1,1,53,19.57
kmeans,1906.03338,a22b900fcd76c3d36b5679691982dc6e9a3d34bf,Do they report results only on English data?,Unanswerable,1.0,1.0,1.0,unanswerable,1,1,62,20.03
kmeans,1906.03338,fb2593de1f5cc632724e39d92e4dd82477f06ea1,How do they demonstrate the robustness of their results?,"They demonstrate the robustness of their results by randomly flipping contexts of the test instances and suppressing contexts entirely, showing that content-based models outperform other models in the",0.1143,0.1143,0.0278,extractive,1,1,62,20.03
kmeans,1906.03338,476d0b5579deb9199423bb843e584e606d606bc7,What baseline and classification systems are used in experiments?,The strong most-frequent-class baseline and the content-based (INLINEFORM1) system are used in experiments.,0.1429,0.1429,0.0632,extractive,1,1,62,20.03
kmeans,1906.03338,eddabb24bc6de6451bcdaa7940f708e925010912,How are the EAU text spans annotated?,"Only the EAUs were annotated (e.g., ""However, INLINEFORM0 A INLINEFORM1"").",0.0606,0.0606,0.0111,abstractive,1,1,62,20.03
kmeans,1906.03338,f0946fb9df9839977f4d16c43476e4c2724ff772,How are elementary argumentative units defined?,Unanswerable,1.0,1.0,1.0,unanswerable,1,1,62,20.03
kmeans,1602.08741,e51d0c2c336f255e342b5f6c3cf2a13231789fed,Which Twitter corpus was used to train the word vectors?,HJ-dataset,0.0,0.0,0.0,abstractive,1,1,53,19.68
kmeans,1911.12579,5b6aec1b88c9832075cd343f59158078a91f3597,How does proposed word embeddings compare to Sindhi fastText word representations?,"The proposed word embeddings outperform SdfastText in capturing semantic and syntactic relationships, with the Skip Gram (SG) model yielding the best performance in nearest neighbors, word pair relati",0.2222,0.1852,0.0418,abstractive,1,1,124,18.18
kmeans,1911.12579,a6717e334c53ebbb87e5ef878a77ef46866e3aed,Are trained word embeddings used for any other NLP task?,Yes,0.0,0.0,0.0,yes_no,1,1,124,18.18
kmeans,1911.12579,a1064307a19cd7add32163a70b6623278a557946,How many uniue words are in the dataset?,"200,000",0.0,0.0,0.0,abstractive,1,1,124,18.18
kmeans,1911.12579,8cb9006bcbd2f390aadc6b70d54ee98c674e45cc,"How is the data collected, which web resources were used?","The data was collected from multiple web resources including:
- Daily Kawish and Awami Awaz Sindhi newspapers
- Wikipedia dumps
- Short stories and sports news from Wichaar social blog
- News from Foc",0.6118,0.5647,0.3847,extractive,1,1,124,18.18
kmeans,1908.10275,75043c17a2cddfce6578c3c0e18d4b7cf2f18933,What trends are found in musical preferences?,"Trends in musical preferences include changes around 1964, 1983, and 1991 in harmonic and timbral properties, and a decomposition of genre preferences into five factors: Mellow, Unpretentious,",0.2083,0.2083,0.0363,extractive,1,1,79,16.75
kmeans,1908.10275,95bb3ea4ebc3f2174846e8d422abc076e1407d6a,Which decades did they look at?,"From the late 19th century to the early 2000s, specifically focusing on decades. The exact decades mentioned are not explicitly listed, but the context suggests an analysis spanning multiple decades u",0.0,0.0,0.0,extractive,1,1,79,16.75
kmeans,1908.10275,3ebdc15480250f130cf8f5ab82b0595e4d870e2f,How many genres did they collect from?,77,0.6667,0.6667,0.3679,extractive,1,1,79,16.75
kmeans,2004.02929,bbc58b193c08ccb2a1e8235a36273785a3b375fb,Does the paper mention other works proposing methods to detect anglicisms in Spanish?,Yes,1.0,1.0,1.0,yes_no,1,1,62,19.95
kmeans,2004.02929,3c34187a248d179856b766e9534075da1aa5d1cf,What is the performance of the CRF model on the task described?,"The performance of the CRF model on the task is shown by the F1 scores: 89.60 on the development set, 87.82 on the test set, and 71.49 on the supplemental",0.5714,0.381,0.0807,extractive,1,1,62,19.95
kmeans,2004.02929,8bfbf78ea7fae0c0b8a510c9a8a49225bbdb5383,Does the paper motivate the use of CRF as the baseline model?,Yes,0.0,0.0,0.0,extractive,1,1,62,19.95
kmeans,2004.02929,97757a69d9fc28b260e68284fd300726fbe358d0,What are the handcrafted features used?,"The handcrafted features used are: Bias feature, Token feature, Uppercase feature, Titlecase feature, Character trigram feature, Quotation feature, Word suffix feature.",0.5424,0.5424,0.1961,extractive,1,1,62,19.95
kmeans,1908.06809,41830ebb8369a24d490e504b7cdeeeaa9b09fd9c,What is state of the art method?,The state of the art methods for style transfer use an external pre-trained classifier to measure the accuracy of the style transfer.,0.0,0.0,0.0,unanswerable,1,1,63,15.59
kmeans,1908.06809,4904ef32a8f84cf2f53b1532ccf7aa77273b3d19,By how much do proposed architectures autperform state-of-the-art?,Unanswerable,1.0,1.0,1.0,unanswerable,1,1,63,15.59
kmeans,1908.06809,45b28a6ce2b0f1a8b703a3529fd1501f465f3fdf,What are three new proposed architectures?,Unanswerable,0.0,0.0,0.0,extractive,1,1,63,15.59
kmeans,1908.06809,d6a27c41c81f12028529e97e255789ec2ba39eaa,How much does the standard metrics for style accuracy vary on different re-runs?,up to 5 percentage points,0.4762,0.4762,0.1108,extractive,1,1,63,15.59
kmeans,1707.00110,2d3bf170c1647c5a95abae50ee3ef3b404230ce4,Which baseline methods are used?,"The standard parametrized attention and the Bahdanau and Luong methods are mentioned as baseline models. However, specifically for the sequence-to-sequence model discussed in the context, the standard",0.2778,0.2778,0.0822,abstractive,1,1,62,41.82
kmeans,1707.00110,6e8c587b6562fafb43a7823637b84cd01487059a,How much is the BLEU score?,Unanswerable,0.0,0.0,0.0,abstractive,1,1,62,41.82
kmeans,1707.00110,ab9453fa2b927c97b60b06aeda944ac5c1bfef1e,Which datasets are used in experiments?,"The experiments used four training datasets of 100,000 examples each and one validation dataset of 1,000 examples. Additionally, four large machine translation datasets from the WMT'17 task were used,",0.1765,0.1176,0.0285,abstractive,1,1,62,41.82
kmeans,1909.01013,3a8d65eb8e1dbb995981a0e02d86ebf3feab107a,What regularizers were used to encourage consistency in back translation cycles?,Two regularizers were introduced to encourage consistency in back-translation cycles.,0.1429,0.0714,0.0377,extractive,1,1,43,35.79
kmeans,1909.01013,d0c79f4a5d5c45fe673d9fcb3cd0b7dd65df7636,What are new best results on standard benchmark?,The proposed method achieves the best published results on a standard benchmark.,0.1875,0.1875,0.0223,abstractive,1,1,43,35.79
kmeans,1909.01013,54c7fc08598b8b91a8c0399f6ab018c45e259f79,How better is performance compared to competitive baselines?,"The proposed method significantly outperforms competitive baselines, obtaining the best-published results on a standard benchmark across 6 language pairs.",0.1034,0.1034,0.0127,abstractive,1,1,43,35.79
kmeans,1909.01013,5112bbf13c7cf644bf401daecb5e3265889a4bfc,How big is data used in experiments?,Unanswerable,1.0,1.0,1.0,unanswerable,1,1,43,35.79
kmeans,1909.01013,03ce42ff53aa3f1775bc57e50012f6eb1998c480,What 6 language pairs is experimented on?,"EN-IT, EN-DE, EN-FI, EN-ES, English-Malay, English ↔ Malay",0.5714,0.2857,0.1313,abstractive,1,1,43,35.79
kmeans,1909.01013,ebeedbb8eecdf118d543fdb5224ae610eef212c8,What are current state-of-the-art methods that consider the two tasks independently?,Unanswerable,0.0,0.0,0.0,extractive,1,1,43,35.79
kmeans,1901.02534,9efd025cfa69c6ff2777528bd158f79ead9353d1,How big is their training set?,"19,998 claims",0.0,0.0,0.0,unanswerable,1,1,34,14.51
kmeans,1901.02534,559c1307610a15427caeb8aff4d2c01ae5c9de20,What baseline do they compare to?,FEVER One,0.0,0.0,0.0,extractive,1,1,34,14.51
kmeans,1901.02534,4ecb6674bcb4162bf71aea8d8b82759255875df3,Which pre-trained transformer do they use?,OpenAI BIBREF5,0.6667,0.6667,0.5,extractive,1,1,34,14.51
kmeans,1901.02534,eacc1eb65daad055df934e0e878f417b73b2ecc1,What is the FEVER task?,"The FEVER task involves verifying claims based on the accuracy of evidence provided in sentences from Wikipedia. Specifically, a system must retrieve relevant articles and sentences from Wikipedia to ",0.3571,0.2857,0.1687,extractive,1,1,34,14.51
kmeans,2004.04435,d353a6bbdc66be9298494d0c853e0d8d752dec4b,How is correctness of automatic derivation proved?,Unanswerable,0.0,0.0,0.0,extractive,1,1,52,24.0
kmeans,2004.04435,e2cfaa2ec89b944bbc46e5edf7753b3018dbdc8f,Is this AD implementation used in any deep learning framework?,Unanswerable,1.0,1.0,1.0,unanswerable,1,1,52,24.0
kmeans,1910.10408,22c36082b00f677e054f0f0395ed685808965a02,Do they conduct any human evaluation?,Yes,1.0,1.0,1.0,yes_no,1,1,73,29.34
kmeans,1910.10408,85a7dbf6c2e21bfb7a3a938381890ac0ec2a19e0,What dataset do they use for experiments?,They use a mix of public and proprietary data for about 16 million sentence pairs for English-Italian (En-It) and 4.4 million WMT14 sentence pairs for the English-German (En-De) for experiments,0.7937,0.7937,0.6905,extractive,1,1,73,29.34
kmeans,1910.10408,90bc60320584ebba11af980ed92a309f0c1b5507,How do they enrich the positional embedding with length information,"They enrich the transformer positional embedding with length information by extending the Transformer positional encoding to give information about the remaining sentence length. Specifically, they co",0.3077,0.1923,0.0467,abstractive,1,1,73,29.34
kmeans,1910.10408,f52b2ca49d98a37a6949288ec5f281a3217e5ae8,How do they condition the output to a given target-source class?,"They condition the output to a given target-source length-ratio class by using length tokens (<short>, <normal>, <long>) that represent specific length-ratio classes. These tokens are prepended to eac",0.2105,0.1754,0.0296,abstractive,1,1,73,29.34
kmeans,1910.10408,228425783a4830e576fb98696f76f4c7c0a1b906,Which languages do they focus on?,English to Italian and English to German,0.1538,0.1538,0.1104,extractive,1,1,73,29.34
kmeans,1910.10408,9d1135303212356f3420ed010dcbe58203cc7db4,What dataset do they use?,They use a mix of public and proprietary data for the English-Italian (En-It) dataset and WMT14 sentence pairs for the English-German (En-De) dataset.,0.6182,0.6182,0.3077,extractive,1,1,73,29.34
kmeans,1910.10408,d8bf4a29c7af213a9a176eb1503ec97d01cc8f51,Do they experiment with combining both methods?,Yes,1.0,1.0,1.0,yes_no,1,1,73,29.34
kmeans,1606.05286,73abb173a3cc973ab229511cf53b426865a2738b,What state-of-the-art models are compared against?,"Collective Matrix Factorization model, maximum entropy (MaxEnt) model, and deep neural network (DNN) architecture.",0.5625,0.3125,0.2752,extractive,1,1,82,16.26
kmeans,2002.00876,1d9b953a324fe0cfbe8e59dcff7a44a2f93c568d,Does API provide ability to connect to models written in some other deep learning framework?,No,0.0,0.0,0.0,yes_no,1,1,50,15.07
kmeans,2002.00876,093039f974805952636c19c12af3549aa422ec43,Is this library implemented into Torch or is framework agnostic?,"Integrated with vectorized, autodifferentiation-based frameworks like PyTorch and TensorFlow",0.1333,0.1333,0.0802,abstractive,1,1,50,15.07
kmeans,2002.00876,8df89988adff57279db10992846728ec4f500eaa,What baselines are used in experiments?,Self-critical baseline,0.0,0.0,0.0,extractive,1,1,50,15.07
kmeans,2002.00876,94edac71eea1e78add678fb5ed2d08526b51016b,What general-purpose optimizations are included?,Torch-Struct provides key primitives to help batch and vectorize algorithms to take advantage of GPU computation and to minimize the overhead of backpropagating through chart-based dynamic programming,0.0,0.0,0.0,extractive,1,1,50,15.07
kmeans,1906.10519,9c4ed8ca59ba6d240f031393b01f634a9dc3615d,what baseline do they compare to?,Blse,0.0,0.0,0.0,extractive,1,1,212,22.44
kmeans,1905.13413,ca7e71131219252d1fab69865804b8f89a2c0a8f,How does this compare to traditional calibration methods like Platt Scaling?,Unanswerable,0.0,0.0,0.0,abstractive,1,1,46,28.13
kmeans,1905.13413,d77c9ede2727c28e0b5a240b2521fd49a19442e0,What's the input representation of OpenIE tuples into the model?,The input representation of OpenIE tuples into the model is the concatenation of word embedding and another embedding indicating whether this word is predicate: \(\mathbf{x}_t = [\mathbf{W}_{\text{emb,0.08,0.08,0.0314,abstractive,1,1,46,28.13
kmeans,1909.07863,a9610cbcca813f4376fbfbf21cc14689c7fbd677,What statistics on the VIST dataset are reported?,"20,405 training, 2,349 validation and 2,768 testing data samples have at least one character present among their stories.",0.3636,0.303,0.0672,extractive,1,1,30,18.96
kmeans,1906.07234,64ab2b92e986e0b5058bf4f1758e849f6a41168b,What is the performance difference in performance in unsupervised feature learning between adverserial training and FHVA,"Experimental results on ZeroSpeech 2017 show that both approaches are effective while the latter is more prominent, and that their combination brings further marginal improvement in across-speaker con",0.0,0.0,0.0,unanswerable,1,1,65,29.02
kmeans,1806.04535,bcd6befa65cab3ffa6334c8ecedd065a4161028b,What are puns?,"Puns are a form of wordplay jokes in which one sign (e.g., a word or a phrase) suggests two or more meanings by exploiting polysemy, homonymy, or phonological similarity to another sign, for an intend",0.9231,0.9231,0.9056,extractive,1,1,56,32.72
kmeans,1806.04535,479fc9e6d6d80e69f425d9e82e618e6b7cd12764,What are the categories of code-mixed puns?,code-mixed puns are categorized into two types: intra-sentential and intra-word.,0.3077,0.3077,0.1116,extractive,1,1,56,32.72
kmeans,2003.05995,bc26eee4ef1c8eff2ab8114a319901695d044edb,How is dialogue guided to avoid interactions that breach procedures and processes only known to experts?,"By providing the Wizard with several dialogue options (aside from free text), allowing them to introduce actions that change an internal system state.",0.2083,0.1667,0.0408,extractive,1,1,80,38.3
kmeans,2003.05995,9c94ff8c99d3e51c256f2db78c34b2361f26b9c2,"What is meant by semiguided dialogue, what part of dialogue is guided?",Unanswerable,0.0,0.0,0.0,extractive,1,1,80,38.3
kmeans,2003.05995,8e9de181fa7d96df9686d0eb2a5c43841e6400fa,"Is CRWIZ already used for data collection, what are the results?",Yes,0.0299,0.0299,0.0,abstractive,1,1,80,38.3
kmeans,2003.05995,ff1595a388769c6429423a75b6e1734ef88d3e46,How does framework made sure that dialogue will not breach procedures?,The framework ensures that dialogues will not breach procedures by locking the dialogue state until an answer or authorization from the Operator is met for certain transitions that require it.,0.1687,0.0964,0.0143,extractive,1,1,80,38.3
kmeans,1710.07395,dd2046f5481f11b7639a230e8ca92904da75feed,How do they combine the models?,They combine the models using two strategies: the Max Score Ensemble model and the Average Score Ensemble model. The Max Score Ensemble model makes final decisions based on the maximum of two scores a,0.44,0.44,0.2142,extractive,1,1,50,28.21
kmeans,1710.07395,47e6c3e6fcc9be8ca2437f41a4fef58ef4c02579,What is their baseline?,character-level n-gram features,0.6,0.6,0.2636,extractive,1,1,50,28.21
kmeans,1710.07395,569ad21441e99ae782d325d5f5e1ac19e08d5e76,What context do they use?,"The dataset uses context including the user screen name, all comments in the same thread, and the news article the comment is written for.",0.3704,0.1481,0.072,extractive,1,1,50,28.21
kmeans,1710.07395,90741b227b25c42e0b81a08c279b94598a25119d,What is their definition of hate speech?,"The language which explicitly or implicitly threatens or demeans a person or a group based upon a facet of their identity such as gender, ethnicity, or sexual orientation",1.0,1.0,1.0,extractive,1,1,50,28.21
kmeans,1710.07395,1d739bb8e5d887fdfd1f4b6e39c57695c042fa25,What architecture has the neural network?,"The neural network model consists of three parallel bi-directional LSTM layers with 100 hidden units each. The comment goes through a bi-directional LSTM with an attention mechanism, whereas the news ",0.2105,0.2105,0.0318,extractive,1,1,50,28.21
kmeans,1904.02357,5c70fdd3d6b67031768d3e28336942e49bf9a500,How is human interaction consumed by the model?,Unanswerable,0.0,0.0,0.0,extractive,1,1,36,14.54
kmeans,1904.02357,f27502c3ece9ade265389d5ace90ca9ca42b46f3,How do they evaluate generated stories?,They evaluate generated stories by collecting two ratings per story from a separate set of Turkers who rate the stories for overall quality and the three improvement areas on a five-point scale. Ratin,0.4727,0.4727,0.2467,extractive,1,1,36,14.54
kmeans,1904.02357,ffb7a12dfe069ab7263bb7dd366817a9d22b8ef2,Do they evaluate in other language appart from English?,Unanswerable,1.0,1.0,1.0,unanswerable,1,1,36,14.54
kmeans,1904.02357,aa4b38f601cc87bf93849245d5f65124da3dc112,What are the baselines?,Title-to-Story system,1.0,1.0,1.0,extractive,1,1,36,14.54
kmeans,1907.02636,08b87a90139968095433f27fc88f571d939cd433,What is used a baseline?,We judge the input token as IOCs on the basis of the spelling features.,0.7857,0.7857,0.5301,extractive,1,1,75,29.34
kmeans,1907.02636,ef872807cb0c9974d18bbb886a7836e793727c3d,What contextual features are used?,The contextual features used include the frequency of token in the whole corpus and the frequency of contextual keywords from the windowed portions of the texts centering on the token in the whole cor,0.2182,0.1818,0.0321,abstractive,1,1,75,29.34
kmeans,1907.02636,4db3c2ca6ddc87209c31b20763b7a3c1c33387bc,Where are the cybersecurity articles used in the model sourced from?,The cybersecurity articles used in the model are sourced from 35 cybersecurity blogs for the Chinese dataset and a collection of advanced persistent threats (APT) reports for the English dataset.,0.45,0.4,0.2442,extractive,1,1,75,29.34
kmeans,1907.02636,63337fd803f6fdd060ebd0f53f9de79d451810cd,What type of hand-crafted features are used in state of the art IOC detection systems?,dependency structure,0.0,0.0,0.0,unanswerable,1,1,75,29.34
kmeans,1605.08675,63496705fff20c55d4b3d8cdf4786f93e742dd3d,Do they compare DeepER against other approaches?,Yes,1.0,1.0,1.0,yes_no,1,1,148,23.6
kmeans,1605.08675,7b44bee49b7cb39cb7d5eec79af5773178c27d4d,How is the data in RAFAEL labelled?,"Evaluation of RAFAEL is typical for factoid QA systems: given a knowledge base and questions, its responses are compared to the expected ones, prepared in advance. Annotation using both of the tools h",0.2,0.12,0.0251,abstractive,1,1,148,23.6
kmeans,1605.08675,6d54bad91b6ccd1108d1ddbff1d217c6806e0842,How do they handle polysemous words in their entity library?,"They handle polysemous words by using an entity library gathered by interpreting definitions from encyclopedias and disambiguation pages, and then using WordNet synsets to differentiate named entities",0.0,0.0,0.0,extractive,1,1,148,23.6
kmeans,1709.08858,238ec3c1e1093ce2f5122ee60209b969f7669fae,How is the fluctuation in the sense of the word and its neighbors measured?,"The fluctuation in the sense of the word and its neighbors is measured using the concept of ""surrounding uniformity.""",0.1481,0.1111,0.0005,abstractive,1,1,49,28.19
kmeans,1706.03610,f704d182c9e01a2002381b76bf21e4bb3c0d3efc,"Among various transfer learning techniques, which technique yields to the best performance?","The context does not explicitly state which technique yields the best performance overall. It mentions that different techniques were evaluated, but the best-performing technique across all experiment",0.0,0.0,0.0,unanswerable,1,1,65,33.2
kmeans,1908.11425,da544015511e535503dee2eaf4912a5e36c806cd,What is the architecture of the model?,Unanswerable,0.0,0.0,0.0,extractive,1,1,52,15.24
kmeans,1908.11425,7bc993b32484d6ae3c86d0b351a68e59fd2757a5,What language do they look at?,Spanish,1.0,1.0,1.0,extractive,1,1,52,15.24
kmeans,1711.04457,da495e2f99ee2d5db9cc17eca5517ddaa5ea8e42,Where does the vocabulary come from?,Unanswerable,0.0,0.0,0.0,extractive,1,1,72,46.18
kmeans,1711.04457,e44a5514d7464993997212341606c2c0f3a72eb4,What is the worst performing translation granularity?,Word level,0.0,0.0,0.0,unanswerable,1,1,72,46.18
kmeans,1711.04457,310e61b9dd4d75bc1bebbcb1dae578f55807cd04,What dataset did they use?,"The model's performance is evaluated using several datasets including NIST 2003 (MT03) for validation and NIST 2004 (MT04), NIST 2005 (MT05), N",0.1818,0.1818,0.0402,extractive,1,1,72,46.18
kmeans,1907.08501,bdc6664cec2b94b0b3769bc70a60914795f39574,How do they measure performance?,"They measure performance using precision (P), recall (R), and F1 scores. Specifically, INLINEFORM0 measures the fraction of relevant (correct) answer items given versus all answers given.",0.129,0.0645,0.0301,extractive,1,1,49,23.82
kmeans,1907.08501,e40df8c685a28b98006c47808f506def68f30e26,Do they measure the performance of a combined approach?,Yes,0.0,0.0,0.0,unanswerable,1,1,49,23.82
kmeans,1907.08501,9653c89a93ac5c717a0a26cf80e9aa98a5ccf910,Which four QA systems do they use?,"gAnswer, WDAqua, Platypus, and BIBREF0 system",0.6667,0.2667,0.1238,extractive,1,1,49,23.82
kmeans,1907.08501,b921a1771ed0ba9dbeff9da000336ecf2bb38322,How many iterations of visual search are done on average until an answer is found?,Unanswerable,1.0,1.0,1.0,unanswerable,1,1,49,23.82
kmeans,1907.08501,412aff0b2113b7d61c914edf90b90f2994390088,Do they test performance of their approaches using human judgements?,Yes,1.0,1.0,1.0,yes_no,1,1,49,23.82
kmeans,2001.02943,010e3793eb1342225857d3f95e147d8f8467192a,What are the sizes of both datasets?,"The Europarl dataset contains 70,057 dat-labeled and 33,814 die-labeled sentences, totaling 103,871 sentences. The SoNaR dataset has 736,",0.1053,0.0526,0.0336,extractive,1,1,65,20.15
kmeans,1911.04952,c20bb0847ced490a793657fbaf6afb5ef54dad81,Why are the scores for predicting perceived musical hardness and darkness extracted only for subsample of 503 songs?,Methodology described in the context indicates that scores for predicting perceived musical hardness/heaviness and darkness/gloominess were extracted using audio feature models for a subsample of 503 ,0.0,0.0,0.0,unanswerable,1,1,36,23.41
kmeans,1911.04952,ff8557d93704120b65d9b597a4fab40b49d24b6d,How long is the model trained?,Unanswerable,1.0,1.0,1.0,unanswerable,1,1,36,23.41
kmeans,1911.04952,447eb98e602616c01187960c9c3011c62afd7c27,What are lyrical topics present in the metal genre?,"The lyrical topics present in the metal genre include sadness, death, freedom, nature, occultism or unpleasant/disgusting objects, and are overall characterized as harsh, gloomy, dystopian, or satanic",0.1143,0.0571,0.0257,extractive,1,1,36,23.41
kmeans,1910.00825,f398587b9a0008628278a5ea858e01d3f5559f65,By how much does SPNet outperforms state-of-the-art abstractive summarization methods on evaluation metrics?,"The context states that ""SPNet outperforms other methods in all the automatic evaluation metrics with a big margin,"" but it does not provide specific numerical values by which SPNet outperforms the st",0.0455,0.0455,0.0195,abstractive,1,1,58,24.23
kmeans,1910.00825,d5f8707ddc21741d52b3c2a9ab1af2871dc6c90b,What automatic and human evaluation metrics are used to compare SPNet to its counterparts?,"ROUGE, CIC, relevance, conciseness, and readability",0.5455,0.5455,0.1502,extractive,1,1,58,24.23
kmeans,1910.00825,58f3bfbd01ba9768172be45a819faaa0de2ddfa4,Is proposed abstractive dialog summarization dataset open source?,Unanswerable,1.0,1.0,1.0,unanswerable,1,1,58,24.23
kmeans,1910.00825,73633afbefa191b36cca594977204c6511f9dad4,"Is it expected to have speaker role, semantic slot and dialog domain annotations in real world datasets?",Yes,0.0,0.0,0.0,abstractive,1,1,58,24.23
kmeans,1910.00825,db39a71080e323ba2ddf958f93778e2b875dcd24,"How does SPNet utilize additional speaker role, semantic slot and dialog domain annotations?","SPNet utilizes additional speaker role, semantic slot and dialog domain annotations by incorporating them as semantic scaffolds into its Seq2Seq framework. Specifically, it:",0.2264,0.1887,0.0452,extractive,1,1,58,24.23
kmeans,1910.00825,6da2cb3187d3f28b75ac0a61f6562a8adf716109,What are previous state-of-the-art document summarization methods used?,"Previous state-of-the-art document summarization methods used include copy mechanisms (BIBREF10), pointing (BIBREF5 applied pointing BIBREF11), coverage mechanisms (BIBREF5 applied pointing BIBREF11),",0.0,0.0,0.0,extractive,1,1,58,24.23
kmeans,1910.00825,c47e87efab11f661993a14cf2d7506be641375e4,How does new evaluation metric considers critical informative entities?,CIC evaluates the completeness of critical informative entities in the summary.,0.1053,0.1053,0.0103,abstractive,1,1,58,24.23
kmeans,1910.00825,14684ad200915ff1e3fc2a89cb614e472a1a2854,Is new evaluation metric extension of ROGUE?,No,1.0,1.0,1.0,yes_no,1,1,58,24.23
kmeans,1911.03705,8d1f9d3aa2cc2e2e58d3da0f5edfc3047978f3ee,What measures were used for human evaluation?,"Annotators ranked 100 outputs of 6 selected typical models as well as one randomly picked reference sentence, forming seven systems in total. They ranked results by coverage, fluency, and plausibility",0.1587,0.0952,0.0316,extractive,1,1,65,20.07
kmeans,1911.03705,5065ff56d3c295b8165cb20d8bcfcf3babe9b1b8,What automatic metrics are used for this task?,"BLEU-3/4, ROUGE-2/L, CIDEr, SPICE",0.8889,0.8889,0.7788,extractive,1,1,65,20.07
kmeans,1911.03705,c34a15f1d113083da431e4157aceb11266e9a1b2,Are the models required to also generate rationales?,No,1.0,1.0,1.0,yes_no,1,1,65,20.07
kmeans,1911.03705,061682beb3dbd7c76cfa26f7ae650e548503d977,Are the rationales generated after the sentences were written?,No,0.0,0.0,0.0,yes_no,1,1,65,20.07
kmeans,1911.03705,3518d8eb84f6228407cfabaf509fd63d60351203,Are the sentences in the dataset written by humans who were shown the concept-sets?,Yes,1.0,1.0,1.0,yes_no,1,1,65,20.07
kmeans,1911.03705,617c77a600be5529b3391ab0c21504cd288cc7c7,Where do the concept sets come from?,several large corpora of image/video captions,0.7059,0.7059,0.4346,extractive,1,1,65,20.07
kmeans,1910.00458,53d6cbee3606dd106494e2e98aa93fdd95920375,How big are improvements of MMM over state of the art?,"Over 9% for BERT-Base and BERT-Large, and approximately 4% improvement for RoBERTa-Large.",0.0,0.0,0.0,extractive,1,1,83,25.25
kmeans,1910.00458,9dc844f82f520daf986e83466de0c84d93953754,What out of domain datasets authors used for coarse-tuning stage?,MultiNLI and SNLI,0.75,0.75,0.3234,extractive,1,1,83,25.25
kmeans,1910.00458,9fe4a2a5b9e5cf29310ab428922cc8e7b2fc1d11,What are state of the art methods MMM is compared to?,"The paper compares MMM to previous SOTA models, but does not explicitly list them. Therefore, based on the information provided, the answer is:",0.0,0.0,0.0,abstractive,1,1,83,25.25
kmeans,1910.00458,36d892460eb863220cd0881d5823d73bbfda172c,What four representative datasets are used for bechmark?,Unanswerable,0.0,0.0,0.0,extractive,1,1,83,25.25
kmeans,2001.11268,4cbc56d0d53c4c03e459ac43e3c374b75fd48efe,What baselines did they consider?,"BERT-base (uncased) and Bert multilingual (cased, base architecture)",0.0,0.0,0.0,extractive,1,1,82,16.71
kmeans,2001.11268,e5a965e7a109ae17a42dd22eddbf167be47fca75,What are the problems related to ambiguity in PICO sentence prediction tasks?,This paper contributes to solving problems related to ambiguity in PICO sentence prediction tasks.,0.16,0.16,0.0568,abstractive,1,1,82,16.71
kmeans,1706.07179,082c88e132b4f1bf68abdc3a21ac4af180de1113,How is knowledge retrieved in the memory?,Unanswerable,0.0,0.0,0.0,extractive,1,1,27,18.8
kmeans,1706.07179,74091e10f596428135b0ab06008608e09c051565,How is knowledge stored in the memory?,Entities are modeled as abstract memory slots and the relational memory models relations between all memory pairs.,0.381,0.381,0.0978,abstractive,1,1,27,18.8
kmeans,1706.07179,43b4f7eade7a9bcfaf9cc0edba921a41d6036e9c,What are the relative improvements observed over existing methods?,"The RelNet model achieves 0% error on 11 out of 20 tasks, whereas the EntNet model achieves 0% error on 7 of the tasks. This indicates a relative improvement of 4 tasks in achieving 0",0.5833,0.5278,0.3116,extractive,1,1,27,18.8
kmeans,1706.07179,a75861e6dd72d69fdf77ebd81c78d26c6f7d0864,What is the architecture of the neural network?,"The architecture of the neural network consists of three main components: 
1) Input encoder
2) Dynamic memory
3) Output module",0.1,0.1,0.0053,extractive,1,1,27,18.8
kmeans,1706.07179,60fd7ef7986a5752b31d3bd12bbc7da6843547a4,What methods is RelNet compared to?,RelNet is compared to the EntNet model (BIBREF17).,0.3529,0.2353,0.0947,extractive,1,1,27,18.8
kmeans,1909.08824,7d59374d9301a0c09ea5d023a22ceb6ce07fb490,How do they measure the diversity of inferences?,"They measure the diversity of inferences using the number of distinct n-grams, which is normalized to [0, 1] by dividing the total number of generated tokens.",0.3571,0.2857,0.109,abstractive,1,1,76,29.32
kmeans,1909.08824,8e2b125426d1220691cceaeaf1875f76a6049cbd,By how much do they improve the accuracy of inferences over state-of-the-art methods?,Unanswerable,0.0,0.0,0.0,abstractive,1,1,76,29.32
kmeans,1909.08824,42bc4e0cd0f3e238a4891142f1b84ebcd6594bf1,Which models do they use as baselines on the Atomic dataset?,RNN-based Seq2Seq proposed by BIBREF4,0.3636,0.3636,0.208,extractive,1,1,76,29.32
kmeans,1909.08824,fb76e994e2e3fa129f1e94f1b043b274af8fb84c,How does the context-aware variational autoencoder learn event background information?,"In the pretrain stage, the context-aware variational autoencoder (CWVAE) is trained on an auxiliary dataset consisting of three narrative story corpora with rich event context information. The context",0.4412,0.3235,0.1478,abstractive,1,1,76,29.32
kmeans,1909.08824,99ef97336c0112d9f60df108f58c8b04b519a854,What is the size of the Atomic dataset?,Unanswerable,1.0,1.0,1.0,unanswerable,1,1,76,29.32
kmeans,1708.08615,95d8368b1055d97250df38d1e8c4a2b283d2b57e,what standard speech transcription pipeline was used?,Unanswerable,0.0,0.0,0.0,extractive,1,1,56,32.64
kmeans,1701.03214,a978a1ee73547ff3a80c66e6db3e6c3d3b6512f4,How much improvement does their method get over the fine tuning baseline?,"The context does not provide a specific numerical value for how much improvement the mixed fine tuning method gets over the fine-tuning baseline. It only states that ""mixed fine tuning"" performs eithe",0.069,0.0345,0.0194,abstractive,1,1,42,40.93
kmeans,1701.03214,46ee1cbbfbf0067747b28bdf4c8c2f7dc8955650,What kinds of neural networks did they use in this paper?,2-layer LSTMs,0.6667,0.6667,0.5,extractive,1,1,42,40.93
kmeans,1701.03214,4f12b41bd3bb2610abf7d7835291496aa69fb78c,How did they use the domain tags?,They appended the domain tag “<2domain>” to the source sentences of the respective corpora.,0.7619,0.7619,0.5193,extractive,1,1,42,40.93
kmeans,1709.05411,65e6a1cc2590b139729e7e44dce6d9af5dd2c3b5,Why mixed initiative multi-turn dialogs are the greatest challenge in building open-domain conversational agents?,"Mixed-initiative multi-turn dialogues do not follow a particular plan or pursue a particular fixed information need, which makes them challenging for open-domain conversational agents to handle.",0.3133,0.3133,0.1018,extractive,1,1,55,41.24
kmeans,1805.12032,b54fc86dc2cc6994e10c1819b6405de08c496c7b,How is speed measured?,"The speed is measured by reaction delay, which is defined as ""the time elapsed between the moment the link or content was posted/tweeted and the moment that the reaction comment or tweet occurred.""",0.7727,0.7727,0.6068,extractive,1,1,39,23.42
kmeans,1805.12032,b43a8a0f4b8496b23c89730f0070172cd5dca06a,What is the architecture of their model?,The model architecture consists of a text sequence sub-network and a vector representation sub-network. The text sequence sub-network includes an embedding layer initialized with 200-dimensional GloVe,0.4727,0.4182,0.1011,extractive,1,1,39,23.42
kmeans,1805.12032,b161febf86cdd58bd247a934120410068b24b7d1,What are the nine types?,"The nine types are: answer, elaboration, appreciation, disagreement, humor, negative reaction, question, agreement, or ""other"".",0.8333,0.6667,0.2402,extractive,1,1,39,23.42
kmeans,1611.02550,d40662236eed26f17dd2a3a9052a4cee1482d7d6,How do they represent input features of their model to train embeddings?,Unanswerable,0.0,0.0,0.0,extractive,1,1,76,29.15
kmeans,1611.02550,1d791713d1aa77358f11501f05c108045f53c8aa,Which dimensionality do they use for their embeddings?,1024,0.0,0.0,0.0,extractive,1,1,76,29.15
kmeans,1611.02550,6b6360fab2edc836901195c0aba973eae4891975,Which dataset do they use?,Switchboard conversational English corpus,1.0,1.0,1.0,extractive,1,1,76,29.15
kmeans,1611.02550,b6b5f92a1d9fa623b25c70c1ac67d59d84d9eec8,By how much do they outpeform previous results on the word discrimination task?,"The paper states that both classifier-based and Siamese RNN embeddings improve over previously reported results on a word discrimination task, with Siamese RNNs outperforming classification models. Ho",0.0455,0.0455,0.0183,abstractive,1,1,76,29.15
kmeans,2003.05522,86a93a2d1c19cd0cd21ad1608f2a336240725700,How does Frege's holistic and functional approach to meaning relates to general distributional hypothesis?,"Frege's holistic and functional approach to meaning, reinterpreted by Tugendhat, is used to show an analogy with certain neural language models and therefore their holistic character. The general dist",0.2128,0.1702,0.0307,extractive,1,1,52,15.24
kmeans,2003.05522,6090d3187c41829613abe785f0f3665d9ecd90d9,What does Frege's holistic and functional approach to meaning states?,Only in the context of a sentence does a word have a meaning,1.0,1.0,1.0,extractive,1,1,52,15.24
kmeans,1601.06068,117aa7811ed60e84d40cd8f9cb3ca78781935a98,Do they evaluate the quality of the paraphrasing model?,Yes,0.0,0.0,0.0,yes_no,1,1,76,46.55
kmeans,1601.06068,c359ab8ebef6f60c5a38f5244e8c18d85e92761d,How many paraphrases are generated per question?,10,0.0,0.0,0.0,abstractive,1,1,76,46.55
kmeans,1601.06068,ad362365656b0b218ba324ae60701eb25fe664c1,What latent variables are modeled in the PCFG?,"syntactic information, semantic and topical information",1.0,1.0,1.0,extractive,1,1,76,46.55
kmeans,1601.06068,423bb905e404e88a168e7e807950e24ca166306c,What are the baselines?,"The baselines mentioned are original, mt, naive, ppdb, and bilayered.",0.0,0.0,0.0,extractive,1,1,76,46.55
kmeans,1709.07916,e5ae8ac51946db7475bb20b96e0a22083b366a6d,Do they evaluate only on English data?,Yes,1.0,1.0,1.0,yes_no,1,1,55,19.61
kmeans,1709.07916,18288c7b0f8bd7839ae92f9c293e7fb85c7e146a,How strong was the correlation between exercise and diabetes?,Unanswerable,0.0,0.0,0.0,abstractive,1,1,55,19.61
kmeans,1709.07916,b5e883b15e63029eb07d6ff42df703a64613a18a,How were topics of interest about DDEO identified?,"From the extracted 4.5 million tweets, LDA found 425 topics. We then used LIWC to filter these topics and found 222 health-related topics. Additionally, topics were labeled based on the availability o",0.0513,0.0513,0.0202,abstractive,1,1,55,19.61
kmeans,1909.00154,c45a160d31ca8eddbfea79907ec8e59f543aab86,What datasets are used for evaluation?,Swissmetro,0.6667,0.6667,0.3679,extractive,1,1,69,20.32
kmeans,1909.00154,7358a1ce2eae380af423d4feeaa67d2bd23ae9dd,How do their train their embeddings?,Simultaneously,0.0,0.0,0.0,abstractive,1,1,69,20.32
kmeans,1909.00154,1165fb0b400ec1c521c1aef7a4e590f76fee1279,How do they model travel behavior?,"They model travel behavior using travel behavior embeddings, a method for re-representing discrete variables like mode, trip purpose, education level, family type, or occupation into a latent space ca",0.1633,0.1224,0.0388,abstractive,1,1,69,20.32
kmeans,1909.00154,f2c5da398e601e53f9f545947f61de5f40ede1ee,How do their interpret the coefficients?,"One can always map to the “dummy"" space and analyse the individual coefficients.",0.3158,0.2105,0.083,abstractive,1,1,69,20.32
kmeans,1908.05434,2d4d0735c50749aa8087d1502ab7499faa2f0dd8,By how much do they outperform previous state-of-the-art models?,"The context states that ""Our ORNN achieved the state-of-the-art performance on Trafficking-10K BIBREF9, outperforming all baseline ordinal regression models as well as improving the classification acc",0.1159,0.1159,0.0249,abstractive,1,1,81,33.8
kmeans,1908.05434,43761478c26ad65bec4f0fd511ec3181a100681c,Do they use pretrained word embeddings?,Yes,1.0,1.0,1.0,yes_no,1,1,81,33.8
kmeans,1908.05434,01866fe392d9196dda1d0b472290edbd48a99f66,How is the lexicon of trafficking flags expanded?,Through word embeddings and t-SNE.,0.0645,0.0645,0.0027,extractive,1,1,81,33.8
kmeans,1612.05310,394cf73c0aac8ccb45ce1b133f4e765e8e175403,Do they experiment with the dataset?,Yes,1.0,1.0,1.0,yes_no,1,1,80,41.94
kmeans,1612.05310,2c4003f25e8d95a3768204f52a7a5f5e17cb2102,Do they use a crowdsourcing platform for annotation?,No,1.0,1.0,1.0,yes_no,1,1,80,41.94
kmeans,1612.05310,65e32f73357bb26a29a58596e1ac314f7e9c6c91,What is an example of a difficult-to-classify case?,"""oh, you are a troll"" and ""you are just a lame troll""",0.0851,0.0851,0.0056,extractive,1,1,80,41.94
kmeans,1612.05310,46f175e1322d648ab2c0258a9609fe6f43d3b44e,What potential solutions are suggested?,"The potential solutions suggested include:
- Incorporating additional knowledge and modifying existing models for intention prediction.
- Using deep semantic representations and exploiting response st",0.0,0.0,0.0,extractive,1,1,80,41.94
kmeans,1612.05310,7cc22fd8c9d0e1ce5e86d0cbe90bf3a177f22a68,What is the size of the dataset?,1000 conversations,0.3636,0.3636,0.0302,extractive,1,1,80,41.94
kmeans,1612.05310,3fa638e6167e1c7a931c8ee5c0e2e397ec1b6cda,What Reddit communities do they look at?,Reddit,0.0,0.0,0.0,unanswerable,1,1,80,41.94
kmeans,1912.09713,d2b3f2178a177183b1aeb88784e48ff7e3e5070c,How strong is negative correlation between compound divergence and accuracy in performed experiment?,Unanswerable,0.0,0.0,0.0,extractive,1,1,238,23.63
kmeans,1912.09713,d5ff8fc4d3996db2c96cb8af5a6d215484991e62,What are results of comparison between novel method to other approaches for creating compositional generalization benchm,Unanswerable,0.0,0.0,0.0,extractive,1,1,238,23.63
kmeans,1912.09713,d9c6493e1c3d8d429d4ca608f5acf29e4e7c4c9b,How authors justify that question answering dataset presented is realistic?,Unanswerable,0.0,0.0,0.0,extractive,1,1,238,23.63
kmeans,1912.09713,0427ca83d6bf4ec113bc6fec484b2578714ae8ec,What three machine architectures are analyzed?,"LSTM+attention, Transformer, Universal Transformer",1.0,1.0,1.0,extractive,1,1,238,23.63
kmeans,1912.09713,f1c70baee0fd02b8ecb0af4b2daa5a56f3e9ccc3,How big is new question answering dataset?,Unanswerable,0.0,0.0,0.0,extractive,1,1,238,23.63
kmeans,1912.09713,8db45a8217f6be30c31f9b9a3146bf267de68389,What are other approaches into creating compositional generalization benchmarks?,Other approaches into creating compositional generalization benchmarks include testing on different output patterns than those in the train set (as proposed by BIBREF8) and splitting examples by outpu,0.12,0.08,0.0236,extractive,1,1,238,23.63
kmeans,1901.03860,4e379d6d5f87554fabf6f7f7b6ed92d2025e7280,What problem do they apply transfer learning to?,Continuous Speech Keyword Spotting (CSKS),0.2857,0.2857,0.1581,extractive,1,1,35,23.21
kmeans,1901.03860,518d0847b02b4f23a8f441faa38b935c9b892e1e,What are the baselines?,"Honk, DeepSpeech-finetune",1.0,1.0,1.0,extractive,1,1,35,23.21
kmeans,1901.03860,8112d18681e266426cf7432ac4928b87f5ce8311,What languages are considered?,English and Hindi,0.8,0.8,0.4082,extractive,1,1,35,23.21
kmeans,1909.02480,b14f13f2a3a316e5a5de9e707e1e6ed55e235f6f,Does this model train faster than state of the art models?,Unanswerable,1.0,1.0,1.0,unanswerable,1,1,95,29.88
kmeans,1909.02480,ba6422e22297c7eb0baa381225a2f146b9621791,What is the performance difference between proposed method and state-of-the-arts on these datasets?,Achieving comparable performance with state-of-the-art non-autoregressive NMT models,0.0,0.0,0.0,abstractive,1,1,95,29.88
kmeans,1909.02480,65e72ad72a9cbfc379f126b10b0ce80cfe44579b,What non autoregressive NMT models are used for comparison?,"NAT w/ Fertility, NAT-IR, NAT-REG, LV NAR, CTC Loss, and CMLM",0.9524,0.9524,0.8071,extractive,1,1,95,29.88
kmeans,1909.02480,cf8edc6e8c4d578e2bd9965579f0ee81f4bf35a9,What are three neural machine translation (NMT) benchmark datasets used for evaluation?,"WMT2014, WMT2016, and IWSLT-2014",1.0,1.0,1.0,extractive,1,1,95,29.88
kmeans,1910.02754,04aff4add28e6343634d342db92b3ac36aa8c255,What is result of their attention distribution analysis?,"The visual attention is very sparse, with just one source encoding attended to. The maximum visual attention over source encodings across the test set has a mean of 0.",0.5366,0.4878,0.2042,extractive,1,1,40,31.93
kmeans,1910.02754,a8e4522ce2ce7336e731286654d6ad0931927a4e,What is result of their Principal Component Analysis?,most of the energy of the visual feature space resides in a low-dimensional subspace,0.16,0.16,0.0571,extractive,1,1,40,31.93
kmeans,1910.02754,f6202100cfb83286dc51f57c68cffdbf5cf50a3f,What are 3 novel fusion techniques that are proposed?,"Three novel fusion techniques proposed are:
1. Step-Wise Decoder Fusion
2. Visual-Semantic (VS) Regularizer
3. Input Context Encoding Fusion (though specifically named in the context, it's not detaile",0.3,0.3,0.0751,extractive,1,1,40,31.93
kmeans,2004.02393,bd7039f81a5417474efa36f703ebddcf51835254,What are two models' architectures in proposed solution?,Ranker and Reasoner,0.3333,0.1667,0.0591,extractive,1,1,58,19.7
kmeans,2004.02393,022e5c996a72aeab890401a7fdb925ecd0570529,How do two models cooperate to select the most confident chains?,"The two models cooperate through a cooperative Reasoner-Ranker game. The Ranker selects passages, and the Reasoner predicts the linking entities between them. This cooperation helps in selecting chain",0.2222,0.1111,0.0296,extractive,1,1,58,19.7
kmeans,2004.02393,2a950ede24b26a45613169348d5db9176fda4f82,How many hand-labeled reasoning chains have been created?,"The context states that ""the authors create benchmarks using HotpotQA and MedHop datasets, labeling reasoning chains for MedHop."" Additionally, it mentions ""hand-labeled reasoning chains for the latte",0.0,0.0,0.0,unanswerable,1,1,58,19.7
kmeans,2004.02393,34af2c512ec38483754e94e1ea814aa76552d60a,What benchmarks are created?,HotpotQA and MedHop,0.0,0.0,0.0,abstractive,1,1,58,19.7
kmeans,2004.01694,c1429f7fed5a4dda11ac7d9643f97af87a83508b,What empricial investigations do they reference?,"They reference evaluations from BIBREF3 and BIBREF4, BIBREF5.",0.0,0.0,0.0,extractive,1,1,102,47.86
kmeans,2004.01694,a93d4aa89ac3abbd08d725f3765c4f1bed35c889,What languages do they investigate for machine translation?,Chinese to English and English to Czech,0.4444,0.2222,0.1543,extractive,1,1,102,47.86
kmeans,2004.01694,bc473c5bd0e1a8be9b2037aa7006fd68217c3f47,What recommendations do they offer?,"Based on the context provided, the specific recommendations offered are:",0.0,0.0,0.0,extractive,1,1,102,47.86
kmeans,2004.01694,cc5d8e12f6aecf6a5f305e2f8b3a0c67f49801a9,What percentage fewer errors did professional translations make?,"Significantly fewer errors, but the exact percentage is not specified in the given context.",0.0,0.0,0.0,abstractive,1,1,102,47.86
kmeans,2004.01694,9299fe72f19c1974564ea60278e03a423eb335dc,What was the weakness in Hassan et al's evaluation design?,flaws in evaluation methodology,0.1143,0.0571,0.0004,abstractive,1,1,102,47.86
kmeans,2003.00576,2ed02be0c183fca7031ccb8be3fd7bc109f3694b,By how much they improve over the previous state-of-the-art?,Unanswerable,0.0,0.0,0.0,extractive,1,1,72,20.29
kmeans,2003.00576,be73a88d5b695200e2ead4c2c24e2a977692970e,Is there any evidence that encoders with latent structures work well on other tasks?,Yes,1.0,1.0,1.0,yes_no,1,1,72,20.29
kmeans,1909.02635,0e45aae0e97a6895543e88705e153f084ce9c136,Do they report results only on English?,Unanswerable,1.0,1.0,1.0,unanswerable,1,1,81,42.46
kmeans,1909.02635,c515269b37cc186f6f82ab9ada5d9ca176335ded,What evidence do they present that the model attends to shallow context clues?,"The model's performance on challenging task cases, such as ingredient detection in recipes, suggests that it may not be capturing deep reasoning about entities and instead relies on shallow context cl",0.1972,0.169,0.0402,abstractive,1,1,81,42.46
kmeans,1909.02635,43f86cd8aafe930ebb35ca919ada33b74b36c7dd,In what way is the input restructured?,"The input is restructured by using an entity-first method, where the input sequence begins with a [START] token, then the entity under consideration, followed by a [SEP] token. Each sentence is then a",0.05,0.05,0.0202,abstractive,1,1,81,42.46
kmeans,1904.00648,aa60b0a6c1601e09209626fd8c8bdc463624b0b3,What are their results on the entity recognition task?,Unanswerable,0.0,0.0,0.0,extractive,1,1,51,23.86
kmeans,1904.00648,3837ae1e91a4feb27f11ac3b14963e9a12f0c05e,What task-specific features are used?,"- Standard linguistic features like POS and chunk tags.
- Token-level features such as position within text, capitalization, digit presence, and context from surrounding tokens.
- Two sets of GloVe wo",0.0,0.0,0.0,extractive,1,1,51,23.86
kmeans,1904.00648,ef4d6c9416e45301ea1a4d550b7c381f377cacd9,What kind of corpus-based features are taken into account?,"The context mentions several corpus-based features, including:",0.16,0.08,0.0186,extractive,1,1,51,23.86
kmeans,1904.00648,689d1d0c4653a8fa87fd0e01fa7e12f75405cd38,Which machine learning algorithms did the explore?,Support Vector Machine (SVM) and a bidirectional LSTM with a CRF layer (biLSTM-CRF),0.0,0.0,0.0,extractive,1,1,51,23.86
kmeans,1904.00648,7920f228de6ef4c685f478bac4c7776443f19f39,What language is the Twitter content in?,English,1.0,1.0,1.0,abstractive,1,1,51,23.86
kmeans,1709.00387,41844d1d1ee6d6d38f31b3a17a2398f87566ed92,What is the architecture of the siamese neural network?,Two parallel convolutional networks that share the same set of weights.,0.9524,0.9524,0.7109,extractive,1,1,52,36.9
kmeans,1709.00387,ae17066634bd2731a07cd60e9ca79fc171692585,How do they explore domain mismatch?,"They explore domain mismatch by utilizing the development set to adapt models to the test set's recording domain. Specifically, they investigated approaches such as using a recursive whitening transfo",0.0,0.0,0.0,unanswerable,1,1,52,36.9
kmeans,1709.00387,4fa2faa08eeabc09d78d89aaf0ea86bb36328172,How do they explore dialect variability?,"They explore dialect variability by creating an i-vector dialect model for each dialect, represented as INLINEFORM0, with INLINE. This allows them to adapt or compensate for the channel (recording) do",0.0,0.0,0.0,unanswerable,1,1,52,36.9
kmeans,1709.00387,e87f47a293e0b49ab8b15fc6633d9ca6dc9de071,Which are the four Arabic dialects?,Unanswerable,0.0,0.0,0.0,extractive,1,1,52,36.9
kmeans,1806.11322,7426a6e800d6c11795941616fc4a243e75716a10,What factors contribute to interpretive biases according to this research?,The factors that contribute to interpretive biases according to this research include:,0.1935,0.129,0.0366,extractive,1,1,200,21.95
kmeans,1806.11322,da4535b75e360604e3ce4bb3631b0ba96f4dadd3,Which interpretative biases are analyzed in this paper?,"The paper analyzes interpretive biases related to framing effects and interpretive bias in the context of jury decisions, specifically mentioning the Sheehan case study.",0.2439,0.1951,0.0543,extractive,1,1,200,21.95
kmeans,2004.00139,4d30c2223939b31216f2e90ef33fe0db97e962ac,How many words are coded in the dictionary?,"11,248",1.0,1.0,1.0,extractive,1,1,57,19.85
kmeans,2004.00139,7b47aa6ba247874eaa8ab74d7cb6205251c01eb5,Is the model evaluated on the graphemes-to-phonemes task?,No,0.0,0.0,0.0,yes_no,1,1,57,19.85
kmeans,1811.08048,ce14b87dacfd5206d2a5af7c0ed1cfeb7b181922,How does the QuaSP+Zero model work?,"During decoding, at points where the parser is selecting which property to include in the LF, it does not just consider the question tokens, but also the relationship between those tokens and the prop",0.5957,0.5957,0.3955,extractive,1,1,79,20.6
kmeans,1811.08048,709a4993927187514701fe3cc491ac3030da1215,Which off-the-shelf tools do they use on QuaRel?,Unanswerable,0.0,0.0,0.0,extractive,1,1,79,20.6
kmeans,1811.08048,a3c6acf900126bc9bd9c50ce99041ea00761da6a,How do they obtain the logical forms of their questions in their dataset?,indirectly from workers without training the workers in the formalism,0.087,0.0435,0.0026,extractive,1,1,79,20.6
kmeans,1811.08048,31b631a8634f6180b20a72477040046d1e085494,Do all questions in the dataset allow the answers to pick from 2 options?,Yes,1.0,1.0,1.0,yes_no,1,1,79,20.6
kmeans,1904.10500,ab78f066144936444ecd164dc695bec1cb356762,What is shared in the joint model?,Seq2seq Bi-LSTM for utterance-level intent detection (jointly trained with slots & intent keywords),0.5,0.5,0.212,extractive,1,1,77,16.36
kmeans,1904.10500,e659ceb184777015c12db2da5ae396635192f0b0,Are the intent labels imbalanced in the dataset?,Unanswerable,0.0,0.0,0.0,yes_no,1,1,77,16.36
kmeans,1704.00177,b512ab8de26874ee240cffdb3c65d9ac8d6023d9,What kernels are used in the support vector machines?,Unanswerable,1.0,1.0,1.0,unanswerable,1,1,32,14.31
kmeans,1704.00177,4e4d377b140c149338446ba69737ea191c4328d9,What dataset is used?,"Three datasets are used: dataset-basic, dataset-implicit, and dataset-pn.",0.0,0.0,0.0,extractive,1,1,32,14.31
kmeans,1704.00177,828ce5faed7783297cf9ce202364f999b8d4a1f6,What metrics are considered?,"F-score, micro-F, macro-F, and weighted-F scores",0.8,0.8,0.3247,extractive,1,1,32,14.31
kmeans,1711.11221,9d016eb3913b41f7a18c6fa865897c12b5fe0212,Did the authors evaluate their system output for coherence?,Yes,1.0,1.0,1.0,yes_no,1,1,67,20.24
kmeans,1711.11221,c1c611409b5659a1fd4a870b6cc41f042e2e9889,What evaluations did the authors use on their system?,"The authors evaluated their system using BLEU scores, specifically comparing their RNNSearch* model against Moses and observing improvements when incorporating cache models ($RNNSearch*_{+Cd}$ and $RN",0.2222,0.2222,0.045,abstractive,1,1,67,20.24
kmeans,1912.07025,79bb1a1b71a1149e33e8b51ffdb83124c18f3e9c,What accuracy does CNN model achieve?,Unanswerable,0.0,0.0,0.0,abstractive,1,1,67,20.18
kmeans,1912.07025,26faad6f42b6d628f341c8d4ce5a08a591eea8c2,How many documents are in the Indiscapes dataset?,508,1.0,1.0,1.0,abstractive,1,1,67,20.18
kmeans,1912.07025,20be7a776dfda0d3c9dc10270699061cb9bc8297,What language(s) are the manuscripts written in?,The manuscripts are written in a large variety of Indic languages.,0.0,0.0,0.0,unanswerable,1,1,67,20.18
kmeans,1709.01256,3bfb8c12f151dada259fbd511358914c4b4e1b0e,What metrics are used to evaluation revision detection?,"Precision, recall and F-measure",0.8571,0.8571,0.3969,extractive,1,1,69,28.92
kmeans,1709.01256,3f85cc5be84479ba668db6d9f614fedbff6d77f1,How large is the Wikipedia revision dump dataset?,8 GB (compressed size),0.3333,0.3333,0.2041,extractive,1,1,69,28.92
kmeans,1709.01256,126e8112e26ebf8c19ca7ff3dd06691732118e90,What are simulated datasets collected?,"Users open some existing documents in a file system, make some changes (e.g., addition, deletion or replacement), and save them as separate documents. These documents become revisions of the original ",0.1786,0.1071,0.0385,abstractive,1,1,69,28.92
kmeans,1709.01256,be08ef81c3cfaaaf35c7414397a1871611f1a7fd,Which are the state-of-the-art models?,"wDTW, wTED, WMD, VSM, PV-DTW, PV-TED",0.8,0.8,0.5081,extractive,1,1,69,28.92
kmeans,1909.03526,dc57ae854d78aa5d5e8c979826d3e2524d4e9165,Why is being feature-engineering free an advantage?,"Being feature-engineering free is an advantage because it means the model, in this case, the multi-task learning (MTL) BERT model, can achieve good performance solely based on deep learning techniques",0.0,0.0,0.0,unanswerable,1,1,53,28.33
kmeans,1909.03526,18412237f7faafc6befe975d5bcd348e2b499b55,Where did this model place in the final evaluation of the shared task?,4th,1.0,1.0,1.0,extractive,1,1,53,28.33
kmeans,1909.03526,02945c85d6cc4cdd1757b2f2bfa5e92ee4ed14a0,What in-domain data is used to continue pre-training?,1M tweets randomly sampled from an in-house Twitter dataset,0.0,0.0,0.0,extractive,1,1,53,28.33
kmeans,1909.03526,6e51af9088c390829703c6fa966e98c3a53114c1,What dialect is used in the Google BERT model and what is used in the task data?,"Google BERT model: Modern Standard Arabic (MSA)
Task data: Dialects such as Egyptian, Gulf, and Levantine",0.6111,0.6111,0.3652,extractive,1,1,53,28.33
kmeans,1909.03526,07ee4e0277ad1083270131d32a71c3fe062a916d,What are the tasks used in the mulit-task learning setup?,"The tasks used in the multi-task learning setup include author profiling, irony detection, emotion detection, and sentiment analysis.",0.5806,0.4516,0.1115,extractive,1,1,53,28.33
kmeans,1902.11049,bfce2afe7a4b71f9127d4f9ef479a0bfb16eaf76,What human evaluation metrics were used in the paper?,The fluency of the language used and the relevance of the question to the context document and answer.,0.6452,0.6452,0.5011,abstractive,1,1,35,18.89
kmeans,1905.06906,dfbab3cd991f86d998223726617d61113caa6193,"For the purposes of this paper, how is something determined to be domain specific knowledge?",Unanswerable,0.0,0.0,0.0,abstractive,1,1,51,19.41
kmeans,1905.06906,df510c85c277afc67799abcb503caa248c448ad2,Does the fact that GCNs can perform well on this tell us that the task is simpler than previously thought?,Unanswerable,0.0,0.0,0.0,yes_no,1,1,51,19.41
kmeans,1905.06906,d95180d72d329a27ddf2fd5cc6919f469632a895,Are there conceptual benefits to using GCNs over more complex architectures like attention?,Yes,1.0,1.0,1.0,yes_no,1,1,51,19.41
kmeans,1809.09795,e196e2ce72eb8b2d50732c26e9bf346df6643f69,Do they evaluate only on English?,Yes,1.0,1.0,1.0,yes_no,1,1,44,45.03
kmeans,1809.09795,46570c8faaeefecc8232cfc2faab0005faaba35f,What are the 7 different datasets?,Unanswerable,0.0,0.0,0.0,extractive,1,1,44,45.03
kmeans,1809.09795,982d375378238d0adbc9a4c987d633ed16b7f98f,What are the three different sources of data?,"The three different sources of data are:
1. Twitter
2. Online Dialogues
3. Reddit",0.4706,0.3529,0.0874,extractive,1,1,44,45.03
kmeans,1809.09795,bbdb2942dc6de3d384e3a1b705af996a5341031b,What type of model are the ELMo representations used in?,BiLSTM,0.25,0.25,0.0025,abstractive,1,1,44,45.03
kmeans,1809.09795,4ec538e114356f72ef82f001549accefaf85e99c,Which morphosyntactic features are thought to indicate irony or sarcasm?,"exclamations and interjections, typographic markers such as all caps, quotation marks and emoticons, intensifiers and hyperboles",0.4348,0.4348,0.1619,extractive,1,1,44,45.03
kmeans,1812.03593,40a45d59a2ef7a67c8ab0f2b2d5b43fc85b85498,Is the model evaluated on other datasets?,Unanswerable,0.0,0.0,0.0,yes_no,1,1,73,37.91
kmeans,1812.03593,b29b5c39575454da9566b3dd27707fced8c6f4a1,Does the model incorporate coreference and entailment?,Unanswerable,0.0,0.0,0.0,extractive,1,1,73,37.91
kmeans,1812.03593,4040f5c9f365f9bc80b56dce944ada85bb8b4ab4,Is the incorporation of context separately evaluated?,Unanswerable,0.0,0.0,0.0,yes_no,1,1,73,37.91
kmeans,2003.01769,7dce1b64c0040500951c864fce93d1ad7a1809bc,Which frozen acoustic model do they use?,frozen automatic speech recognition (ASR) acoustic model trained on clean speech,0.2222,0.2222,0.075,extractive,1,1,43,36.51
kmeans,2003.01769,e1b36927114969f3b759cba056cfb3756de474e4,By how much does using phonetic feedback improve state-of-the-art systems?,"The study shows that using phonetic feedback improves a state-of-the-art neural enhancement system trained with parallel speech data, but it does not specify by how much. Therefore, the context is una",0.0444,0.0444,0.0168,abstractive,1,1,43,36.51
kmeans,1910.04006,186ccc18c6361904bee0d58196e341a719fb31c2,What features are used?,The features used include:,0.0,0.0,0.0,extractive,1,1,38,28.0
kmeans,1910.04006,fd5412e2784acefb50afc3bfae1e087580b90ab9,Do they compare to previous models?,Yes,1.0,1.0,1.0,yes_no,1,1,38,28.0
kmeans,1910.04006,c7f087c78768d5c6f3ff26921858186d627fd4fd,How do they incorporate sentiment analysis?,They incorporate sentiment analysis by using a clinical sentiment analysis pipeline that was pretrained on in-house psychiatric EHR text. This pipeline computes clinical sentiment scores for every not,0.1132,0.1132,0.0193,extractive,1,1,38,28.0
kmeans,1910.04006,82596190560dc2e2ced2131779730f40a3f3eb8c,What is the dataset used?,"The dataset used is 8,000,000 sentences consisting of 340,000,000 tokens extracted from the Research Patient Data Registry (RPDR), a centralized regional data repository of clinical data from",0.1111,0.1111,0.0315,extractive,1,1,38,28.0
kmeans,1910.04006,345f65eaff1610deecb02ff785198aa531648e75,How do they extract topics?,They use a clinical sentiment analysis pipeline that was previously developed and pretrained on in-house psychiatric electronic health records (EHR).,0.2353,0.1765,0.081,extractive,1,1,38,28.0
kmeans,1611.04361,51d03f0741b72ae242c380266acd2321baf43444,How does this compare to simple interpolation between a word-level and a character-level language model?,Unanswerable,1.0,1.0,1.0,unanswerable,1,1,60,15.6
kmeans,1911.01188,96c20af8bbef435d0d534d10c42ae15ff2f926f8,What translationese effects are seen in the analysis?,"The analysis reveals that machine translations exhibit stronger translationese effects compared to human translations. Specifically, NMT translations increase the number of mentions about 30% with res",0.0909,0.0909,0.0237,extractive,1,1,86,34.04
kmeans,1911.01188,9544cc0244db480217ce9174aa13f1bf09ba0d94,What languages are seen in the news and TED datasets?,English,0.6667,0.6667,0.3679,extractive,1,1,86,34.04
kmeans,1911.01188,c97a4a1c0e3d00137a9ae8d6fbb809ba6492991d,How are the coreference chain translations evaluated?,The coreference chain translations are evaluated by manually annotating (the possibly incorrect) coreference chains in the MT outputs.,0.0,0.0,0.0,unanswerable,1,1,86,34.04
kmeans,1911.01188,3758669426e8fb55a4102564cf05f2864275041b,How are the (possibly incorrect) coreference chains in the MT outputs annotated?,"The (possibly incorrect) coreference chains in the MT outputs are annotated as to whether or not they are correct, focusing on errors such as gender, number, and case of the mentions, as well as wrong",0.2222,0.1111,0.0317,extractive,1,1,86,34.04
kmeans,1911.01188,1ebd6f703458eb6690421398c79abf3fc114148f,Which three neural machine translation systems are analyzed?,"S1, S2, and S3",0.0,0.0,0.0,extractive,1,1,86,34.04
kmeans,1911.01188,15a1df59ed20aa415a4daf0acb256747f6766f77,Which coreference phenomena are analyzed?,Coreference chains,0.0,0.0,0.0,extractive,1,1,86,34.04
kmeans,1909.08191,b124137e62178a2bd3b5570d73b1652dfefa2457,What new interesting tasks can be solved based on the uncanny semantic structures of the embedding space?,analogy query and analogy browsing,0.8889,0.8889,0.3593,extractive,1,1,45,14.92
kmeans,1909.08191,c6aa8a02597fea802890945f0b4be8d631e4d5cd,What are the uncanny semantic structures of the embedding space?,Semantic similarity structure and semantic direction structure,0.9231,0.9231,0.4111,extractive,1,1,45,14.92
kmeans,1909.08191,bfad30f51ce3deea8a178944fa4c6e8acdd83a48,What is the general framework for data exploration by semantic queries?,"Based on the context provided, the general framework for data exploration by semantic queries includes three main components:",0.2963,0.2222,0.0978,extractive,1,1,45,14.92
kmeans,1909.08191,dd9883f4adf7be072d314d7ed13fe4518c5500e0,What data exploration is supported by the analysis of these semantic structures?,Scholarly data exploration,0.1538,0.1538,0.0007,extractive,1,1,45,14.92
kmeans,1910.06701,81669c550d32d756f516dab5d2b76ff5f21c0f36,what are the existing models they compared with?,"The existing models they compared with include semantic parsing-based models, traditional MRC models, numerical MRC models like NAQANet and NAQANet+, and specifically, the enhanced version of NAQANet ",0.1111,0.1111,0.0278,extractive,1,1,93,47.13
kmeans,1904.11942,b0b1ff2d6515fb40d74a4538614a0db537e020ea,Do they report results only on English data?,Unanswerable,1.0,1.0,1.0,unanswerable,1,1,32,14.41
kmeans,1904.11942,4266aacb575b4be7dbcdb8616766324f8790763c,What conclusions do the authors draw from their detailed analyses?,"The authors conclude that neural network-based models can outperform feature-based models with wide margins, and they conducted an ablation study to show that contextualized representation learning ca",0.7755,0.7755,0.5563,extractive,1,1,32,14.41
kmeans,1904.11942,191107cd112f7ee6d19c1dc43177e6899452a2c7,Do the BERT-based embeddings improve results?,Yes,1.0,1.0,1.0,yes_no,1,1,32,14.41
kmeans,1904.11942,b0dca7b74934f51ff3da0c074ad659c25d84174d,What were the traditional linguistic feature-based models?,Token distance,0.0,0.0,0.0,extractive,1,1,32,14.41
kmeans,1904.11942,601e58a3d2c03a0b4cd627c81c6228a714e43903,What type of baseline are established for the two datasets?,Neural network models,0.0,0.0,0.0,extractive,1,1,32,14.41
kmeans,1705.02394,a0fbf90ceb520626b80ff0f9160b3cd5029585a5,What model achieves state of the art performance on this task?,LSTM networks,0.0,0.0,0.0,extractive,1,1,58,28.45
kmeans,1705.02394,e8ca81d5b36952259ef3e0dbeac7b3a622eabe8e,Which multitask annotated corpus is used?,IEMOCAP,1.0,1.0,1.0,extractive,1,1,58,28.45
kmeans,1705.02394,e75685ef5f58027be44f42f30cb3988b509b2768,What are the tasks in the multitask learning setup?,The tasks in the multitask learning setup are valence and activation.,0.3478,0.2609,0.0651,extractive,1,1,58,28.45
kmeans,1705.02394,1df24849e50fcf22f0855e0c0937c1288450ed5c,What are the subtle changes in voice which have been previously overshadowed?,voice characteristics relating to emotional intensity or emotional activation,0.0,0.0,0.0,unanswerable,1,1,58,28.45
kmeans,1806.09103,859e0bed084f47796417656d7a68849eb9cb324f,how are rare words defined?,Unanswerable,0.0,0.0,0.0,extractive,1,1,71,46.57
kmeans,1806.09103,04e90c93d046cd89acef5a7c58952f54de689103,which public datasets were used?,"The study used the following public datasets:
- CMRC-2017
- People's Daily
- Children Fairy Tales
- Children's Book Test (CBT)",0.7407,0.7407,0.3041,extractive,1,1,71,46.57
kmeans,1806.09103,f513e27db363c28d19a29e01f758437d7477eb24,what are the baselines?,Unanswerable,0.0,0.0,0.0,abstractive,1,1,71,46.57
kmeans,1911.13087,eb5ed1dd26fd9adb587d29225c7951a476c6ec28,What are the results of the experiment?,Unanswerable,0.0,0.0,0.0,abstractive,1,1,22,13.25
kmeans,1911.13087,0828cfcf0e9e02834cc5f279a98e277d9138ffd9,How was the dataset collected?,The dataset was created by extracting and randomly generating sentences from Sorani Kurdish textbooks.,0.5385,0.2308,0.1573,abstractive,1,1,22,13.25
kmeans,1911.13087,7b2de0109b68f78afa9e6190c82ca9ffaf62f9bd,What is the size of the dataset?,2000,0.6667,0.6667,0.3679,extractive,1,1,22,13.25
kmeans,1911.13087,482ac96ff675975227b6d7058b9b87aeab6f81fe,How many different subjects does the dataset contain?,Unanswerable,1.0,1.0,1.0,unanswerable,1,1,22,13.25
kmeans,1911.13087,3f3c09c1fd542c1d9acf197957c66b79ea1baf6e,How many annotators participated?,Unanswerable,0.0,0.0,0.0,abstractive,1,1,22,13.25
kmeans,1911.13087,0a82534ec6e294ab952103f11f56fd99137adc1f,How long is the dataset?,2000,1.0,1.0,1.0,extractive,1,1,22,13.25
kmeans,1608.04917,938688871913862c9f8a28b42165237b7324e0de,Do the authors mention any possible confounds in their study?,Unanswerable,0.0,0.0,0.0,yes_no,1,1,155,19.71
kmeans,1608.04917,4170ed011b02663f5b1b1a3c1f0415b7abfaa85d,What is the relationship between the co-voting and retweeting patterns?,"The relationship between the co-voting and retweeting patterns is that the retweet network generally matches the co-voting behavior, except in the area of Economic and monetary system, where the links",0.2889,0.2222,0.0465,extractive,1,1,155,19.71
kmeans,1608.04917,fd08dc218effecbe5137a7e3b73d9e5e37ace9c1,Does the analysis find that coalitions are formed in the same way for different policy areas?,No,1.0,1.0,1.0,yes_no,1,1,155,19.71
kmeans,1608.04917,a85c2510f25c7152940b5ac4333a80e0f91ade6e,What insights does the analysis give about the cohesion of political groups in the European parliament?,"The analysis gives general insights into the cohesion of political groups in the European Parliament, explores whether coalitions are formed in the same way for different policy areas, and examines to",0.125,0.0938,0.0282,extractive,1,1,155,19.71
kmeans,1608.04917,fa572f1f3f3ce6e1f9f4c9530456329ffc2677ca,Do they authors account for differences in usage of Twitter amongst MPs into their model?,No,1.0,1.0,1.0,yes_no,1,1,155,19.71
kmeans,1608.04917,5e057e115f8976bf9fe70ab5321af72eb4b4c0fc,Did the authors examine if any of the MEPs used the disclaimer that retweeting does not imply endorsement on their twitt,Unanswerable,0.0,0.0,0.0,yes_no,1,1,155,19.71
kmeans,1711.02013,d824f837d8bc17f399e9b8ce8b30795944df0d51,How do they show their model discovers underlying syntactic structure?,Experiments show that the model achieves (or is close to) the state-of-the-art on both word/character-level language modeling tasks and that the inferred syntactic structure is highly correlated with ,0.0556,0.0556,0.0225,abstractive,1,1,67,20.19
kmeans,1711.02013,2ff3898fbb5954aa82dd2f60b37dd303449c81ba,Which dataset do they experiment with?,Wikipedia dataset,0.0,0.0,0.0,extractive,1,1,67,20.19
kmeans,1711.02013,3070d6d6a52aa070f0c0a7b4de8abddd3da4f056,How do they measure performance of language model tasks?,"They measure performance of language model tasks by reporting the model's performance on the Penn Treebank (PTB) and Text8 datasets, comparing it to state-of-the-art models, and noting that the propos",0.0,0.0,0.0,abstractive,1,1,67,20.19
kmeans,1909.00183,ee9b95d773e060dced08705db8d79a0a6ef353da,How are content clusters used to improve the prediction of incident severity?,The content clusters are used to improve the prediction of incident severity by combining deep neural-network high-dimensional text-embedding algorithms with graph-theoretical methods for multiscale c,0.0909,0.0909,0.0259,abstractive,1,1,160,32.58
kmeans,1909.00183,dbdf13cb4faa1785bdee90734f6c16380459520b,What cluster identification method is used in this paper?,Markov Stability (MS),0.2353,0.2353,0.0141,abstractive,1,1,160,32.58
kmeans,1703.08885,73e715e485942859e1db75bfb5f35f1d5eb79d2e,How can a neural model be used for a retrieval if the input is the entire Wikipedia?,"A neural model for retrieval in the context of using the entire Wikipedia as input can be trained by an oracle constructed using distant supervision. Specifically, the model is trained using answer la",0.5263,0.4912,0.2847,extractive,1,1,72,46.07
kmeans,1908.06138,12391aab31c899bac0ecd7238c111cb73723a6b7,Which algorithm is used in the UDS-DFKI system?,Unanswerable,0.0,0.0,0.0,extractive,1,1,45,14.93
kmeans,1908.06138,8b43201e7e648c670c02e16ba189230820879228,Does the use of out-of-domain data improve the performance of the method?,Yes,0.0,0.0,0.0,yes_no,1,1,45,14.93
kmeans,1801.09030,5d5a571ff04a5fdd656ca87f6525a60e917d6558,Do they impose any grammatical constraints over the generated output?,No,1.0,1.0,1.0,yes_no,1,1,84,16.41
kmeans,1801.09030,3c362bfa11c60bad6c7ea83f8753d427cda77de0,Why did they think this was a good idea?,"To address the repetition problems and low recall rates caused by direct application of seq2seq models, the authors proposed a novel decoder with a coverage mechanism and a soft loss function. These m",0.0417,0.0417,0.0163,abstractive,1,1,84,16.41
kmeans,1805.09055,e78a47aec37d9a3bec5a18706b0a462c148c118b,How many languages are included in the tweets?,53,0.0,0.0,0.0,unanswerable,1,1,41,14.78
kmeans,1805.09055,351510da69ab6879df5ff5c7c5f49a8a7aea4632,What languages are explored?,53 languages,0.0,0.0,0.0,unanswerable,1,1,41,14.78
kmeans,1805.09055,d43e868cae91b3dc393c05c55da0754b0fb3a46a,Which countries did they look at?,53 languages,0.0,0.0,0.0,unanswerable,1,1,41,14.78
kmeans,1804.03396,fd8b6723ad5f52770bec9009e45f860f4a8c4321,What QA models were used?,Pointer Networks BIBREF39 and Self-Matching Networks BIBREF29,0.1579,0.1579,0.0056,abstractive,1,1,102,34.6
kmeans,1804.03396,4ce3a6632e7d86d29a42bd1fcf325114b3c11d46,Can this approach model n-ary relations?,Unanswerable,0.0,0.0,0.0,yes_no,1,1,102,34.6
kmeans,1804.03396,e7c0cdc05b48889905cc03215d1993ab94fb6eaa,Was this benchmark automatically created from an existing dataset?,Yes,0.0,0.0,0.0,yes_no,1,1,102,34.6
kmeans,2004.02083,99760276cfd699e55b827ceeb653b31b043b9ceb,How does morphological analysis differ from morphological inflection?,"Morphological analysis is the task of creating a morphosyntactic description for a given word, while morphological inflection specifically involves the mapping from the pairing of a lemma with a set o",0.8333,0.8333,0.7685,extractive,1,1,38,19.01
kmeans,2004.02083,247e1fe052230458ce11b98e3637acf0b86795cd,What was the criterion used for selecting the lemmata?,"The context does not specify the criterion used for selecting the lemmata. Therefore, the question is unanswerable based on the provided information.",0.1111,0.1111,0.0588,unanswerable,1,1,38,19.01
kmeans,2004.02083,79cfd1b82c72d18e2279792c66a042c0e9dfa6b7,What are the architectures used for the three tasks?,Character-level neural encoder-decoder models implemented in DyNet.,0.25,0.25,0.1429,extractive,1,1,38,19.01
kmeans,2004.02083,9e1bf306658ef2972159643fdaf149c569db524b,Which language family does Chatino belong to?,Otomanguean,0.5,0.5,0.1353,extractive,1,1,38,19.01
kmeans,2004.02083,25b24ab1248f14a621686a57555189acc1afd49c,What system is used as baseline?,The system used as baseline is a character-level neural encoder-decoder model implemented in DyNet.,0.1538,0.1538,0.0833,extractive,1,1,38,19.01
kmeans,2004.02083,8486e06c03f82ebd48c7cfbaffaa76e8b899eea5,How was annotation done?,Unanswerable,0.0,0.0,0.0,extractive,1,1,38,19.01
kmeans,2004.02083,27f575e90487ef68298cfb6452683bb977e39e43,How was the data collected?,Unanswerable,1.0,1.0,1.0,unanswerable,1,1,38,19.01
kmeans,1707.03764,157b9f6f8fb5d370fa23df31de24ae7efb75d6f3,How do their results compare against other competitors in the PAN 2017 shared task on Author Profiling?,N-GrAM turned out to be the best-performing out of the 22 systems submitted in this shared task.,0.1017,0.1017,0.01,abstractive,1,1,49,15.05
kmeans,1707.03764,9bcc1df7ad103c7a21d69761c452ad3cd2951bda,On which task does do model do worst?,gender,0.5,0.5,0.1353,abstractive,1,1,49,15.05
kmeans,1707.03764,8427988488b5ecdbe4b57b3813b3f981b07f53a5,On which task does do model do best?,"The best performance was on the gender task, as indicated by the higher score for gender (0.8253) compared to language variety (0.9184). However, it's noted that the joint score (0.8",0.1379,0.069,0.0318,abstractive,1,1,49,15.05
kmeans,2001.10179,3604c4fba0a82d7139efd5ced47612c90bd10601,"Is their implementation on CNN-DSA compared to GPU implementation in terms of power consumption, accuracy and speed?","Their implementation on CNN-DSA is compared to GPU-based solutions in terms of lower power consumption, but the context does not provide direct comparisons for accuracy and speed.",0.0,0.0,0.0,yes_no,1,1,33,14.37
kmeans,2001.10179,38e2f07ba965b676a99be06e8872dade7c04722a,Does this implementation on CNN-DSA lead to diminishing of performance?,No,0.0,0.0,0.0,unanswerable,1,1,33,14.37
kmeans,2001.10179,931a2a13a1f6a8d9107d26811089bdccc39b0800,How is Super Character method modified to handle tabular data also?,"Super Characters method is modified to handle tabular data by adding the tabular data to the multi-modal input along with the text data. Specifically, for multi-modal sentiment analysis, the method sp",0.3922,0.2745,0.1774,extractive,1,1,33,14.37
kmeans,1907.11907,8c981f8b992cb583e598f71741c322f522c6d2ad,How are the substitution rules built?,"Transformation rules are formed by analyzing the training data, which can be a corpus of words and their lemmas or a large morphological lexicon. Rules are successively generated and applied to the tr",0.0435,0.0435,0.0163,extractive,1,1,49,23.84
kmeans,1907.11907,16f33de90b76975a99572e0684632d5aedbd957c,Which dataset do they use?,The context mentions multiple datasets and corpora used:,0.125,0.125,0.083,extractive,1,1,49,23.84
kmeans,1911.03842,d0b005cb7ed6d4c307745096b2ed8762612480d2,What baseline is used to compare the experimental results against?,a baseline model that does not use any of the bias mitigation techniques,0.1429,0.1429,0.0632,extractive,1,1,54,15.26
kmeans,1911.03842,9d9b11f86a96c6d3dd862453bf240d6e018e75af,How does counterfactual data augmentation aim to tackle bias?,"Counterfactual data augmentation aims to tackle bias by swapping gendered words in the dataset. For example, all instances of ""grandmother"" are swapped with ""grandfather"".",0.3243,0.2162,0.0613,abstractive,1,1,54,15.26
kmeans,1911.03842,415f35adb0ef746883fb9c33aa53b79cc4e723c3,"In the targeted data collection approach, what type of data is targetted?",Gender-balanced dataset,0.3333,0.3333,0.1839,abstractive,1,1,54,15.26
kmeans,1707.02377,52f1a91f546b8a25a5d72325c503ec8f9c72de23,Which language models do they compare against?,"They compare against the following language models: Bag-of-Words (BoW), Denoising Autoencoders (DEA), Recurrent Neural Network Language Model (RNNLM), and LSTM-based methods.",0.0909,0.0909,0.0363,extractive,1,1,70,20.24
kmeans,1707.02377,bb5697cf352dd608edf119ca9b82a6b7e51c8d21,"Is their approach similar to making an averaged weighted sum of word vectors, where weights reflect word frequencies?",No,0.0,0.0,0.0,extractive,1,1,70,20.24
kmeans,1707.02377,98785bf06e60fcf0a6fe8921edab6190d0c2cec1,How do they determine which words are informative?,"The context does not explicitly state how they determine which words are informative. However, it mentions that the Doc2VecC framework ""implicitly introduces a data-dependent regularization, which fav",0.2083,0.125,0.0251,abstractive,1,1,70,20.24
kmeans,1911.06191,9846f84747b89f5c692665c4ea7111671ad9839a,What is their best performance on the largest language direction dataset?,English→Finnish,0.0,0.0,0.0,unanswerable,1,1,104,47.46
kmeans,1911.06191,eecf62e18a790bcfdd8a56f0c4f498927ff2fb47,How does soft contextual data augmentation work?,"Soft contextual data augmentation (SCA) works by replacing a randomly chosen word in a sentence with a distribution of related words from a language model. Specifically, instead of replacing the word ",0.5714,0.4127,0.174,extractive,1,1,104,47.46
kmeans,1911.06191,acda028a21a465c984036dcbb124b7f03c490b41,How does muli-agent dual learning work?,"Multi-agent dual learning (MADL) works by extending the dual learning framework by introducing multiple primal and dual models. Specifically, it uses \(N\) primal translation models \(f_i\) and \(N\) ",0.4681,0.4681,0.2352,extractive,1,1,104,47.46
kmeans,1911.06191,42af0472e6895eaf7b9392674b0d956e64e86b03,Which language directions are machine translation systems of WMT evaluated on?,The WMT machine translation systems are evaluated on 11 language directions.,0.0,0.0,0.0,extractive,1,1,104,47.46
kmeans,1701.06538,a85698f19a91ecd3cd3a90a93a453d2acebae1b7,Approximately how much computational cost is saved by using this model?,Unanswerable,1.0,1.0,1.0,unanswerable,1,1,109,17.62
kmeans,1701.06538,af073d84b8a7c968e5822c79bef34a28655886de,What improvement does the MOE model make over the SOTA on machine translation?,"The MoE model significantly beats the multilingual GNMT model on 11 of the 12 language pairs, and even beats the monolingual GNMT models on 8 of the 12 language pairs. On BLEU score,",0.2456,0.2105,0.0419,extractive,1,1,109,17.62
kmeans,1701.06538,e8fcfb1412c3b30da6cbc0766152b6e11e17196c,What improvement does the MOE model make over the SOTA on language modelling?,19% lower perplexity,0.0,0.0,0.0,abstractive,1,1,109,17.62
kmeans,1701.06538,0cd90e5b79ea426ada0203177c28812a7fc86be5,How is the correct number of experts to use decided?,"The correct number of experts to use is decided by varying the number of experts between models, using ordinary MoE layers with 4, 32 and 256 experts and hierarchical MoE layers with 256, 10",0.2632,0.2632,0.1086,extractive,1,1,109,17.62
kmeans,1701.06538,f01a88e15ef518a68d8ca2bec992f27e7a3a6add,What equations are used for the trainable gating network?,INLINEFORM1 DISPLAYFORMFORMULA0 DISPLAYFORMFORMULA1,0.0,0.0,0.0,extractive,1,1,109,17.62
kmeans,1905.10810,44104668796a6ca10e2ea3ecf706541da1cec2cf,What is the difference in performance between the interpretable system (e.g. vectors and cosine distance) and LSTM with ,Unanswerable,0.0,0.0,0.0,abstractive,1,1,49,45.38
kmeans,1905.10810,bbcd77aac74989f820e84488c52f3767d0405d51,What solutions are proposed for error detection and context awareness?,"Bidirectional Long Short-Term Memory (LSTM) networks, particularly enhanced by ELMo embeddings, seem to offer the best raw performance for error detection and context awareness.",0.0,0.0,0.0,unanswerable,1,1,49,45.38
kmeans,1905.10810,6a31bd676054222faf46229fc1d283322478a020,How is PIEWi annotated?,Unanswerable,0.0,0.0,0.0,extractive,1,1,49,45.38
kmeans,1905.10810,e4d16050f0b457c93e590261732a20401def9cde,What methods are tested in PIEWi?,uni- and bidirectional Long Short-Term Memory networks,0.0,0.0,0.0,extractive,1,1,49,45.38
kmeans,1905.10810,b25e7137f49f77e7e67ee2f40ca585d3a377f8b5,Which specific error correction solutions have been proposed for specialized corpora in the past?,Works on spellchecking mammography reports and tweets have been mentioned as specific error correction solutions for specialized corpora in the past.,0.3704,0.3704,0.1792,extractive,1,1,49,45.38
kmeans,2002.12328,d803b782023553bbf9b36551fbc888ad189b1f29,What was the criteria for human evaluation?,informativeness and naturalness,0.3158,0.3158,0.0131,extractive,1,1,77,46.71
kmeans,2002.12328,fc5f9604c74c9bb804064f315676520937131e17,What automatic metrics are used to measure performance of the system?,BLEU scores and the slot error rate (ERR),1.0,1.0,1.0,extractive,1,1,77,46.71
kmeans,2002.12328,b37fd665dfa5fad43977069d5623f4490a979305,What existing methods is SC-GPT compared to?,GPT-2 and SC-LSTM,0.3333,0.1667,0.0591,extractive,1,1,77,46.71
kmeans,1910.07481,c1f4d632da78714308dc502fe4e7b16ea6f76f81,Which language-pair had the better performance?,English-French,0.0,0.0,0.0,abstractive,1,1,49,19.48
kmeans,1910.07481,749a307c3736c5b06d7b605dc228d80de36cbabe,Which datasets were used in the experiment?,The experiments used the following datasets:,0.0,0.0,0.0,extractive,1,1,49,19.48
kmeans,1910.07481,102de97c123bb1e247efec0f1d958f8a3a86e2f6,What evaluation metrics did they use?,BLEU and TER,0.8571,0.8571,0.7165,extractive,1,1,49,19.48
kmeans,1610.09516,3460393d6888dd34113fa0813a1b3a1514c66aa6,Do they evaluate only on English datasets?,Unanswerable,1.0,1.0,1.0,unanswerable,1,1,93,21.33
kmeans,1610.09516,d491ee69db39ec65f0f6da9ec03450520389699a,What are the differences in the use of emojis between gang member and the rest of the Twitter population?,"Gang members have a penchant for using a small set of emoji symbols that convey anger and violent behavior, such as chaining the police and pistol emoji (32.25% of gang members vs 1.14% of non-gang",0.5833,0.3542,0.2139,extractive,1,1,93,21.33
kmeans,1610.09516,d3839c7acee4f9c8db0a4a475214a8dcbd0bc26f,What are the differences in the use of YouTube links between gang member and the rest of the Twitter population?,"Gang members shared YouTube links more frequently related to gangster rap and hip-hop. Specifically, 51.25% of the gang members had a tweet linking to a YouTube video, and 76.58% of these shared",0.4255,0.2979,0.077,extractive,1,1,93,21.33
kmeans,1610.09516,a6d00f44ff8f83b6c1787e39333e759b0c3daf15,What are the differences in the use of images between gang member and the rest of the Twitter population?,Unanswerable,0.0,0.0,0.0,extractive,1,1,93,21.33
kmeans,1610.09516,0d4aa05eb00d9dee74000ea5b21b08f693ba1e62,What are the differences in language use between gang member and the rest of the Twitter population?,"Gang members more frequently use curse words, talk about material things like money and need, and use terms such as ""rip"" and ""free"" in their profile descriptions. In contrast, non-gang members tend t",0.4259,0.2407,0.0617,extractive,1,1,93,21.33
kmeans,1610.09516,382bef47d316d7c12ea190ae160bf0912a0f4ffe,How is gang membership verified?,Manual verification,1.0,1.0,1.0,extractive,1,1,93,21.33
kmeans,1610.09516,32a232310babb92991c4b1b75f7aa6b4670ec447,Do the authors provide evidence that 'most' street gang members use Twitter to intimidate others?,Unanswerable,0.0,0.0,0.0,yes_no,1,1,93,21.33
kmeans,2001.05493,5845d1db7f819dbadb72e7df69d49c3f424b5730,What is English mixed with in the TRAC dataset?,Code,0.0,0.0,0.0,extractive,1,1,84,29.6
kmeans,2001.05493,e829f008d62312357e0354a9ed3b0827c91c9401,Which psycholinguistic and basic linguistic features are used?,"The context does not explicitly list specific psycholinguistic and basic linguistic features used. It mentions using ""psycho-linguistic and basic linguistic features as meta-data"" but does not provide",0.0426,0.0426,0.0183,abstractive,1,1,84,29.6
kmeans,2001.05493,54fe8f05595f2d1d4a4fd77f4562eac519711fa6,How have the differences in communication styles between Twitter and Facebook increase the complexity of the problem?,The differences in communication styles between Twitter and Facebook increase the complexity of the problem because these platforms have different ways of expressing thoughts and using communication s,0.1509,0.1132,0.0208,abstractive,1,1,84,29.6
kmeans,2001.05493,61404466cf86a21f0c1783ce535eb39a01528ce8,What are the key differences in communication styles between Twitter and Facebook?,"The context states that ""the way used to express thought or communication style also changes from one social media platform to another platform (e.g This language interchange makes the grammar more co",0.0,0.0,0.0,unanswerable,1,1,84,29.6
kmeans,2001.05493,fbe5e513745d723aad711ceb91ce0c3c2ceb669e,What data/studies do the authors provide to support the assertion that the majority of aggressive conversations contain ,Unanswerable,0.0,0.0,0.0,abstractive,1,1,84,29.6
kmeans,1908.09951,1571e16063b53409f2d1bd6ec143fccc5b29ebb9,What is the baseline?,"The baseline mentioned in the context includes Majority Class baseline (MC), Random selection baseline (RAN), bag-of-words with a support vector machine classifier (BOW-SVM), a baseline based on word ",0.4571,0.4571,0.2513,extractive,1,1,104,43.67
kmeans,1908.09951,d71937fa5da853f7529f767730547ccfb70e5908,What datasets did they use?,They used two datasets for news articles and a dataset for clickbaits. Specifically:,0.2667,0.2667,0.0912,extractive,1,1,104,43.67
kmeans,1606.08140,8d258899e36326183899ebc67aeb4188a86f682c,What scoring function does the model use to score triples?,"\[ f_r(h, t) = \left\| \textbf{W}_{r,1}\textbf{h} + \textbf{r} - \textbf{W}_{r,2}\textbf{t}",0.2105,0.2105,0.0601,extractive,1,1,65,46.07
kmeans,1606.08140,955ca31999309685c1daa5cb03867971ca99ec52,What datasets are used to evaluate the model?,WN18 and FB15k,0.8,0.8,0.4082,abstractive,1,1,65,46.07
kmeans,1911.11698,9b2b063e8a9938da195c9c0d6caa3e37a4a615a8,How long it took for each Doc2Vec model to be trained?,Unanswerable,1.0,1.0,1.0,unanswerable,1,1,74,16.11
kmeans,1911.11698,ac3c88ace59bf75788370062db139f60499c2056,How better are results for pmra algorithm  than Doc2Vec in human evaluation? ,The human evaluation shows much better results for the pmra algorithm.,0.0714,0.0714,0.0264,extractive,1,1,74,16.11
kmeans,1911.11698,26012f57cba21ba44b9a9f7ed8b1ed9e8ee7625d,What Doc2Vec architectures other than PV-DBOW have been tried?,PV-DM,1.0,1.0,1.0,extractive,1,1,74,16.11
kmeans,1911.11698,bd26a6d5d8b68d62e1b6eaf974796f3c34a839c4,What four evaluation tasks are defined to determine what influences proximity?,Four evaluation tasks were defined to determine what does or does not influence the proximity between documents for both Doc2Vec and pmra.,0.0,0.0,0.0,extractive,1,1,74,16.11
kmeans,1911.11698,7d4fad6367f28c67ad22487094489680c45f5062,What six parameters were optimized with grid search?,"The six parameters optimized with grid search were:
- window_size
- alpha
- sample
- dm
- hs
- vector_size",0.6316,0.6316,0.3806,extractive,1,1,74,16.11
kmeans,1901.02257,3aa7173612995223a904cc0f8eef4ff203cbb860,What baseline models do they compare against?,Unanswerable,0.0,0.0,0.0,abstractive,1,1,75,16.19
kmeans,1710.01507,acc8d9918d19c212ec256181e51292f2957b37d7,What are the differences with previous applications of neural networks for this task?,The key differences with previous applications of neural networks for clickbait detection include:,0.0,0.0,0.0,abstractive,1,1,46,14.91
kmeans,2002.02492,6f2f304ef292d8bcd521936f93afeec917cbe28a,How much improvement is gained from the proposed approaches?,Unanswerable,0.0,0.0,0.0,abstractive,1,1,111,48.31
kmeans,2002.02492,82fa2b99daa981fc42a882bb6db8481bdbbb9675,Is the problem of determining whether a given model would generate an infinite sequence is a decidable problem?  ,Unanswerable,1.0,1.0,1.0,unanswerable,1,1,111,48.31
kmeans,2002.02492,61fb982b2c67541725d6db76b9c710dd169b533d,Is infinite-length sequence generation a result of training with maximum likelihood?,No,0.0,0.0,0.0,abstractive,1,1,111,48.31
