method,paper_id,question_id,question,predicted,f1,rouge_l,bleu,answer_type,n_references,tree_layers,tree_nodes,build_time_sec
original,1909.00694,753990d0b621d390ed58f20c4d9e4f065f0dc672,What is the seed lexicon?,The seed lexicon consists of 15 positive words and 15 negative words.,0.7368,0.7368,0.2699,extractive,2,1,56,68.58
original,1909.00694,9d578ddccc27dd849244d632dd0f6bf27348ad81,What are the results?,The results are shown in Table TABREF16.,0.0,0.0,0.0,abstractive,1,1,56,68.58
original,1909.00694,02e4bf719b1a504e385c35c6186742e720bcb281,How are relations used to propagate polarity?,"Cause and Concession relations are used to propagate polarity. Specifically, if the seed predicate is positive and the subsequent event is causally related (Cause), the subsequent event is also consid",0.1111,0.1111,0.0221,abstractive,2,1,56,68.58
original,1909.00694,44c4bd6decc86f1091b5fc0728873d9324cdde4e,How big is the Japanese data?,Unanswerable,0.0,0.0,0.0,abstractive,2,1,56,68.58
original,1909.00694,86abeff85f3db79cf87a8c993e5e5aa61226dc98,What are labels available in dataset for supervision?,positive and negative,0.8,0.4,0.4082,extractive,1,1,56,68.58
original,1909.00694,c029deb7f99756d2669abad0a349d917428e9c12,How big are improvements of supervszed learning results trained on smalled labeled data enhanced with proposed approach ,Unanswerable,0.0,0.0,0.0,abstractive,1,1,56,68.58
original,1909.00694,39f8db10d949c6b477fa4b51e7c184016505884f,How does their model learn using mostly raw data?,"Their model learns using mostly raw data through the use of a small seed lexicon and a large raw corpus. Specifically, the approach involves transforming the seed lexicon into objective functions and ",0.1509,0.1132,0.0224,abstractive,1,1,56,68.58
original,1909.00694,d0bc782961567dc1dd7e074b621a6d6be44bb5b4,How big is seed lexicon used for training?,30,0.6667,0.6667,0.3679,abstractive,1,1,56,68.58
original,1909.00694,a592498ba2fac994cd6fad7372836f0adb37e22a,How large is raw corpus used for training?,Unanswerable,0.0,0.0,0.0,extractive,1,1,56,68.58
original,2003.07723,3a9d391d25cde8af3334ac62d478b36b30079d74,Does the paper report macro F1?,Unanswerable,0.0,0.0,0.0,yes_no,2,2,119,89.65
original,2003.07723,8d8300d88283c73424c8f301ad9fdd733845eb47,How is the annotation experiment evaluated?,The annotation experiment is evaluated by comparing the consistency of emotion labeling between expert and crowd annotators for 59 poetic stanzas. It involves bootstrapping resampling of annotators to,0.2,0.15,0.0259,extractive,1,2,119,89.65
original,2003.07723,48b12eb53e2d507343f19b8a667696a39b719807,What are the aesthetic emotions formalized?,"The aesthetic emotions formalized are: Beauty/Joy, Sadness, Uneasiness, Vitality, Suspense, Awe/Sublime, Humor, Annoyance, and Nostalgia.",0.16,0.08,0.014,extractive,1,2,119,89.65
original,1705.09665,003f884d3893532f8c302431c9f70be6f64d9be8,Do they report results only on English data?,Yes,0.0,0.0,0.0,yes_no,2,2,106,71.72
original,1705.09665,bb97537a0a7c8f12a3f65eba73cefa6abcd2f2b2,How do the various social phenomena examined manifest in different types of communities?,"The various social phenomena examined manifest differently across communities, with some communities showing larger acculturation gaps between existing users and newcomers, which may hinder the integr",0.1404,0.1228,0.0096,abstractive,1,2,106,71.72
original,1705.09665,eea089baedc0ce80731c8fdcb064b82f584f483a,What patterns do they observe about how user engagement varies with the characteristics of a community?,"The patterns observed about how user engagement varies with the characteristics of a community include:
- Communities with distinctive and highly dynamic identities are more likely to retain their use",0.3171,0.1951,0.0558,extractive,1,2,106,71.72
original,1705.09665,edb2d24d6d10af13931b3a47a6543bd469752f0c,How did the select the 300 Reddit communities for comparison?,Unanswerable,0.0,0.0,0.0,abstractive,2,2,106,71.72
original,1705.09665,938cf30c4f1d14fa182e82919e16072fdbcf2a82,How do the authors measure how temporally dynamic a community is?,"The authors measure how temporally dynamic a community is by calculating the average volatility of all utterances in the community over time. Specifically, they define the dynamicity of a community as",0.2703,0.2703,0.1086,extractive,1,2,106,71.72
original,1705.09665,93f4ad6568207c9bd10d712a52f8de25b3ebadd4,How do the authors measure how distinctive a community is?,The authors measure how distinctive a community is by quantifying the average specificity of all utterances within the community.,0.5,0.5,0.246,extractive,1,2,106,71.72
original,1908.06606,71a7153e12879defa186bfb6dbafe79c74265e10,What data is the language model pretrained on?,Chinese general corpus,1.0,1.0,1.0,extractive,2,1,79,45.36
original,1908.06606,85d1831c28d3c19c84472589a252e28e9884500f,What baselines is the proposed model compared against?,BERT-Base and QANet,0.8,0.8,0.4082,extractive,2,1,79,45.36
original,1908.06606,1959e0ebc21fafdf1dd20c6ea054161ba7446f61,How is the clinical text structuring task defined?,The clinical text structuring (CTS) task is defined as extracting or generating a key-value pair where the key \( Q \) is typically a query term and the value \( V \) is a result of the query term \( ,0.24,0.2,0.0312,extractive,2,1,79,45.36
original,1908.06606,77cf4379106463b6ebcb5eb8fa5bb25450fa5fb8,What are the specific tasks being unified?,Unanswerable,1.0,1.0,1.0,unanswerable,2,1,79,45.36
original,1908.06606,06095a4dee77e9a570837b35fc38e77228664f91,"Is all text in this dataset a question, or are there unrelated sentences in between questions?",Unanswerable,0.0,0.0,0.0,abstractive,1,1,79,45.36
original,1908.06606,19c9cfbc4f29104200393e848b7b9be41913a7ac,How many questions are in the dataset?,"2,714",1.0,1.0,1.0,abstractive,1,1,79,45.36
original,1908.06606,6743c1dd7764fc652cfe2ea29097ea09b5544bc3,What is the perWhat are the tasks evaluated?,EM-score and F$_1$-score,0.0,0.0,0.0,unanswerable,1,1,79,45.36
original,1908.06606,14323046220b2aea8f15fba86819cbccc389ed8b,Are there privacy concerns with clinical data?,Unanswerable,1.0,1.0,1.0,unanswerable,1,1,79,45.36
original,1908.06606,08a5f8d36298b57f6a4fcb4b6ae5796dc5d944a4,How they introduce domain-specific features into pre-trained language model?,Clinical named entity information) into pre-trained language model is also proposed for QA-CTS task,0.6957,0.6957,0.5142,extractive,1,1,79,45.36
original,1908.06606,975a4ac9773a4af551142c324b64a0858670d06e,How big is QA-CTS task dataset?,Unanswerable,0.0,0.0,0.0,extractive,1,1,79,45.36
original,1908.06606,326e08a0f5753b90622902bd4a9c94849a24b773,How big is dataset of pathology reports collected from Ruijing Hospital?,"17,833 sentences",0.4,0.4,0.0498,extractive,1,1,79,45.36
original,1908.06606,bd78483a746fda4805a7678286f82d9621bc45cf,What are strong baseline models in specific tasks?,Unanswerable,0.0,0.0,0.0,extractive,1,1,79,45.36
original,1811.00942,dd155f01f6f4a14f9d25afc97504aefdc6d29c13,What aspects have been compared between various language models?,"energy usage, latency, perplexity, and prediction accuracy",0.4762,0.1905,0.0859,abstractive,1,1,50,36.07
original,1811.00942,a9d530d68fb45b52d9bad9da2cd139db5a4b2f7c,what classic language models are mentioned in the paper?,Kneser-Ney (KN) LMs,0.0,0.0,0.0,extractive,1,1,50,36.07
original,1811.00942,e07df8f613dbd567a35318cd6f6f4cb959f5c82d,What is a commonly used evaluation metric for language models?,perplexity,1.0,1.0,1.0,extractive,2,1,50,36.07
original,1805.02400,1a43df221a567869964ad3b275de30af2ac35598,Which dataset do they use a starting point in generating fake reviews?,Yelp Challenge dataset BIBREF2,1.0,1.0,1.0,extractive,2,2,186,171.77
original,1805.02400,98b11f70239ef0e22511a3ecf6e413ecb726f954,Do they use a pretrained NMT model to help generating reviews?,No,1.0,1.0,1.0,yes_no,2,2,186,171.77
original,1805.02400,d4d771bcb59bab4f3eb9026cda7d182eb582027d,How does using NMT ensure generated reviews stay on topic?,"The context states that the technique involves defining a context for each review, which includes the review rating, restaurant name, city, state, and food tags (e.g., Japanese, Italian). This context",0.0,0.0,0.0,unanswerable,1,2,186,171.77
original,1805.02400,12f1919a3e8ca460b931c6cacc268a926399dff4,What kind of model do they use for detection?,AdaBoost-based classifier consisting of 200 shallow decision trees (depth 2),0.3333,0.3333,0.1491,extractive,1,2,186,171.77
original,1805.02400,cd1034c183edf630018f47ff70b48d74d2bb1649,Does their detection tool work better than human detection?,Yes,1.0,1.0,1.0,yes_no,1,2,186,171.77
original,1805.02400,bd9930a613dd36646e2fc016b6eb21ab34c77621,How many reviews in total (both generated and true) do they evaluate on Amazon Mechanical Turk?,2000,0.0,0.0,0.0,extractive,1,2,186,171.77
original,1907.05664,6e2ad9ad88cceabb6977222f5e090ece36aa84ea,Which baselines did they compare?,They compared their results to the baseline model used by See et al See2017.,0.0811,0.0811,0.002,extractive,2,1,51,35.89
original,1907.05664,aacb0b97aed6fc6a8b471b8c2e5c4ddb60988bf5,How many attention layers are there in their model?,1,0.0,0.0,0.0,abstractive,1,1,51,35.89
original,1907.05664,710c1f8d4c137c8dad9972f5ceacdbf8004db208,Is the explanation from saliency map correct?,No,1.0,1.0,1.0,yes_no,1,1,51,35.89
original,1910.14497,47726be8641e1b864f17f85db9644ce676861576,How is embedding quality assessed?,embedding quality is maintained across various popular benchmark semantic tasks.,0.0233,0.0233,0.0001,extractive,2,1,78,41.15
original,1910.14497,8958465d1eaf81c8b781ba4d764a4f5329f026aa,What are the three measures of bias which are reduced in experiments?,"The context does not explicitly list the three measures of bias that are reduced in experiments. Therefore, the question is unanswerable based solely on the given information.",0.0,0.0,0.0,abstractive,1,1,78,41.15
original,1910.14497,31b6544346e9a31d656e197ad01756813ee89422,What are the probabilistic observations which contribute to the more robust algorithm?,"The probabilistic observations which contribute to the more robust algorithm include the probability of prediction or outcome not depending on a protected class such as gender, and the use of a loss f",0.0,0.0,0.0,unanswerable,1,1,78,41.15
original,1912.02481,347e86893e8002024c2d10f618ca98e14689675f,What turn out to be more important high volume or high quality data?,high quality data,0.2857,0.2857,0.2484,extractive,2,2,116,84.99
original,1912.02481,10091275f777e0c2890c3ac0fd0a7d8e266b57cf,How much is model improved by massive data and how much by quality?,"Curated word embeddings outperform those trained on larger, noisier corpora.",0.0,0.0,0.0,unanswerable,1,2,116,84.99
original,1912.02481,cbf1137912a47262314c94d36ced3232d5fa1926,What two architectures are used?,Character Word Embedding (CWE) and fastText,0.25,0.25,0.1291,extractive,1,2,116,84.99
original,1810.04528,519db0922376ce1e87fcdedaa626d665d9f3e8ce,Does this paper target European or Brazilian Portuguese?,Brazilian Portuguese,0.0,0.0,0.0,unanswerable,2,1,31,22.32
original,1810.04528,99a10823623f78dbff9ccecb210f187105a196e9,What were the word embeddings trained on?,a large multi-genre Portuguese corpus,0.8571,0.8571,0.3969,extractive,1,1,31,22.32
original,1810.04528,09f0dce416a1e40cc6a24a8b42a802747d2c9363,Which word embeddings are analysed?,Portuguese word2vec embeddings,0.0,0.0,0.0,extractive,1,1,31,22.32
original,2002.02224,ac706631f2b3fa39bf173cd62480072601e44f66,Did they experiment on this dataset?,No,1.0,1.0,1.0,yes_no,2,1,50,31.98
original,2002.02224,8b71ede8170162883f785040e8628a97fc6b5bcb,How is quality of the citation measured?,F1-measure,0.0,0.0,0.0,extractive,1,1,50,31.98
original,2002.02224,fa2a384a23f5d0fe114ef6a39dced139bddac20e,How big is the dataset?,"237,723",0.0,0.0,0.0,abstractive,1,1,50,31.98
original,2003.07433,53712f0ce764633dbb034e550bb6604f15c0cacd,Do they evaluate only on English datasets?,Yes,0.0,0.0,0.0,unanswerable,1,1,87,50.31
original,2003.07433,0bffc3d82d02910d4816c16b390125e5df55fd01,Do the authors mention any possible confounds in this study?,Unanswerable,0.0,0.0,0.0,yes_no,1,1,87,50.31
original,2003.07433,bdd8368debcb1bdad14c454aaf96695ac5186b09,How is the intensity of the PTSD established?,"The intensity of PTSD is established using a scoring system where No PTSD, Low Risk PTSD, Moderate Risk PTSD, and High Risk PTSD are assigned scores of 0, 1, 2, and 3 respectively.",0.6769,0.6154,0.5133,abstractive,2,1,87,50.31
original,2003.07433,3334f50fe1796ce0df9dd58540e9c08be5856c23,How is LIWC incorporated into this system?,"LIWC is incorporated into this system by developing a modified LIWC algorithm to estimate survey scores, creating a PTSD Linguistic Dictionary, and using it to calculate possible scores of each survey",0.4615,0.3077,0.2037,extractive,2,1,87,50.31
original,2003.07433,7081b6909cb87b58a7b85017a2278275be58bf60,How many twitter users are surveyed using the clinically validated survey?,210,1.0,1.0,1.0,extractive,1,1,87,50.31
original,2003.07433,1870f871a5bcea418c44f81f352897a2f53d0971,Which clinically validated survey tools are used?,"DOSPERT scale, BSSS scale, and VIAS scale",0.7273,0.7273,0.1858,extractive,1,1,87,50.31
original,2003.12218,ce6201435cc1196ad72b742db92abd709e0f9e8d,Did they experiment with the dataset?,Unanswerable,0.0,0.0,0.0,yes_no,1,1,30,18.11
original,2003.12218,928828544e38fe26c53d81d1b9c70a9fb1cc3feb,What is the size of this dataset?,"29,500 documents",1.0,1.0,1.0,extractive,2,1,30,18.11
original,2003.12218,4f243056e63a74d1349488983dc1238228ca76a7,Do they list all the named entity types present?,No,1.0,1.0,1.0,yes_no,1,1,30,18.11
original,1904.09678,8f87215f4709ee1eb9ddcc7900c6c054c970160b,how is quality measured?,"The quality is measured by comparing the performance of UniSent against manually created sentiment lexicons in different domains, and specifically, the comparison is done through tables (Table TABREF1",0.1633,0.1224,0.0267,abstractive,2,1,17,13.37
original,1904.09678,b04098f7507efdffcbabd600391ef32318da28b3,how many languages exactly is the sentiment lexica for?,1000+,0.0,0.0,0.0,unanswerable,1,1,17,13.37
original,1904.09678,8fc14714eb83817341ada708b9a0b6b4c6ab5023,what sentiment sources do they compare with?,gold standard emoticon lexicon,0.1053,0.1053,0.0172,extractive,1,1,17,13.37
original,2003.06651,d94ac550dfdb9e4bbe04392156065c072b9d75e1,Is the method described in this work a clustering-based method?,Yes,1.0,1.0,1.0,yes_no,2,2,111,89.43
original,2003.06651,eeb6e0caa4cf5fdd887e1930e22c816b99306473,How are the different senses annotated/labeled? ,Each word cluster representing a sense is labeled to make them and the WSD results interpretable by humans. Prior systems used hypernyms for labeling the clusters.,0.0,0.0,0.0,extractive,1,2,111,89.43
original,2003.06651,3c0eaa2e24c1442d988814318de5f25729696ef5,Was any extrinsic evaluation carried out?,Yes,1.0,1.0,1.0,yes_no,1,2,111,89.43
original,1910.04269,dc1fe3359faa2d7daa891c1df33df85558bc461b,Does the model use both spectrogram images and raw waveforms as features?,No,1.0,1.0,1.0,yes_no,1,1,65,40.76
original,1910.04269,922f1b740f8b13fdc8371e2a275269a44c86195e,Is the performance compared against a baseline model?,Unanswerable,0.0,0.0,0.0,yes_no,2,1,65,40.76
original,1910.04269,b39f2249a1489a2cef74155496511cc5d1b2a73d,What is the accuracy reported by state-of-the-art methods?,96.8%,0.0,0.0,0.0,abstractive,1,1,65,40.76
original,1906.00378,591231d75ff492160958f8aa1e6bfcbbcd85a776,Which vision-based approaches does this approach outperform?,The approach outperforms previous vision-based methods that rely on images with multi-lingual words and translate words according to similarities of visual features extracted from the corresponding im,0.0,0.0,0.0,extractive,1,2,76,66.92
original,1906.00378,9e805020132d950b54531b1a2620f61552f06114,What baseline is used for the experimental setup?,CNN-mean,0.6667,0.6667,0.3679,extractive,1,2,76,66.92
original,1906.00378,95abda842c4df95b4c5e84ac7d04942f1250b571,Which languages are used in the multi-lingual caption model?,"English, German, and French",0.25,0.25,0.2686,extractive,2,2,76,66.92
original,1912.13072,2419b38624201d678c530eba877c0c016cccd49f,Did they experiment on all the tasks?,Yes,1.0,1.0,1.0,yes_no,1,1,62,40.64
original,1912.13072,b99d100d17e2a121c3c8ff789971ce66d1d40a4d,What models did they compare to?,small-GRU,0.0,0.0,0.0,extractive,1,1,62,40.64
original,1912.13072,578d0b23cb983b445b1a256a34f969b34d332075,What datasets are used in training?,"TRAIN-A, TRAIN-B, DEV, TEST",0.0,0.0,0.0,extractive,2,1,62,40.64
original,1712.09127,6548db45fc28e8a8b51f114635bad14a13eaec5b,Which GAN do they use?,GAN (Generative Adversarial Nets),0.0833,0.0833,0.0049,extractive,2,2,112,93.43
original,1712.09127,4c4f76837d1329835df88b0921f4fe8bda26606f,Do they evaluate grammaticality of generated text?,Unanswerable,0.0,0.0,0.0,yes_no,1,2,112,93.43
original,1712.09127,819d2e97f54afcc7cdb3d894a072bcadfba9b747,Which corpora do they use?,"""politics,"" ""world,"" and ""US""",0.2,0.2,0.1629,extractive,1,2,112,93.43
original,2001.00137,637aa32a34b20b4b0f1b5dfa08ef4e0e5ed33d52,Do they report results only on English datasets?,No,0.0,0.0,0.0,yes_no,1,1,78,45.51
original,2001.00137,4b8257cdd9a60087fa901da1f4250e7d910896df,How do the authors define or exemplify 'incorrect words'?,"The context does not provide a specific definition or examples of 'incorrect words'. It only mentions that incomplete data refers to text containing missing or incorrect words, and that the Sentiment1",0.0952,0.0952,0.0205,abstractive,1,1,78,45.51
original,2001.00137,7e161d9facd100544fa339b06f656eb2fc64ed28,How many vanilla transformers do they use after applying an embedding layer?,Unanswerable,1.0,1.0,1.0,unanswerable,1,1,78,45.51
original,2001.00137,abc5836c54fc2ac8465aee5a83b9c0f86c6fd6f5,Do they test their approach on a dataset without incomplete data?,No,1.0,1.0,1.0,yes_no,2,1,78,45.51
original,2001.00137,4debd7926941f1a02266b1a7be2df8ba6e79311a,Should their approach be applied only when dealing with incomplete data?,No,1.0,1.0,1.0,yes_no,2,1,78,45.51
original,2001.00137,3b745f086fb5849e7ce7ce2c02ccbde7cfdedda5,By how much do they outperform other models in the sentiment in intent classification tasks?,0.94% for gtts-witai and 1% for macsay-witai,0.1667,0.0833,0.0315,abstractive,1,1,78,45.51
original,1910.03042,44c7c1fbac80eaea736622913d65fe6453d72828,What is the sample size of people used to measure user satisfaction?,"34,432",1.0,1.0,1.0,extractive,2,1,50,40.29
original,1910.03042,3e0c9469821cb01a75e1818f2acb668d071fcf40,What are all the metrics to measure user engagement?,"Overall rating, mean number of turns, and user's per-utterance word count.",0.7059,0.7059,0.4617,extractive,2,1,50,40.29
original,1910.03042,a725246bac4625e6fe99ea236a96ccb21b5f30c6,What the system designs introduced?,The system designs introduced include:,0.0,0.0,0.0,extractive,1,1,50,40.29
original,1910.03042,516626825e51ca1e8a3e0ac896c538c9d8a747c8,Do they specify the model they use for Gunrock?,Unanswerable,0.0,0.0,0.0,yes_no,1,1,50,40.29
original,1910.03042,77af93200138f46bb178c02f710944a01ed86481,Do they gather explicit user satisfaction data on Gunrock?,Yes,1.0,1.0,1.0,yes_no,1,1,50,40.29
original,1910.03042,71538776757a32eee930d297f6667cd0ec2e9231,How do they correlate user backstory queries to user satisfaction?,Users' backstory queries about Gunrock are positively correlated to user satisfaction.,0.0625,0.0625,0.0254,extractive,1,1,50,40.29
original,2002.06644,830de0bd007c4135302138ffa8f4843e4915e440,Do the authors report only on English?,Unanswerable,1.0,1.0,1.0,unanswerable,1,1,25,18.13
original,2002.06644,680dc3e56d1dc4af46512284b9996a1056f89ded,What is the baseline for the experiments?,FastText,0.5,0.5,0.1353,extractive,2,1,25,18.13
original,2002.06644,bd5379047c2cf090bea838c67b6ed44773bcd56f,Which experiments are perfomed?,"Experiments are performed on the complete WNC corpus, which consists of 423,823 revisions in Wikipedia marked by its editors over a period of 15 years.",0.1765,0.1176,0.0433,abstractive,1,1,25,18.13
original,1809.08731,7aa8375cdf4690fc3b9b1799b0f5a9ec1c1736ed,Is ROUGE their only baseline?,No,1.0,1.0,1.0,yes_no,2,1,80,49.76
original,1809.08731,3ac30bd7476d759ea5d9a5abf696d4dfc480175b,what language models do they use?,"neural models, namely recurrent neural networks (RNNs)",0.0,0.0,0.0,extractive,1,1,80,49.76
original,1809.08731,0e57a0983b4731eba9470ba964d131045c8c7ea7,what questions do they ask human judges?,Unanswerable,1.0,1.0,1.0,unanswerable,1,1,80,49.76
original,1707.00995,f0317e48dafe117829e88e54ed2edab24b86edb1,What misbehavior is identified?,"The attention mechanism loses track of the objects in the picture, ""gets lost,"" and still takes this information into account, overriding the information brought by the text-based annotations, which c",0.6923,0.6538,0.3259,extractive,2,1,69,49.89
original,1707.00995,ec91b87c3f45df050e4e16018d2bf5b62e4ca298,What is the baseline used?,A moving average baseline estimated as an accumulated sum of the previous log likelihoods with exponential decay upon seeing the \( n \)-th mini-batch.,0.0,0.0,0.0,unanswerable,1,1,69,49.89
original,1707.00995,f129c97a81d81d32633c94111018880a7ffe16d1,Which attention mechanisms do they compare?,soft and hard,0.4,0.4,0.1151,extractive,1,1,69,49.89
original,1809.04960,100cf8b72d46da39fedfe77ec939fb44f25de77f,Which paired corpora did they use in the other experiment?,Unanswerable,0.0,0.0,0.0,extractive,2,1,76,41.01
original,1809.04960,8cc56fc44136498471754186cfa04056017b4e54,By how much does their system outperform the lexicon-based models?,Significantly,0.0,0.0,0.0,abstractive,2,1,76,41.01
original,1809.04960,5fa431b14732b3c47ab6eec373f51f2bca04f614,Which lexicon-based models did they compare with?,"TF-IDF, S2S, and IR",0.3333,0.3333,0.2041,extractive,1,1,76,41.01
original,1809.04960,33ccbc401b224a48fba4b167e86019ffad1787fb,How many comments were used?,4500000,0.0,0.0,0.0,extractive,1,1,76,41.01
original,1809.04960,cca74448ab0c518edd5fc53454affd67ac1a201c,How many articles did they have?,"198,112",1.0,1.0,1.0,extractive,1,1,76,41.01
original,1809.04960,b69ffec1c607bfe5aa4d39254e0770a3433a191b,What news comment dataset was used?,QinEA2018,0.0,0.0,0.0,extractive,1,1,76,41.01
original,1909.08402,f5cf8738e8d211095bb89350ed05ee7f9997eb19,By how much do they outperform standard BERT?,Up to four percentage points,0.8333,0.8333,0.6703,extractive,1,1,62,32.2
original,1909.08402,bed527bcb0dd5424e69563fba4ae7e6ea1fca26a,What dataset do they use?,Web of Science (WOS) dataset and Blurb Genre Collection (BGC),0.0,0.0,0.0,extractive,2,1,62,32.2
original,1909.08402,aeab5797b541850e692f11e79167928db80de1ea,How do they combine text representations with the knowledge graph embeddings?,"They combine text representations with metadata and knowledge graph embeddings by enriching the BERT model with knowledge graph embeddings based on Wikidata. Specifically, they look up Wikipedia artic",0.0816,0.0816,0.0184,extractive,1,1,62,32.2
original,1909.11189,bfa3776c30cb30e0088e185a5908e5172df79236,What is the algorithm used for the classification tasks?,Random Forest Ensemble classifiers,1.0,1.0,1.0,extractive,1,1,27,18.06
original,1909.11189,a2a66726a5dca53af58aafd8494c4de833a06f14,Is the outcome of the LDA analysis evaluated in any way?,Yes,1.0,1.0,1.0,yes_no,1,1,27,18.06
original,1909.11189,ee87608419e4807b9b566681631a8cd72197a71a,What is the corpus used in the study?,The Digital Library in the TextGrid Repository,1.0,1.0,1.0,extractive,2,1,27,18.06
original,1810.05320,cda4612b4bda3538d19f4b43dde7bc30c1eda4e5,What are the traditional methods to identifying important attributes?,"The traditional methods to identifying important attributes, as mentioned in the context, include ""naive string matching and counting"" and ""several different frequency metrics"" (referring to methods u",0.1538,0.1538,0.0743,extractive,2,1,59,32.74
original,1810.05320,e12674f0466f8c0da109b6076d9939b30952c7da,What do you use to calculate word/sub-word embeddings,word2vec and glove,0.0,0.0,0.0,extractive,1,1,59,32.74
original,1810.05320,9fe6339c7027a1a0caffa613adabe8b5bb6a7d4a,What user generated text data do you use?,External user generated text data is used to evaluate the relative importance of an entity's attributes.,0.0,0.0,0.0,unanswerable,1,1,59,32.74
original,2003.08529,b5c3787ab3784214fc35f230ac4926fe184d86ba,Did they propose other metrics?,No,0.0,0.0,0.0,yes_no,1,1,71,45.16
original,2003.08529,9174aded45bc36915f2e2adb6f352f3c7d9ada8b,Which real-world datasets did they use?,"SST-2, Snips",1.0,1.0,1.0,extractive,2,1,71,45.16
original,2003.08529,a8f1029f6766bffee38a627477f61457b2d6ed5c,How did they obtain human intuitions?,Unanswerable,1.0,1.0,1.0,unanswerable,1,1,71,45.16
original,1708.05873,a2103e7fe613549a9db5e65008f33cf2ee0403bd,What are the country-specific drivers of international development rhetoric?,"Wealth, democracy, levels of ODA, and conflict.",0.8571,0.8571,0.3217,extractive,1,1,54,31.87
original,1708.05873,13b36644357870008d70e5601f394ec3c6c07048,Is the dataset multilingual?,Unanswerable,0.0,0.0,0.0,yes_no,2,1,54,31.87
original,1708.05873,e4a19b91b57c006a9086ae07f2d6d6471a8cf0ce,How are the main international development topics that states raise identified?,The main international development topics that states raise are identified through the analysis of speeches delivered in the UN General Debate from 1970 to 2016 using natural language processing (NLP),0.125,0.075,0.0133,abstractive,1,1,54,31.87
original,2003.08553,fd0ef5a7b6f62d07776bf672579a99c67e61a568,What experiments do the authors present to validate their system?,"They evaluated performance on given KB both with and without chit-chat data (last two rows in Table TABREF19), as well as performance on just chit-chat data (2nd row in Table TABREF19).",0.0667,0.0667,0.024,extractive,1,1,38,26.87
original,2003.08553,071bcb4b054215054f17db64bfd21f17fd9e1a80,How does the conversation layer work?,"QnAMaker creates a conversational layer over semi-structured data such as FAQ pages, product manuals, and support documents to facilitate seamless conversations and reduce traffic to human support.",0.0,0.0,0.0,unanswerable,1,1,38,26.87
original,2003.08553,f399d5a8dbeec777a858f81dc4dd33a83ba341a2,What components is the QnAMaker composed of?,"QnAMaker Management API, Azure Search Index, QnAMaker WebApp",0.7368,0.7368,0.4087,extractive,2,1,38,26.87
original,1909.09491,d28260b5565d9246831e8dbe594d4f6211b60237,How they measure robustness in experiments?,Unanswerable,0.0,0.0,0.0,extractive,2,1,45,27.25
original,1909.09491,8670989ca39214eda6c1d1d272457a3f3a92818b,Is new method inferior in terms of robustness to MIRAs in experiments?,No,0.0,0.0,0.0,unanswerable,1,1,45,27.25
original,1909.09491,923b12c0a50b0ee22237929559fad0903a098b7b,What experiments with large-scale features are performed?,"The experiments with large-scale features demonstrate that the new method, which regards an N-best list as a permutation and minimizes the Plackett-Luce loss of ground-truth permutations, is more robu",0.0556,0.0556,0.0202,extractive,1,1,45,27.25
original,2001.05284,67131c15aceeb51ae1d3b2b8241c8750a19cca8e,Which ASR system(s) is used in this work?,Unanswerable,0.0,0.0,0.0,extractive,1,1,45,31.37
original,2001.05284,579a0603ec56fc2b4aa8566810041dbb0cd7b5e7,What are the series of simple models?,"Baseline, Oracle and Direct Models",0.0,0.0,0.0,extractive,1,1,45,31.37
original,2001.05284,c9c85eee41556c6993f40e428fa607af4abe80a9,Over which datasets/corpora is this work evaluated?,"approximately 300,000 utterances",0.2222,0.2222,0.1275,extractive,2,1,45,31.37
original,1909.12140,f8281eb49be3e8ea0af735ad3bec955a5dedf5b3,Is the semantic hierarchy representation used for any task?,Yes,1.0,1.0,1.0,yes_no,2,1,24,17.88
original,1909.12140,a5ee9b40a90a6deb154803bef0c71c2628acb571,What are the corpora used for the task?,Three commonly used TS datasets from two different domains were used.,0.45,0.45,0.153,extractive,1,1,24,17.88
original,1909.12140,e286860c41a4f704a3a08e45183cb8b14fa2ad2f,Is the model evaluated?,Yes,0.0,0.0,0.0,abstractive,1,1,24,17.88
original,1709.00947,982979cb3c71770d8d7d2d1be8f92b66223dec85,What new metrics are suggested to track progress?,"The paper suggests developing a broader range of intrinsic metrics that are agnostic to absolute values and focused on topological aspects of the embedding space. Specifically, it mentions exploring m",0.1818,0.1558,0.0291,extractive,1,1,67,36.94
original,1709.00947,5ba6f7f235d0f5d1d01fd97dd5e4d5b0544fd212,What intrinsic evaluation metrics are used?,"The paper does not explicitly list specific intrinsic evaluation metrics used, but it mentions evaluating coverage and success metrics for tests such as class distinction, where the goal is to check i",0.1509,0.1159,0.0235,extractive,2,1,67,36.94
original,1709.00947,7ce7edd06925a943e32b59f3e7b5159ccb7acaf6,What experimental results suggest that using less than 50% of the available training examples might result in overfittin,Using less than 50% of the available training examples for each vocabulary size might result in overfitting.,0.08,0.08,0.0411,extractive,1,1,67,36.94
original,1909.08859,a883bb41449794e0a63b716d9766faea034eb359,What multimodality is available in the dataset?,"Procedural texts, images, and questions",0.5,0.5,0.2554,extractive,2,2,85,71.42
original,1909.08859,5d83b073635f5fd8cd1bdb1895d3f13406583fbd,What are previously reported models?,Hasty Student BIBREF2 and Impatient Reader BIBREF19,0.5,0.5,0.166,extractive,1,2,85,71.42
original,1909.08859,171ebfdc9b3a98e4cdee8f8715003285caeb2f39,How better is accuracy of new model compared to previously reported models?,"Moreover, we find that our model learns effective dynamic representations of entities even though we do not use any supervision at the level of entity states Our experimental analysis on the visual re",0.127,0.0635,0.0235,abstractive,1,2,85,71.42
original,1908.08419,3c3cb51093b5fd163e87a773a857496a4ae71f03,How does the scoring model work?,"The scoring model works by scoring each candidate word from two perspectives: the possibility that the candidate word itself can be regarded as a legal word, and the rationality of the link that the c",0.8158,0.8158,0.5854,extractive,2,1,77,45.46
original,1908.08419,53a0763eff99a8148585ac642705637874be69d4,How does the active learning model work?,The active learning model works by iterating through several steps:,0.1096,0.0822,0.0003,abstractive,1,1,77,45.46
original,1908.08419,0bfed6f9cfe93617c5195c848583e3945f2002ff,Which neural network architectures are employed?,"Gated Recursive Neural Network (GRNN), sequence-to-sequence transformer model, Lattice LSTM (LaLSTM) network, Convolutional Neural Network (CNN), Attention Mechanism, and Long Short-Term Memory (LSTM)",0.2222,0.2222,0.0498,extractive,1,1,77,45.46
original,1703.05260,352c081c93800df9654315e13a880d6387b91919,What are the key points in the role of script knowledge that can be studied?,"The key points in the role of script knowledge that can be studied include:
- Guiding the expectation of the reader
- Supporting coreference resolution
- Enabling common-sense knowledge inference
- Fa",0.0,0.0,0.0,unanswerable,1,2,99,80.52
original,1703.05260,18fbf9c08075e3b696237d22473c463237d153f5,Did the annotators agreed and how much?,The annotators achieved inter-annotator agreement between 70-80%.,0.0667,0.0667,0.0068,abstractive,2,2,99,80.52
original,1703.05260,a37ef83ab6bcc6faff3c70a481f26174ccd40489,How many subjects have been used to create the annotations?,910,0.0,0.0,0.0,extractive,1,2,99,80.52
original,1905.00563,bc9c31b3ce8126d1d148b1025c66f270581fde10,What datasets are used to evaluate this approach?,WN18 and YAGO3-10,1.0,1.0,1.0,extractive,2,2,118,71.8
original,1905.00563,185841e979373808d99dccdade5272af02b98774,How is this approach used to detect incorrect facts?,By adding an incorrect triple to the neighborhood of 100 random triples and then retraining the model to identify error triples through a search over the neighbors of these facts.,0.2154,0.2154,0.0226,extractive,1,2,118,71.8
original,1905.00563,d427e3d41c4c9391192e249493be23926fc5d2e9,Can this adversarial approach be used to directly improve model accuracy?,Unanswerable,0.0,0.0,0.0,yes_no,1,2,118,71.8
original,1808.05902,330f2cdeab689670b68583fc4125f5c0b26615a8,what are the advantages of the proposed model?,The advantages of the proposed model include:,0.1463,0.0976,0.0006,extractive,1,2,170,160.27
original,1808.05902,c87b2dd5c439d5e68841a705dd81323ec0d64c97,what are the state of the art approaches?,The state-of-the-art approaches mentioned in the context include:,0.0,0.0,0.0,extractive,1,2,170,160.27
original,1808.05902,f7789313a804e41fcbca906a4e5cf69039eeef9f,what datasets were used?,The datasets used were the LabelMe dataset and the 20-Newsgroups benchmark corpus.,0.5714,0.4706,0.1907,extractive,2,2,170,160.27
original,2002.11893,2376c170c343e2305dac08ba5f5bda47c370357f,How was the dataset collected?,"The dataset was collected through a process involving several steps:
1. **Database Construction**: Travel information in Beijing was crawled from the web, specifically for the hotel, attraction, and r",0.3509,0.1946,0.046,abstractive,2,2,107,72.55
original,2002.11893,0137ecebd84a03b224eb5ca51d189283abb5f6d9,What are the benchmark models?,"benchmark models for different components of a pipelined task-oriented dialogue system, including natural language understanding (NLU), dialogue state tracking (DST), dialogue policy learning, and nat",0.125,0.125,0.0365,extractive,1,2,107,72.55
original,2002.11893,5f6fbd57cce47f20a0fda27d954543c00c4344c2,How was the corpus annotated?,"The corpus was annotated by both automatic methods, using rules based on user states, system states, and dialogue histories, and manual methods, involving three experts who manually annotated dialogue",0.3939,0.2727,0.1894,extractive,1,2,107,72.55
original,1910.07181,d6e2b276390bdc957dfa7e878de80cee1f41fbca,What models other than standalone BERT is new model compared to?,"standalone BERT, Bertram, and BERT combined with Attentive Mimicking",0.3,0.3,0.1005,abstractive,1,2,102,76.02
original,1910.07181,32537fdf0d4f76f641086944b413b2f756097e5e,How much is representaton improved for rare/medum frequency words compared to standalone BERT and previous work?,50% for WNLaMPro-medium compared to BERT_base and 31% compared to Attentive Mimicking,0.8148,0.7407,0.4113,extractive,1,2,102,76.02
original,1910.07181,ef081d78be17ef2af792e7e919d15a235b8d7275,What are three downstream task datasets?,"MNLI, AG's News, DBPedia",1.0,1.0,1.0,extractive,2,2,102,76.02
original,1910.07181,537b2d7799124d633892a1ef1a485b3b071b303d,What is dataset for word probing task?,Unanswerable,0.0,0.0,0.0,extractive,1,2,102,76.02
original,1902.00330,9aca4b89e18ce659c905eccc78eda76af9f0072a,How fast is the model compared to baselines?,Unanswerable,1.0,1.0,1.0,unanswerable,1,2,117,76.1
original,1902.00330,b0376a7f67f1568a7926eff8ff557a93f434a253,How big is the performance difference between this method and the baseline?,Unanswerable,0.0,0.0,0.0,abstractive,1,2,117,76.1
original,1902.00330,dad8cc543a87534751f9f9e308787e1af06f0627,What datasets used for evaluation?,"AIDA-B, AIDA-Train, Wikipedia, ACE2004, CWEB, WIKI, MSNBC, AQUAINT",0.5714,0.5714,0.1562,extractive,2,2,117,76.1
original,1902.00330,0481a8edf795768d062c156875d20b8fb656432c,what are the mentioned cues?,Unanswerable,0.0,0.0,0.0,extractive,1,2,117,76.1
original,1909.00542,b6a4ab009e6f213f011320155a7ce96e713c11cf,How did the author's work rank among other submissions on the challenge?,Unanswerable,1.0,1.0,1.0,unanswerable,1,1,49,31.59
original,1909.00542,cfffc94518d64cb3c8789395707e4336676e0345,What approaches without reinforcement learning have been tried?,Regression approaches using deep learning architectures and a simple policy gradient architecture,0.25,0.1875,0.063,extractive,2,1,49,31.59
original,1909.00542,f60629c01f99de3f68365833ee115b95a3388699,What classification approaches were experimented for this task?,"The classification approaches experimented for this task include training a classifier to predict the target label (""summary"" or ""not summary"") of the input sentence, and then producing a summary by s",0.0488,0.0488,0.0202,extractive,1,1,49,31.59
original,1909.00542,a7cb4f8e29fd2f3d1787df64cd981a6318b65896,Did classification models perform better than previous regression one?,Yes,1.0,1.0,1.0,yes_no,1,1,49,31.59
original,1810.06743,642c4704a71fd01b922a0ef003f234dcc7b223cd,What are the main sources of recall errors in the mapping?,"The main sources of recall errors in the mapping are annotation discrepancies due to differences in the choice of attributes to annotate between resources. Specifically, the context mentions that when",0.3333,0.2444,0.1328,extractive,1,2,75,66.88
original,1810.06743,e477e494fe15a978ff9c0a5f1c88712cdaec0c5c,Do they look for inconsistencies between different languages' annotations in UniMorph?,Yes,1.0,1.0,1.0,yes_no,1,2,75,66.88
original,1810.06743,04495845251b387335bf2e77e2c423130f43c7d9,Do they look for inconsistencies between different UD treebanks?,No,0.0,0.0,0.0,yes_no,1,2,75,66.88
original,1810.06743,564dcaf8d0bcc274ab64c784e4c0f50d7a2c17ee,Which languages do they validate on?,Eight languages randomly chosen from the intersection of UD and UniMorph resources.,0.1538,0.1538,0.0521,extractive,2,2,75,66.88
original,1909.02764,f3d0e6452b8d24b7f9db1fd898d1fbe6cd23f166,Does the paper evaluate any adjustment to improve the predicion accuracy of face and audio features?,Yes,0.0,0.0,0.0,yes_no,1,1,75,45.27
original,1909.02764,9b1d789398f1f1a603e4741a5eee63ccaf0d4a4f,How is face and audio data analysis evaluated?,Through confusion matrices and F1 scores.,0.4,0.4,0.193,extractive,1,1,75,45.27
original,1909.02764,00bcdffff7e055f99aaf1b05cf41c98e2748e948,What is the baseline method for the task?,"A neural network with an embedding layer pre-trained on Common Crawl and Wikipedia, a bidirectional LSTM, and two dense layers, optimized with Adam and a learning rate of \(10^{-5}\).",0.1333,0.1333,0.0396,abstractive,1,1,75,45.27
original,1909.02764,f92ee3c5fce819db540bded3cfcc191e21799cb1,What are the emotion detection tools used for audio and face input?,off-the-shelf tools,0.1176,0.1176,0.0008,extractive,2,1,75,45.27
original,1905.11901,4547818a3bbb727c4bb4a76554b5a5a7b5c5fedb,what amounts of size were used on german-english?,30k and 90k,0.1053,0.1053,0.0045,abstractive,2,1,46,30.99
original,1905.11901,07d7652ad4a0ec92e6b44847a17c378b0d9f57f5,what were their experimental results in the low-resource dataset?,"Our results demonstrate that NMT is in fact a suitable choice in low-data settings, and can outperform PBSMT with far less parallel training data than previously claimed. Specifically, in our experime",0.0,0.0,0.0,extractive,1,1,46,30.99
original,1905.11901,9f3444c9fb2e144465d63abf58520cddd4165a01,what are the methods they compare with in the korean-english dataset?,PBSMT,0.0,0.0,0.0,extractive,1,1,46,30.99
original,1905.11901,2348d68e065443f701d8052018c18daa4ecc120e,what pitfalls are mentioned in the paper?,"The authors identify pitfalls in low-resource NMT training, but the specific pitfalls mentioned in the paper are not detailed in the provided context. Therefore, based on the given information:",0.0,0.0,0.0,extractive,1,1,46,30.99
original,1912.01252,5679fabeadf680e35a4f7b092d39e8638dca6b4d,Does the paper report the results of previous models applied to the same tasks?,Unanswerable,0.0,0.0,0.0,yes_no,2,2,128,93.85
original,1912.01252,a939a53cabb4893b2fd82996f3dbe8688fdb7bbb,How is the quality of the discussion evaluated?,Unanswerable,1.0,1.0,1.0,unanswerable,1,2,128,93.85
original,1912.01252,8b99767620fd4efe51428b68841cc3ec06699280,What is the technique used for text analysis and mining?,Penelope semantic frame extractor,0.0,0.0,0.0,unanswerable,1,2,128,93.85
original,1912.01252,312417675b3dc431eb7e7b16a917b7fed98d4376,What are the causal mapping methods employed?,"Causal mapping methods, also referred to as cognitive mapping, are employed to represent and evaluate decision-making processes graphically. These methods involve extracting causal relationships from ",0.0909,0.0909,0.0219,extractive,1,2,128,93.85
original,1912.13109,792d7b579cbf7bfad8fe125b0d66c2059a174cf9,What is the previous work's model?,"The previous work's model is a Hybrid multi-channel CNN-LSTM model, as introduced by Nguyen et al. (2017) at the 9th International Conference on Knowledge and Systems Engineering (KSE).",0.0,0.0,0.0,extractive,1,1,44,27.18
original,1912.13109,44a2a8e187f8adbd7d63a51cd2f9d2d324d0c98d,What dataset is used?,HEOT obtained from one of the past studies done by Mathur et al,0.1538,0.1538,0.0833,extractive,2,1,44,27.18
original,1912.13109,5908d7fb6c48f975c5dfc5b19bb0765581df2b25,How big is the dataset?,3189,0.3333,0.3333,0.0183,extractive,2,1,44,27.18
original,1912.13109,cca3301f20db16f82b5d65a102436bebc88a2026,How is the dataset collected?,"The dataset was collected from annotated tweets obtained from Twitter for conversations happening in the Indian subcontinent. Additionally, a labelled dataset for corresponding English tweets was obta",0.5424,0.4746,0.3853,extractive,1,1,44,27.18
original,1912.13109,cfd67b9eeb10e5ad028097d192475d21d0b6845b,Was each text augmentation technique experimented individually?,Unanswerable,0.0,0.0,0.0,yes_no,1,1,44,27.18
original,1912.13109,e1c681280b5667671c7f78b1579d0069cba72b0e,What models do previous work use?,Previous work uses Fully Connected dense networks and Convolution based architectures.,0.1111,0.1111,0.063,extractive,1,1,44,27.18
original,1912.13109,58d50567df71fa6c3792a0964160af390556757d,Does the dataset contain content from various social media platforms?,Yes,0.0,0.0,0.0,yes_no,1,1,44,27.18
original,1912.13109,07c79edd4c29635dbc1c2c32b8df68193b7701c6,What dataset is used?,HEOT obtained from one of the past studies done by Mathur et al,0.1053,0.1053,0.057,extractive,1,1,44,27.18
original,1911.03310,66125cfdf11d3bf8e59728428e02021177142c3a,How they demonstrate that language-neutral component is sufficiently general in terms of modeling semantics to allow hig,They demonstrate that the language-neutral component is sufficiently general in terms of modeling semantics to allow high-accuracy word-alignment by finding the word alignment as a minimum weighted ed,0.1333,0.1067,0.018,extractive,2,1,38,26.77
original,1911.03310,222b2469eede9a0448e0226c6c742e8c91522af3,Are language-specific and language-neutral components disjunctive?,No,1.0,1.0,1.0,yes_no,1,1,38,26.77
original,1911.03310,6f8386ad64dce3a20bc75165c5c7591df8f419cf,How they show that mBERT representations can be split into a language-specific component and a language-neutral componen,They show that mBERT representations can be split into a language-specific component and a language-neutral component by centering the representations of sentences in each language so that their avera,0.678,0.6441,0.5545,extractive,1,1,38,26.77
original,1911.03310,81dc39ee6cdacf90d5f0f62134bf390a29146c65,What challenges this work presents that must be solved to build better language-neutral representations?,"To build better language-neutral representations, this work presents challenges related to tasks requiring linguistic transfer of semantics, particularly for tasks more complex than word alignment and",0.1111,0.0741,0.0241,extractive,1,1,38,26.77
original,1907.12108,b1ced2d6dcd1d7549be2594396cbda34da6c3bca,What is the performance of their system?,The system can handle over 50 concurrent requests with eight GPUs under heavy load.,0.0,0.0,0.0,unanswerable,1,1,20,17.72
original,1907.12108,f3be1a27df2e6ad12eed886a8cd2dfe09b9e2b30,What evaluation metrics are used?,Unanswerable,1.0,1.0,1.0,unanswerable,1,1,20,17.72
original,1907.12108,a45a86b6a02a98d3ab11f1d04acd3446e95f5a16,What is the source of the dialogues?,Unanswerable,1.0,1.0,1.0,unanswerable,1,1,20,17.72
original,1907.12108,1f1a9f2dd8c4c10b671cb8affe56e181948e229e,What pretrained LM is used?,Generative Pre-trained Transformer (GPT),1.0,1.0,1.0,extractive,2,1,20,17.72
original,2004.03685,eeaceee98ef1f6c971dac7b0b8930ee8060d71c2,What approaches they propose?,"The approaches they propose include:
- Developing formal definitions and evaluation methods for faithfulness criteria.
- Suggesting a ""grayscale"" approach for evaluating faithfulness, allowing interpr",0.1111,0.0833,0.0223,extractive,1,1,55,40.45
original,2004.03685,3371d586a3a81de1552d90459709c57c0b1a2594,What faithfulness criteria does they propose?,"They propose a more practical and nuanced methodology for defining and evaluating faithfulness, moving away from the current binary definition towards a ""grayscale"" approach that allows interpretation",0.1067,0.08,0.0224,extractive,1,1,55,40.45
original,2004.03685,d4b9cdb4b2dfda1e0d96ab6c3b5e2157fd52685e,Which are three assumptions in current approaches for defining faithfulness?,"Three assumptions in current approaches for defining faithfulness are:
1. Two models will make the same predictions if and only if they use the same reasoning process.
2. Models making the same predic",0.4043,0.3617,0.2613,extractive,2,1,55,40.45
original,2004.03685,2a859e80d8647923181cb2d8f9a2c67b1c3f4608,Which are key points in guidelines for faithfulness evaluation?,Faithfulness evaluation should not involve human-judgement on the quality of interpretation.,0.3922,0.3922,0.045,extractive,1,1,55,40.45
original,1808.03894,aceac4ad16ffe1af0f01b465919b1d4422941a6b,Did they use the state-of-the-art model to analyze the attention?,Yes,0.0,0.0,0.0,extractive,1,1,49,35.71
original,1808.03894,f7070b2e258beac9b09514be2bfcc5a528cc3a0e,What is the performance of their model?,Unanswerable,1.0,1.0,1.0,unanswerable,2,1,49,35.71
original,1808.03894,2efdcebebeb970021233553104553205ce5d6567,How many layers are there in their model?,Two,0.5,0.5,0.1353,extractive,1,1,49,35.71
original,1808.03894,4fa851d91388f0803e33f6cfae519548598cd37c,Did they compare with gradient-based methods?,Unanswerable,1.0,1.0,1.0,unanswerable,1,1,49,35.71
original,1703.04617,a891039441e008f1fd0a227dbed003f76c140737,What MC abbreviate for?,MCTest,0.0,0.0,0.0,abstractive,1,2,100,67.32
original,1703.04617,73738e42d488b32c9db89ac8adefc75403fa2653,how much of improvement the adaptation model can get?,Unanswerable,0.0,0.0,0.0,extractive,1,2,100,67.32
original,1703.04617,6c8bd7fa1cfb1b2bbeb011cc9c712dceac0c8f06,what is the architecture of the baseline model?,"The baseline model is composed of the following typical components: word embedding, input encoder, alignment, aggregation, and prediction. It uses three BiGRU layers in a residual architecture to proc",0.6667,0.6667,0.4904,extractive,2,2,100,67.32
original,1703.04617,fa218b297d9cdcae238cef71096752ce27ca8f4a,What is the exact performance on SQUAD?,EM score of 68.73% and an F1 score of 77.39%,0.7368,0.5263,0.1651,extractive,1,2,100,67.32
original,1909.00578,ff28d34d1aaa57e7ad553dba09fc924dc21dd728,What are their correlation results?,Unanswerable,0.0,0.0,0.0,abstractive,1,1,44,31.35
original,1909.00578,ae8354e67978b7c333094c36bf9d561ca0c2d286,What dataset do they use?,"NIST DUC-05, DUC-06 and DUC-07 shared tasks",0.875,0.875,0.7515,extractive,1,1,44,31.35
original,1909.00578,02348ab62957cb82067c589769c14d798b1ceec7,What simpler models do they look at?,They look at three BiGRU-based models and two multi-task variants (BiGRU-ATT-M-1 and BiGRU-ATT-M-5).,0.087,0.087,0.052,abstractive,2,1,44,31.35
original,1909.00578,3748787379b3a7d222c3a6254def3f5bfb93a60e,What linguistic quality aspects are addressed?,"Five linguistic quality criteria ($\mathcal{Q}1, \dots, \mathcal{Q}5$) are addressed.",0.0,0.0,0.0,abstractive,1,1,44,31.35
original,1911.09419,6852217163ea678f2009d4726cb6bd03cf6a8f78,What benchmark datasets are used for the link prediction task?,"WN18RR, FB15k-237, and YAGO3-10",0.8571,0.8571,0.3969,extractive,2,2,109,67.64
original,1911.09419,cd1ad7e18d8eef8f67224ce47f3feec02718ea1a,What are state-of-the art models for this task?,"TransE, DistMult, ComplEx, ConvE, and RotatE",0.9091,0.9091,0.5373,extractive,1,2,109,67.64
original,1911.09419,9c9e90ceaba33242342a5ae7568e89fe660270d5,How better does HAKE model peform than state-of-the-art methods?,"HAKE significantly outperforms the state-of-the-art methods, gaining a 0.050 higher MRR, 6.0% higher H@1, and 4.6% higher H@3 than RotatE.",0.4828,0.4483,0.1942,extractive,1,2,109,67.64
original,1911.09419,2a058f8f6bd6f8e80e8452e1dba9f8db5e3c7de8,How are entities mapped onto polar coordinate system?,Entities are mapped into the polar coordinate system where the radial coordinate corresponds to the modulus information and the angular coordinate corresponds to the phase information.,0.4118,0.3529,0.0778,extractive,1,2,109,67.64
original,1910.11471,db9021ddd4593f6fadf172710468e2fdcea99674,What additional techniques are incorporated?,Unanswerable,1.0,1.0,1.0,unanswerable,2,1,37,31.18
original,1910.11471,8ea4bd4c1d8a466da386d16e4844ea932c44a412,What dataset do they use?,"A parallel corpus consisting of 18,805 aligned data entries, with each line of text in English and its corresponding code in Python.",0.4,0.2857,0.0591,abstractive,2,1,37,31.18
original,1910.11471,92240eeab107a4f636705b88f00cefc4f0782846,Do they compare to other models?,No,1.0,1.0,1.0,yes_no,1,1,37,31.18
original,1910.11471,4196d329061f5a9d147e1e77aeed6a6bd9b35d18,What is the architecture of the system?,"The neural model architecture consists of an encoder RNN layer, a decoder RNN layer, and an output layer, combined with an Attention mechanism.",0.0,0.0,0.0,extractive,1,1,37,31.18
original,1910.11471,a37e4a21ba98b0259c36deca0d298194fa611d2f,How long are expressions in layman's language?,Unanswerable,1.0,1.0,1.0,unanswerable,1,1,37,31.18
original,1910.11471,321429282557e79061fe2fe02a9467f3d0118cdd,What additional techniques could be incorporated to further improve accuracy?,Phrase-based word embedding and Abstract Syntax Tree (AST).,0.7143,0.7143,0.2585,extractive,1,1,37,31.18
original,1910.11471,891cab2e41d6ba962778bda297592c916b432226,What programming language is target language?,Unanswerable,0.0,0.0,0.0,extractive,1,1,37,31.18
original,1910.11471,1eeabfde99594b8d9c6a007f50b97f7f527b0a17,What dataset is used to measure accuracy?,validation data from the source corpus,0.5714,0.5714,0.3162,extractive,1,1,37,31.18
original,1910.09399,e96adf8466e67bd19f345578d5a6dc68fd0279a1,Is text-to-image synthesis trained is suppervized or unsuppervized manner?,"Both supervised and unsupervised methods have been used in text-to-image synthesis. Early approaches relied mainly on word-to-image correlation analysis combined with supervised methods, while modern ",0.2597,0.1818,0.0336,extractive,2,2,215,194.14
original,1910.09399,c1477a6c86bd1670dd17407590948000c9a6b7c6,What challenges remain unresolved?,Unanswerable,0.0,0.0,0.0,extractive,1,2,215,194.14
original,1910.09399,e020677261d739c35c6f075cde6937d0098ace7f,What is the conclusion of comparison of proposed solution?,"The conclusion of the comparison of proposed solutions indicates that StoryGAN improves the generated video quality in terms of Structural Similarity Index (SSIM), visual quality, consistency, and rel",0.1359,0.0971,0.0168,extractive,1,2,215,194.14
original,1910.09399,6389d5a152151fb05aae00b53b521c117d7b5e54,What is typical GAN architecture for each text-to-image synhesis group?,Unanswerable,0.0,0.0,0.0,abstractive,1,2,215,194.14
original,1904.05584,7fe48939ce341212c1d801095517dc552b98e7b3,Where do they employ feature-wise sigmoid gating?,They employ feature-wise sigmoid gating to create representations that encode semantic similarity.,0.087,0.087,0.057,extractive,1,2,87,67.01
original,1904.05584,65ad17f614b7345f0077424c04c94971c831585b,Which model architecture do they use to obtain representations?,Unanswerable,0.0,0.0,0.0,extractive,1,2,87,67.01
original,1904.05584,323e100a6c92d3fe503f7a93b96d821408f92109,Which downstream sentence-level tasks do they evaluate on?,"The downstream sentence-level tasks they evaluate on include sentiment classification (CR, MPQA, MR, SST2, SST5), subjectivity classification (SUBJ), question-type classification (TREC), recognizing t",0.0,0.0,0.0,extractive,1,2,87,67.01
original,1904.05584,9f89bff89cea722debc991363f0826de945bc582,Which similarity datasets do they use?,"WS353S, SimLex999, SimVerb3500",1.0,1.0,1.0,extractive,2,2,87,67.01
original,1911.09886,735f58e28d84ee92024a36bc348cfac2ee114409,"Are there datasets with relation tuples annotated, how big are datasets available?","The New York Times (NYT) dataset is mentioned, with one version having 24 relations and being used by BIBREF6. Another version of the NYT corpus was chosen for its larger number of instances of multip",0.0,0.0,0.0,yes_no,1,2,124,102.41
original,1911.09886,710fa8b3e74ee63d2acc20af19f95f7702b7ce5e,Which one of two proposed approaches performed better in experiments?,Unanswerable,0.0,0.0,0.0,extractive,1,2,124,102.41
original,1911.09886,56123dd42cf5c77fc9a88fc311ed2e1eb672126e,What is previous work authors reffer to?,"BIBREF0, BIBREF1, BIBREF2",0.0,0.0,0.0,extractive,1,2,124,102.41
original,1911.09886,1898f999626f9a6da637bd8b4857e5eddf2fc729,How higher are F1 scores compared to previous work?,Unanswerable,0.0,0.0,0.0,extractive,2,2,124,102.41
original,1611.01400,d32b6ac003cfe6277f8c2eebc7540605a60a3904,what were the baselines?,"The baselines included:
1. Rank by the number of times a citation is mentioned in the document.
2. Citation impact ranking.
3. Google Scholar's ""Related Articles"" feature.
4. TF*IDF weighted cosine si",0.6154,0.6154,0.2824,extractive,2,2,98,75.82
original,1611.01400,c10f38ee97ed80484c1a70b8ebba9b1fb149bc91,what is the supervised model they developed?,"The supervised model they developed is a learning-to-rank model specifically using SVM-Rank, trained on a subset of an annotated corpus to rank scientific documents based on relevance.",0.0833,0.0833,0.0435,extractive,1,2,98,75.82
original,1611.01400,340501f23ddc0abe344a239193abbaaab938cc3a,what is the size of this built corpus?,26 million,0.0,0.0,0.0,extractive,1,2,98,75.82
original,1611.01400,fbb85cbd41de6d2818e77e8f8d4b91e431931faa,what crowdsourcing platform is used?,Unanswerable,0.0,0.0,0.0,extractive,1,2,98,75.82
original,1808.05077,1951cde612751410355610074c3c69cec94824c2,Which deep learning model performed better?,"CNN outperformed autoencoders. However, autoencoders outperformed MLP. So, between the three, CNN performed the best with the highest achieved accuracy of 82.6%.",0.1,0.1,0.0526,extractive,2,1,34,22.44
original,1808.05077,4140d8b5a78aea985546aa1e323de12f63d24add,By how much did the results improve?,Unanswerable,1.0,1.0,1.0,unanswerable,1,1,34,22.44
original,1808.05077,61272b1d0338ed7708cf9ed9c63060a6a53e97a2,What was their performance on the dataset?,82.6%,0.5,0.5,0.1353,extractive,1,1,34,22.44
original,1808.05077,53b02095ba7625d85721692fce578654f66bbdf0,How large is the dataset?,Unanswerable,1.0,1.0,1.0,unanswerable,1,1,34,22.44
original,1807.03367,0cd0755ac458c3bafbc70e4268c1e37b87b9721b,Did the authors use crowdsourcing platforms?,Yes,1.0,1.0,1.0,yes_no,2,2,141,114.41
original,1807.03367,c1ce652085ef9a7f02cb5c363ce2b8757adbe213,How was the dataset collected?,The dataset was collected from Mechanical Turk.,0.4,0.4,0.1296,extractive,1,2,141,114.41
original,1807.03367,96be67b1729c3a91ddf0ec7d6a80f2aa75e30a30,What language do the agents talk in?,Natural language,0.0,0.0,0.0,abstractive,1,2,141,114.41
original,1807.03367,b85ab5f862221fac819cf2fef239bcb08b9cafc6,What evaluation metrics did the authors look at?,accuracy,0.6667,0.6667,0.3679,extractive,1,2,141,114.41
original,1807.03367,7e34501255b89d64b9598b409d73f96489aafe45,What data did they use?,Talk The Walk dataset,0.1538,0.1538,0.0336,extractive,1,2,141,114.41
original,1907.02030,e854edcc5e9111922e6e120ae17d062427c27ec1,Do the authors report results only on English data?,Unanswerable,1.0,1.0,1.0,unanswerable,2,1,45,31.55
original,1907.02030,bd6cec2ab620e67b3e0e7946fc045230e6906020,How is the accuracy of the system measured?,"The accuracy of the system is measured by evaluating sentence clustering accuracy, considering proportions of claims in correct clusters and the total number of claims.",0.1455,0.1455,0.0249,extractive,1,1,45,31.55
original,1907.02030,4b0ba460ae3ba7a813f204abd16cf631b871baca,How is an incoming claim used to retrieve similar factchecked claims?,"The incoming claim is compared to an existing corpus of fact-checked claims to retrieve similar, fact-checked claims.",0.0952,0.0952,0.0442,extractive,1,1,45,31.55
original,1907.02030,63b0c93f0452d0e1e6355de1d0f3ff0fd67939fb,What existing corpus is used for comparison in these experiments?,Quora duplicate question dataset BIBREF22,1.0,1.0,1.0,extractive,1,1,45,31.55
original,1907.02030,d27f23bcd80b12f6df8e03e65f9b150444925ecf,What are the components in the factchecking algorithm? ,Unanswerable,1.0,1.0,1.0,unanswerable,1,1,45,31.55
original,1910.04601,b11ee27f3de7dd4a76a1f158dc13c2331af37d9f,What is the baseline?,"The baseline model described is a simple, transparent, and interpretable model that uses a coreference resolver to transform input sentences into a directed graph where nodes represent named entities ",0.0,0.0,0.0,extractive,1,1,82,49.75
original,1910.04601,7aba5e4483293f5847caad144ee0791c77164917,What dataset was used in the experiment?,WikiHop,1.0,1.0,1.0,extractive,1,1,82,49.75
original,1910.04601,565d668947ffa6d52dad019af79289420505889b,Did they use any crowdsourcing platform?,Yes,1.0,1.0,1.0,yes_no,2,1,82,49.75
original,1910.04601,d83304c70fe66ae72e78aa1d183e9f18b7484cd6,How was the dataset annotated?,"The dataset was annotated by converting structured WikiHop question-answer pairs into natural language statements using a simple conversion dictionary, and then annotating these natural language state",0.0,0.0,0.0,extractive,1,1,82,49.75
original,1910.04601,e90ac9ee085dc2a9b6fe132245302bbce5f3f5ab,What is the source of the proposed dataset?,Structured WikiHop question-answer pairs were manually converted into natural language statements using a simple conversion dictionary. Supporting documents were collected by linking Wikipedia article,0.0,0.0,0.0,unanswerable,1,1,82,49.75
original,1912.05066,5b029ad0d20b516ec11967baaf7d2006e8d7199f,How many label options are there in the multi-label task?,2,0.0,0.0,0.0,extractive,1,2,98,67.36
original,1912.05066,79bd2ad4cb5c630ce69d5a859ed118132cae62d7,What is the interannotator agreement of the crowd sourced users?,Unanswerable,1.0,1.0,1.0,unanswerable,1,2,98,67.36
original,1912.05066,d3a1a53521f252f869fdae944db986931d9ffe48,Who are the experts?,Unanswerable,0.0,0.0,0.0,extractive,2,2,98,67.36
original,1912.05066,38e11663b03ac585863742044fd15a0e875ae9ab,Who is the crowd in these experiments?,The general public or users of social media microblogs.,0.2857,0.2857,0.1313,extractive,1,2,98,67.36
original,1912.05066,14421b7ae4459b647033b3ccba635d4ba7bb114b,How do you establish the ground truth of who won a debate?,We look at the winners announced by the experts in Washington Post.,0.5714,0.5714,0.2627,extractive,1,2,98,67.36
original,1910.03891,52f7e42fe8f27d800d1189251dfec7446f0e1d3b,How much better is performance of proposed method than state-of-the-art methods in experiments?,"The context states that the proposed method ""significantly outperforms state-of-art results on accuracy for three datasets,"" but it does not provide specific numerical values indicating how much bette",0.1935,0.1613,0.0382,abstractive,1,2,95,75.79
original,1910.03891,00e6324ecd454f5d4b2a4b27fcf4104855ff8ee2,What further analysis is done?,"Experiments on entity classification and knowledge graph completion are conducted. For entity classification, the performance is tested using mean rank and Hits@1/10 metrics. For knowledge graph compl",0.0444,0.0444,0.0172,extractive,1,2,95,75.79
original,1910.03891,aa0d67c2a1bc222d1f2d9e5d51824352da5bb6dc,What seven state-of-the-art methods are used for comparison?,"R-GCN, KR-EAR, TransE, TransR, TransH, Path-based methods, and four variants of KANE.",0.5,0.3333,0.106,extractive,1,2,95,75.79
original,1910.03891,cf0085c1d7bd9bc9932424e4aba4e6812d27f727,What three datasets are used to measure performance?,"Freebase (FB24K), DBpedia (DBP24K), and Game30K",0.6667,0.6667,0.1842,extractive,2,2,95,75.79
original,1910.03891,586b7470be91efe246c3507b05e30651ea6b9832,"How does KANE capture both high-order structural and attribute information of KGs in an efficient, explicit and unified ","KANE captures both high-order structural and attribute information of KGs in an efficient, explicit and unified manner by:
1. Using an attention-based embedding propagation method.
2. Employing recurs",0.3922,0.3922,0.1153,extractive,1,2,95,75.79
original,1910.03891,31b20a4bab09450267dfa42884227103743e3426,What are recent works on knowedge graph embeddings authors mention?,"Recent works on knowledge graph embeddings authors mention include those that try to incorporate additional information to further improve performance, such as entity types, relations paths, textual d",0.381,0.381,0.0868,extractive,1,2,95,75.79
original,1610.00879,45306b26447ea4b120655d6bb2e3636079d3d6e0,Do they report results only on English data?,Unanswerable,0.0,0.0,0.0,yes_no,1,1,30,18.29
original,1610.00879,0c08af6e4feaf801185f2ec97c4da04c8b767ad6,Do the authors mention any confounds to their study?,Unanswerable,0.0,0.0,0.0,yes_no,1,1,30,18.29
original,1610.00879,6412e97373e8e9ae3aa20aa17abef8326dc05450,What baseline model is used?,Unanswerable,0.0,0.0,0.0,abstractive,1,1,30,18.29
original,1610.00879,957bda6b421ef7d2839c3cec083404ac77721f14,What stylistic features are used to detect drunk texts?,"capitalisation, spelling errors",0.25,0.1739,0.0019,abstractive,2,1,30,18.29
original,1610.00879,368317b4fd049511e00b441c2e9550ded6607c37,Is the data acquired under distant supervision verified by humans at any stage?,Yes,1.0,1.0,1.0,yes_no,1,1,30,18.29
original,1610.00879,b3ec918827cd22b16212265fcdd5b3eadee654ae,What hashtags are used for distant supervision?,"The context does not specify any particular hashtags used for distant supervision; it only mentions that users indicate if they were drunk when tweeting, which is used for dataset creation and annotat",0.0,0.0,0.0,unanswerable,1,1,30,18.29
original,1610.00879,387970ebc7ef99f302f318d047f708274c0e8f21,Do the authors equate drunk tweeting with drunk texting? ,Yes,1.0,1.0,1.0,yes_no,1,1,30,18.29
original,1704.05572,2fffff59e57b8dbcaefb437a6b3434fc137f813b,What corpus was the source of the OpenIE extractions?,The Sentence corpus,0.0,0.0,0.0,extractive,2,1,53,40.21
original,1704.05572,eb95af36347ed0e0808e19963fe4d058e2ce3c9f,What is the accuracy of the proposed technique?,Unanswerable,0.0,0.0,0.0,abstractive,1,1,53,40.21
original,1704.05572,cd1792929b9fa5dd5b1df0ae06fc6aece4c97424,Is an entity linking process used?,Unanswerable,0.0,0.0,0.0,yes_no,1,1,53,40.21
original,1704.05572,65d34041ffa4564385361979a08706b10b92ebc7,Are the OpenIE extractions all triples?,No,1.0,1.0,1.0,yes_no,1,1,53,40.21
original,1704.05572,e215fa142102f7f9eeda9c9eb8d2aeff7f2a33ed,What method was used to generate the OpenIE extractions?,ElasticSearch queries based on non-stopword tokens from both the question and answer choices.,0.1695,0.1017,0.0055,extractive,1,1,53,40.21
original,1704.05572,a8545f145d5ea2202cb321c8f93e75ad26fcf4aa,Can the method answer multi-hop questions?,Yes,1.0,1.0,1.0,yes_no,1,1,53,40.21
original,1704.05572,417dabd43d6266044d38ed88dbcb5fdd7a426b22,What was the textual source to which OpenIE was applied?,Web pages,0.2105,0.2105,0.0006,extractive,1,1,53,40.21
original,1704.05572,fed230cef7c130f6040fb04304a33bbc17ca3a36,What OpenIE method was used to generate the extractions?,OpenIE v4,0.0408,0.0408,0.0,extractive,1,1,53,40.21
original,1704.05572,7917d44e952b58ea066dc0b485d605c9a1fe3dda,Is their method capable of multi-hop reasoning?,Yes,1.0,1.0,1.0,yes_no,1,1,53,40.21
original,1804.10686,7d5ba230522df1890619dedcfb310160958223c1,Do the authors offer any hypothesis about why the dense mode outperformed the sparse one?,"The dense model's advantage is attributed to its ability to handle sparsity through averaging word embeddings, which implicitly accounts for semantically related words.",0.0,0.0,0.0,yes_no,1,1,46,35.7
original,1804.10686,a48cc6d3d322a7b159ff40ec162a541bf74321eb,What evaluation is conducted?,"The evaluation conducts a comparison of the Sparse and Dense approaches against three baseline models: AdaGram, One (same sense for all instances per lemma), and Singletons (one sense per instance) us",0.0513,0.0513,0.0178,extractive,1,1,46,35.7
original,1804.10686,2bc0bb7d3688fdd2267c582ca593e2ce72718a91,Which corpus of synsets are used?,"The only automatically built inventory used in the evaluation is Watlink, a word sense network constructed automatically using the synsets induced in an unsupervised way by the Watset[CWnolog, MCL] me",0.0,0.0,0.0,extractive,1,1,46,35.7
original,1804.10686,8c073b7ea8cb5cc54d7fecb8f4bf88c1fb621b19,What measure of semantic similarity is used?,cosine similarity,1.0,1.0,1.0,extractive,1,1,46,35.7
original,1707.03904,dcb18516369c3cf9838e83168357aed6643ae1b8,Which retrieval system was used for baselines?,A retrieval system for extracting relevant sentences and documents from the corpus given a query was used for baselines.,0.3226,0.1935,0.0731,abstractive,1,1,68,41.12
original,1911.07228,f46a907360d75ad566620e7f6bf7746497b6e4a9,What word embeddings were used?,"Kyubyong Park’s and Edouard Grave’s pre-trained word embeddings were used. Specifically, Kyubyong Park's word embeddings are 100-dimensional with about 10k words, while Edouard Grave's are 3",0.1212,0.1212,0.0289,extractive,1,1,54,31.94
original,1911.07228,79d999bdf8a343ce5b2739db3833661a1deab742,What type of errors were produced by the BLSTM-CNN-CRF system?,"The BLSTM-CNN-CRF system produced five types of errors:
1. No extraction
2. No annotation
3. Wrong range
4. Wrong tag
5. Wrong range and tag",0.6667,0.6667,0.1602,extractive,1,1,54,31.94
original,1911.07228,71d59c36225b5ee80af11d3568bdad7425f17b0c,How much better was the BLSTM-CNN-CRF than the BLSTM-CRF?,Unanswerable,0.0,0.0,0.0,abstractive,1,1,54,31.94
original,1603.07044,efc65e5032588da4a134d121fe50d49fe8fe5e8c,What supplemental tasks are used for multitask learning?,"Task A, Task B, Task C",0.0556,0.0556,0.001,abstractive,1,1,56,31.94
original,1603.07044,a30958c7123d1ad4723dcfd19d8346ccedb136d5,Is the improvement actually coming from using an RNN?,No,1.0,1.0,1.0,yes_no,1,1,56,31.94
original,1603.07044,08333e4dd1da7d6b5e9b645d40ec9d502823f5d7,How much performance gap between their approach and the strong handcrafted method?,Comparable performance,0.0,0.0,0.0,abstractive,1,1,56,31.94
original,1603.07044,bc1bc92920a757d5ec38007a27d0f49cb2dde0d1,What is a strong feature-based method?,"A strong feature-based method refers to a system that utilizes rich non-textual features such as answer's profile, syntactically analyzed the question and extracted name entity features, and demonstra",0.0,0.0,0.0,unanswerable,1,1,56,31.94
original,1603.07044,942eb1f7b243cdcfd47f176bcc71de2ef48a17c4,Did they experimnet in other languages?,Yes,1.0,1.0,1.0,yes_no,1,1,56,31.94
original,1902.09314,9bffc9a9c527e938b2a95ba60c483a916dbd1f6b,Do they use multi-attention heads?,Yes,1.0,1.0,1.0,yes_no,1,1,50,27.39
original,1902.09314,8434974090491a3c00eed4f22a878f0b70970713,How big is their model?,Unanswerable,0.0,0.0,0.0,abstractive,1,1,50,27.39
original,1902.09314,b67420da975689e47d3ea1c12b601851018c4071,How is their model different from BERT?,"Their model, specifically AEN-BERT, uses an attentional encoder layer instead of recurrence, which is a competitive alternative to LSTM for computing hidden states of input embeddings. It also employs",0.2034,0.1356,0.0454,extractive,1,1,50,27.39
original,1904.03339,01d91d356568fca79e47873bd0541bd22ba66ec0,What datasets were used?,Unanswerable,0.0,0.0,0.0,extractive,1,1,20,17.59
original,1904.03339,37e45a3439b048a80c762418099a183b05772e6a,How did they do compared to other teams?,second place,0.08,0.08,0.0,extractive,1,1,20,17.59
original,1910.11769,a4e66e842be1438e5cd8d7cb2a2c589f494aee27,Which tested technique was the worst performer?,Unanswerable,0.0,0.0,0.0,extractive,1,1,36,22.59
original,1910.11769,cb78e280e3340b786e81636431834b75824568c3,How many emotions do they look at?,8,0.0,0.0,0.0,abstractive,1,1,36,22.59
original,1910.11769,2941874356e98eb2832ba22eae9cb08ec8ce0308,What are the baseline benchmarks?,The baseline benchmarks include:,0.0,0.0,0.0,extractive,1,1,36,22.59
original,1910.11769,4e50e9965059899d15d3c3a0c0a2d73e0c5802a0,What is the size of this dataset?,9710,0.1,0.1,0.0,extractive,1,1,36,22.59
original,1910.11769,67d8e50ddcc870db71c94ad0ad7f8a59a6c67ca6,How many annotators were there?,3,1.0,1.0,1.0,extractive,1,1,36,22.59
original,1702.06378,aecb485ea7d501094e50ad022ade4f0c93088d80,Can SCRF be used to pretrain the model?,No,1.0,1.0,1.0,yes_no,1,1,63,45.01
original,1903.03467,2fea3c955ff78220b2c31a8ad1322bc77f6706f8,What conclusions are drawn from the syntactic analysis?,"The syntactic analysis shows that the baseline system severely under-predicts the feminine form of verbs as compared to the reference. Conditions involving ""He said"" decrease the number of feminine ve",0.1481,0.1481,0.0259,extractive,1,1,45,31.42
original,1903.03467,faa4f28a2f2968cecb770d9379ab2cfcaaf5cfab,What type of syntactic analysis is performed?,Hebrew dependency parser,0.0,0.0,0.0,extractive,1,1,45,31.42
original,1903.03467,da068b20988883bc324e55c073fb9c1a5c39be33,How is it demonstrated that the correct gender and number information is injected using this system?,The correct gender and number information is demonstrated to be injected using this system through an improvement of 2.3 BLEU in an English-to-Hebrew translation setting where the speaker and audience,0.2121,0.1515,0.0365,extractive,1,1,45,31.42
original,1903.03467,0d6d5b6c00551dd0d2519f117ea81d1e9e8785ec,Which neural machine translation system is used?,Google's machine translation system (GMT),1.0,1.0,1.0,extractive,1,1,45,31.42
original,1903.03467,edcde2b675cf8a362a63940b2bbdf02c150fe01f,What are the components of the black-box context injection system?,"The components of the black-box context injection system are pre-defined textual hints about the gender and number of the speaker and the audience, which are concatenated to a given input sentence for",0.2051,0.1538,0.0393,extractive,1,1,45,31.42
original,1807.00868,d20d6c8ecd7cb0126479305d27deb0c8b642b09f,What normalization techniques are mentioned?,Cepstral mean normalization (CMN) and variance with mean normalization (CMVN),0.8571,0.8571,0.5954,extractive,1,1,54,40.31
original,1807.00868,11e6b79f1f48ddc6c580c4d0a3cb9bcb42decb17,What features do they experiment with?,"40 mel-scaled log filterbank energies (FBanks) computed every 10 ms, concatenated with deltas and delta-deltas. They also experimented with spectrograms and different normalization techniques.",0.5652,0.5652,0.3015,extractive,1,1,54,40.31
original,1807.00868,2677b88c2def3ed94e25a776599555a788d197f2,Which architecture is their best model?,6-layer bidirectional LSTM network,0.2,0.2,0.1629,extractive,1,1,54,40.31
original,1807.00868,8ca31caa34cc5b65dc1d01d0d1f36bf8c4928805,What kind of spontaneous speech is used?,Turkish,0.0,0.0,0.0,unanswerable,1,1,54,40.31
original,1909.13375,9ab43f941c11a4b09a0e4aea61b4a5b4612e7933,What approach did previous models use for multi-span questions?,previous models did not directly deal with multi-span questions in a specialized manner; MTMSN BIBREF4 is noted as the first and only model so far that specifically tried to tackle the multi-span ques,0.4267,0.3467,0.2566,abstractive,1,2,92,80.68
original,1909.13375,5a02a3dd26485a4e4a77411b50b902d2bda3731b,How they use sequence tagging to answer multi-span questions?,"The model assigns probabilities to each token in an input sequence to belong to one of three tags: B (Beginning), I (Inside), or O (Outside). For a multi-span answer, the model needs to find the corre",0.3415,0.1951,0.0253,extractive,1,2,92,80.68
original,1909.13375,579941de2838502027716bae88e33e79e69997a6,What is difference in peformance between proposed model and state-of-the art on other question types?,The context does not provide a specific difference in performance between the proposed model and the state-of-the-art on other question types. It only mentions a significant improvement in multi-span ,0.1928,0.1205,0.0206,abstractive,1,2,92,80.68
original,1909.13375,9a65cfff4d99e4f9546c72dece2520cae6231810,What is the performance of proposed model on entire DROP dataset?,Our model slightly eclipses the current state-of-the-art results on the entire DROP dataset.,0.1379,0.1379,0.0397,abstractive,1,2,92,80.68
original,1909.13375,a9def7958eac7b9a780403d4f136927f756bab83,What is the previous model that attempted to tackle multi-span questions as a part of its design?,MTMSN BIBREF4,1.0,1.0,1.0,extractive,1,2,92,80.68
original,1909.00430,547be35cff38028648d199ad39fb48236cfb99ee,"How much more data does the model trained using XR loss have access to, compared to the fully supervised model?",Unanswerable,1.0,1.0,1.0,unanswerable,1,1,75,45.44
original,1909.00430,47a30eb4d0d6f5f2ff4cdf6487265a25c1b18fd8,Does the system trained only using XR loss outperform the fully supervised neural system?,Unanswerable,0.0,0.0,0.0,yes_no,1,1,75,45.44
original,1909.00430,e42fbf6c183abf1c6c2321957359c7683122b48e,How accurate is the aspect based sentiment classifier trained only using the XR loss?,Unanswerable,0.0,0.0,0.0,abstractive,1,1,75,45.44
original,1909.00430,e574f0f733fb98ecef3c64044004aa7a320439be,How is the expectation regularization loss defined?,The expectation regularization (XR) loss is defined as:,0.0,0.0,0.0,extractive,1,1,75,45.44
original,1910.11493,b65b1c366c8bcf544f1be5710ae1efc6d2b1e2f1,What were the non-neural baselines used for the task?,Unanswerable,0.0,0.0,0.0,abstractive,1,1,67,45.35
original,1910.00912,bd3ccb63fd8ce5575338d7332e96def7a3fabad6,Which publicly available NLU dataset is used?,NLU-Benchmark dataset,0.6667,0.6667,0.3679,extractive,1,2,90,71.25
original,1910.00912,7c794fa0b2818d354ca666969107818a2ffdda0c,What metrics other than entity tagging are compared?,Dialogue Acts and frame semantics,0.0625,0.0625,0.0022,extractive,1,2,90,71.25
original,1908.10449,1ef5fc4473105f1c72b4d35cf93d312736833d3d,Do they provide decision sequences as supervision while training models?,No,1.0,1.0,1.0,yes_no,1,2,93,76.44
original,1908.10449,5f9bd99a598a4bbeb9d2ac46082bd3302e961a0f,What are the models evaluated on?,Unanswerable,0.0,0.0,0.0,abstractive,1,2,93,76.44
original,1908.10449,b2fab9ffbcf1d6ec6d18a05aeb6e3ab9a4dbf2ae,How do they train models in this setup?,"Models are trained using reinforcement learning (RL), specifically through an interactive machine reading comprehension task where the model interacts with partially occluded documents and receives co",0.2687,0.1194,0.0439,extractive,1,2,93,76.44
original,1908.10449,e9cf1b91f06baec79eb6ddfd91fc5d434889f652,What commands does their setup provide to models seeking information?,"Ctrl+F, stop",0.5714,0.5714,0.1578,extractive,1,2,93,76.44
original,1910.03814,6976296126e4a5c518e6b57de70f8dc8d8fde292,What models do they propose?,"They propose three multimodal architectures: Feature Concatenation Model (FCM), Spatial Concatenation Model (SCM), and Textual Kernels Model (TKM).",0.8,0.8,0.5292,extractive,1,1,69,40.95
original,1910.03814,53640834d68cf3b86cf735ca31f1c70aa0006b72,Are all tweets in English?,Unanswerable,1.0,1.0,1.0,unanswerable,1,1,69,40.95
original,1910.03814,b2b0321b0aaf58c3aa9050906ade6ef35874c5c1,How large is the dataset?,"150,000",0.6667,0.6667,0.3679,extractive,1,1,69,40.95
original,1910.03814,4e9684fd68a242cb354fa6961b0e3b5c35aae4b6,What is the results of multimodal compared to unimodal models?,The proposed multimodal models do not significantly outperform unimodal textual models.,0.1333,0.0667,0.0309,abstractive,1,1,69,40.95
original,1910.03814,2e632eb5ad611bbd16174824de0ae5efe4892daf,What is author's opinion on why current multimodal models cannot outperform models analyzing only text?,The context does not explicitly state the authors' opinion on why current multimodal models cannot outperform models analyzing only text. It mentions that despite the usefulness of images for hate spe,0.12,0.12,0.0221,extractive,1,1,69,40.95
original,1910.03814,d1ff6cba8c37e25ac6b261a25ea804d8e58e09c0,What metrics are used to benchmark the results?,"F-score, the Area Under the ROC Curve (AUC), and the mean accuracy (ACC)",0.5294,0.5294,0.1623,extractive,1,1,69,40.95
original,1910.03814,24c0f3d6170623385283dfda7f2b6ca2c7169238,"How is data collected, manual collection or Twitter api?",Twitter API,1.0,1.0,1.0,extractive,1,1,69,40.95
original,1910.03814,21a9f1cddd7cb65d5d48ec4f33fe2221b2a8f62e,"How many tweats does MMHS150k contains, 150000?",Yes,0.0,0.0,0.0,extractive,1,1,69,40.95
original,1910.03814,a0ef0633d8b4040bf7cdc5e254d8adf82c8eed5e,What unimodal detection models were used?,Unanswerable,0.0,0.0,0.0,extractive,1,1,69,40.95
original,1910.03814,b0799e26152197aeb3aa3b11687a6cc9f6c31011,What different models for multimodal detection were proposed?,"Three different models for multimodal detection were proposed: Feature Concatenation Model (FCM), Spatial Concatenation Model (SCM), and Textual Kernels Model (TKM).",0.7273,0.7273,0.4475,extractive,1,1,69,40.95
original,1910.03814,4ce4db7f277a06595014db181342f8cb5cb94626,What annotations are available in the dataset - tweat used hate speach or not?,"hate or ""not hate""",0.0,0.0,0.0,extractive,1,1,69,40.95
original,1701.00185,62a6382157d5f9c1dce6e6c24ac5994442053002,What were the evaluation metrics used?,The evaluation metrics used were accuracy (ACC) and the normalized mutual information metric (NMI).,0.5,0.5,0.1355,extractive,1,2,116,88.07
original,1701.00185,9e04730907ad728d62049f49ac828acb4e0a1a2a,What were their performance results?,Unanswerable,0.0,0.0,0.0,abstractive,1,2,116,88.07
original,1701.00185,5a0841cc0628e872fe473874694f4ab9411a1d10,By how much did they outperform the other methods?,"The text states that ""STC INLINEFORM0-LE and STC INLINEFORM1-LPI show significantly greater performance improvements than STC INLINEFORM2-AE and STC INLINEFORM3-LSA."" However, specific numerical value",0.0,0.0,0.0,abstractive,1,2,116,88.07
original,1701.00185,a5dd569e6d641efa86d2c2b2e970ce5871e0963f,Which popular clustering methods did they experiment with?,"Spectral Clustering using Laplacian Eigenmaps (LE), K-means, Skip-thought Vectors (SkipVec), Recursive Neural Network (RecNN), and Paragraph Vector (Para2vec).",0.6667,0.6,0.1871,extractive,1,2,116,88.07
original,1701.00185,785c054f6ea04701f4ab260d064af7d124260ccc,What datasets did they use?,"SearchSnippets, StackOverflow, and Biomedical",0.8571,0.8571,0.3969,extractive,1,2,116,88.07
original,1912.00871,3f6610d1d68c62eddc2150c460bf1b48a064e5e6,Does pre-training on general text corpus improve performance?,Yes,0.0,0.0,0.0,yes_no,1,1,66,44.99
original,1912.00871,4c854d33a832f3f729ce73b206ff90677e131e48,What neural configurations are explored?,"Three Transformer models are tested: Type 1 with 4 layers, Type 2 with 2 layers, and Type 3 with 1 layer.",0.4545,0.3636,0.0773,extractive,1,1,66,44.99
original,1912.00871,163c15da1aa0ba370a00c5a09294cd2ccdb4b96d,Are the Transformers masked?,Unanswerable,0.0,0.0,0.0,yes_no,1,1,66,44.99
original,1912.00871,90dd5c0f5084a045fd6346469bc853c33622908f,How is this problem evaluated?,"By a ""correct versus incorrect"" scoring system.",0.0,0.0,0.0,extractive,1,1,66,44.99
original,1912.00871,095888f6e10080a958d9cd3f779a339498f3a109,What datasets do they use?,They use the Illinois dataset and the MAWPS (Math Word Problem Suite) dataset.,0.1053,0.1053,0.063,extractive,1,1,66,44.99
original,1912.03234,57e783f00f594e08e43a31939aedb235c9d5a102,What evaluation metrics were used?,"AUC-ROC, overall accuracy, user interruption rate, reuse of this and other VVA skills, number of active dialogs",0.1111,0.1111,0.0588,extractive,1,1,46,35.8
original,1912.03234,9646fa1abbe3102a0364f84e0a55d107d45c97f0,Where did the real production data come from?,Unanswerable,0.0,0.0,0.0,extractive,1,1,46,35.8
original,1912.03234,29983f4bc8a5513a198755e474361deee93d4ab6,What feedback labels are used?,Five-Minute Reuse and One-Day Return,1.0,1.0,1.0,extractive,1,1,46,35.8
original,1911.11750,6c0f97807cd83a94a4d26040286c6f89c4a0f8e0,What representations for textual documents do they use?,vector space representation,0.0,0.0,0.0,extractive,1,1,48,31.56
original,1911.11750,13ca4bf76565564c8ec3238c0cbfacb0b41e14d2,Which dataset(s) do they use?,14 TDs,0.8,0.8,0.6065,extractive,1,1,48,31.56
original,1911.11750,70797f66d96aa163a3bee2be30a328ba61c40a18,How do they evaluate knowledge extraction performance?,"They evaluate knowledge extraction performance by conducting experiments on a dataset of 14 Technical Documents (TDs), using Spearman's Rank Correlation Coefficient (SRCC) as the measure of similarity",0.0769,0.0769,0.04,extractive,1,1,48,31.56
original,1911.03894,71f2b368228a748fd348f1abf540236568a61b07,What is CamemBERT trained on?,CamemBERT was pretrained on French text from Common Crawl and trained on the Masked Language Modeling (MLM) task.,0.087,0.087,0.0385,extractive,1,1,78,49.82
original,1911.03894,d3d4eef047aa01391e3e5d613a0f1f786ae7cfc7,Which tasks does CamemBERT not improve on?,Unanswerable,0.0,0.0,0.0,extractive,1,1,78,49.82
original,1911.03894,63723c6b398100bba5dc21754451f503cb91c9b8,What is the state of the art?,CamemBERT,0.0,0.0,0.0,abstractive,1,1,78,49.82
original,1911.03894,5471766ca7c995dd7f0f449407902b32ac9db269,How much better was results of CamemBERT than previous results on these tasks?,"CamemBERT outperformed previous results on most tasks, achieving state-of-the-art performance. Specific improvements include:
- 0.71% error reduction for POS tagging on GSD
- A 3.5 point increase in r",0.2222,0.1296,0.014,extractive,1,1,78,49.82
original,1911.03894,dc49746fc98647445599da9d17bc004bafdc4579,Was CamemBERT compared against multilingual BERT on these tasks?,Yes,1.0,1.0,1.0,yes_no,1,1,78,49.82
original,1911.03894,8720c096c8b990c7b19f956ee4930d5f2c019e2b,How long was CamemBERT trained?,Unanswerable,1.0,1.0,1.0,unanswerable,1,1,78,49.82
original,1911.03894,b573b36936ffdf1d70e66f9b5567511c989b46b2,What data is used for training CamemBERT?,"CamemBERT is trained on the Masked Language Modeling (MLM) task and specifically uses French text from the Common Crawl for pre-training. Additionally, it leverages the OSCAR multilingual corpus.",0.1935,0.1935,0.0333,extractive,1,1,78,49.82
original,2001.09899,bf25a202ac713a34e09bf599b3601058d9cace46,What are the state of the art measures?,"The state of the art measures mentioned in the context are the ones proposed by Garimella et al., which present an extensive comparison of controversy measures, different graph-building approaches, an",0.0,0.0,0.0,extractive,1,2,91,76.05
original,2001.09899,abebf9c8c9cf70ae222ecb1d3cabf8115b9fc8ac,What controversial topics are experimented with?,"Thirty different discussions that took place between March 2015 and June 2019, half of them with controversy and half without it.",0.0,0.0,0.0,extractive,1,2,91,76.05
original,2001.09899,2df910c9806f0c379d7bb1bc2be2610438e487dc,What datasets did they use?,"They used datasets from Twitter, including political events and elections, as well as other datasets collected using a similar criterion described in Section SECREF4. Specifically, they mention using ",0.129,0.0645,0.0318,extractive,1,2,91,76.05
original,2001.09899,a2a3af59f3f18a28eb2ca7055e1613948f395052,What social media platform is observed?,Twitter,1.0,1.0,1.0,extractive,1,2,91,76.05
original,2001.09899,d92f1c15537b33b32bfc436e6d017ae7d9d6c29a,How many languages do they experiment with?,Four,0.2222,0.2222,0.0009,extractive,1,2,91,76.05
original,1710.01492,fa3663567c48c27703e09c42930e51bacfa54905,What is the current SOTA for sentiment analysis on Twitter at the time of writing?,Unanswerable,0.0,0.0,0.0,extractive,1,2,97,71.66
original,1710.01492,7997b9971f864a504014110a708f215c84815941,"What difficulties does sentiment analysis on Twitter have, compared to sentiment analysis in other domains?",The context mentions several difficulties specific to sentiment analysis on Twitter compared to other domains:,0.0,0.0,0.0,abstractive,1,2,97,71.66
original,1710.01492,0d1408744651c3847469c4a005e4a9dccbd89cf1,What are the metrics to evaluate sentiment analysis on Twitter?,Unanswerable,1.0,1.0,1.0,unanswerable,1,2,97,71.66
original,1912.01673,a3d83c2a1b98060d609e7ff63e00112d36ce2607,How many sentence transformations on average are available per unique sentence in dataset?,2.3,0.0,0.0,0.0,abstractive,1,1,42,27.02
original,1912.01673,aeda22ae760de7f5c0212dad048e4984cd613162,What annotations are available in the dataset?,"The annotations available in the dataset include 150 source sentences selected from Czech data of Global Voices and OpenSubtitles, with each sentence having up to 20 distinct transformations created b",0.2222,0.1481,0.0262,abstractive,1,1,42,27.02
original,1912.01673,d5fa26a2b7506733f3fa0973e2fe3fc1bbd1a12d,"How are possible sentence transformations represented in dataset, as new sentences?",Unanswerable,0.0,0.0,0.0,abstractive,1,1,42,27.02
original,1912.01673,2d536961c6e1aec9f8491e41e383dc0aac700e0a,What are all 15 types of modifications ilustrated in the dataset?,Unanswerable,0.0,0.0,0.0,abstractive,1,1,42,27.02
original,1912.01673,18482658e0756d69e39a77f8fcb5912545a72b9b,Is this dataset publicly available?,Yes,1.0,1.0,1.0,yes_no,1,1,42,27.02
original,1912.01673,9d336c4c725e390b6eba8bb8fe148997135ee981,Are some baseline models trained on this dataset?,Unanswerable,0.0,0.0,0.0,yes_no,1,1,42,27.02
original,1912.01673,016b59daa84269a93ce821070f4f5c1a71752a8a,Do they do any analysis of of how the modifications changed the starting set of sentences?,No,0.0,0.0,0.0,yes_no,1,1,42,27.02
original,1912.01673,771b373d09e6eb50a74fffbf72d059ad44e73ab0,How do they introduce language variation?,"They introduce language variation through manual selection and analysis of 15 newspaper headlines and various unconventional sentence alterations, such as dadaistic swaps, and by having annotators pro",0.125,0.0833,0.0214,extractive,1,1,42,27.02
original,1912.01673,efb52bda7366d2b96545cf927f38de27de3b5b77,Do they use external resources to make modifications to sentences?,Yes,0.0,0.0,0.0,yes_no,1,1,42,27.02
original,1909.12231,1a7d28c25bb7e7202230e1b70a885a46dac8a384,How big is dataset domain-specific embedding are trained on?,Unanswerable,1.0,1.0,1.0,unanswerable,1,2,88,67.29
original,1909.12231,6bc45d4f908672945192390642da5a2760971c40,How big is unrelated corpus universal embedding is traned on?,Unanswerable,1.0,1.0,1.0,unanswerable,1,2,88,67.29
original,1909.12231,48cc41c372d44b69a477998be449f8b81384786b,How better are state-of-the-art results than this model? ,Unanswerable,0.0,0.0,0.0,extractive,1,2,88,67.29
original,1706.08032,efb3a87845460655c53bd7365bcb8393c99358ec,What were their results on the three datasets?,Unanswerable,0.0,0.0,0.0,abstractive,1,1,50,31.92
original,1706.08032,0619fc797730a3e59ac146a5a4575c81517cc618,What was the baseline?,BIBREF0,0.0222,0.0222,0.0,extractive,1,1,50,31.92
original,1706.08032,846a1992d66d955fa1747bca9a139141c19908e8,Which datasets did they use?,"They used the Sanders - Twitter Sentiment Corpus, Health Care Reform (HCR) corpus, and Stanford - Twitter Sentiment Corpus (STS Corpus).",0.875,0.5,0.6541,extractive,1,1,50,31.92
original,1706.08032,1ef8d1cb1199e1504b6b0daea52f2e4bd2ef7023,Are results reported only on English datasets?,Unanswerable,0.0,0.0,0.0,yes_no,1,1,50,31.92
original,1706.08032,12d77ac09c659d2e04b5e3955a283101c3ad1058,Which three Twitter sentiment classification datasets are used for experiments?,"Health Sanders - Twitter Sentiment Corpus, STS Corpus, Health Care Reform (HCR)",0.8,0.72,0.6046,extractive,1,1,50,31.92
original,1706.08032,d60a3887a0d434abc0861637bbcd9ad0c596caf4,What semantic rules are proposed?,Unanswerable,0.0,0.0,0.0,abstractive,1,1,50,31.92
original,1811.01399,69a7a6675c59a4c5fb70006523b9fe0f01ca415c,Which knowledge graph completion tasks do they experiment with?,link prediction and triplet classification,0.8889,0.8889,0.3593,extractive,1,2,89,75.89
original,1811.01399,60cb756d382b3594d9e1f4a5e2366db407e378ae,"Apart from using desired properties, do they evaluate their LAN approach in some other way?",Yes,0.0,0.0,0.0,yes_no,1,2,89,75.89
original,1811.01399,352a1bf734b2d7f0618e9e2b0dbed4a3f1787160,Do they evaluate existing methods in terms of desired properties?,No,0.0,0.0,0.0,yes_no,1,2,89,75.89
original,1909.00124,045dbdbda5d96a672e5c69442e30dbf21917a1ee,How does the model differ from Generative Adversarial Networks?,Unanswerable,1.0,1.0,1.0,unanswerable,1,1,54,32.06
original,1909.00124,c20b012ad31da46642c553ce462bc0aad56912db,What is the dataset used to train the model?,"The context does not specify a single definitive dataset used to train the model. Instead, it mentions the use of both clean-labeled and noisy-labeled datasets derived from movie, laptop, and restaura",0.2759,0.2069,0.0518,extractive,1,1,54,32.06
original,1909.00124,13e87f6d68f7217fd14f4f9a008a65dd2a0ba91c,What is the performance of the model?,"The performance of the NetAb model is demonstrated to be superior to a wide range of baselines, including those specifically designed for learning with noisy labels and a CNN model. Specifically, the ",0.1266,0.0759,0.0205,abstractive,1,1,54,32.06
original,1909.00124,89b9a2389166b992c42ca19939d750d88c5fa79b,Is the model evaluated against a CNN baseline?,Yes,1.0,1.0,1.0,yes_no,1,1,54,32.06
original,1909.00088,dccc3b182861fd19ccce5bd00ce9c3f40451ed6e,Does the model proposed beat the baseline models for all the values of the masking parameter tested?,Unanswerable,0.0,0.0,0.0,yes_no,1,2,99,71.99
original,1909.00088,98ba7a7aae388b1a77dd6cab890977251d906359,Has STES been previously used in the literature to evaluate similar tasks?,No,1.0,1.0,1.0,yes_no,1,2,99,71.99
original,1909.00088,3da9a861dfa25ed486cff0ef657d398fdebf8a93,What are the baseline models mentioned in the paper?,"The baseline models mentioned in the paper are:
1. Noun WordNet Semantic Text Exchange Model (NWN-STEM)
2. General WordNet Semantic Text Exchange Model (GWN-STEM)
3. Word2Vec Semantic Text Exchange Mo",0.7917,0.7917,0.5325,extractive,1,2,99,71.99
original,1911.01799,8c0a0747a970f6ea607ff9b18cfeb738502d9a95,What was the performance of both approaches on their dataset?,Unanswerable,0.0,0.0,0.0,abstractive,1,1,49,35.92
original,1911.01799,529dabe7b4a8a01b20ee099701834b60fb0c43b0,What kind of settings do the utterances come from?,Unanswerable,0.0,0.0,0.0,extractive,1,1,49,35.92
original,1911.01799,a2be2bd84e5ae85de2ab9968147b3d49c84dfb7f,What genres are covered?,"entertainment, interview, singing, play, movie, vlog, live broadcast, speech, drama, recitation",0.88,0.88,0.7613,abstractive,1,1,49,35.92
original,1911.01799,5699996a7a2bb62c68c1e62e730cabf1e3186eef,Do they experiment with cross-genre setups?,Unanswerable,0.0,0.0,0.0,yes_no,1,1,49,35.92
original,1911.01799,944d5dbe0cfc64bf41ea36c11b1d378c408d40b8,Which of the two speech recognition models works better overall on CN-Celeb?,Unanswerable,0.0,0.0,0.0,abstractive,1,1,49,35.92
original,1911.01799,327e6c6609fbd4c6ae76284ca639951f03eb4a4c,By how much is performance on CN-Celeb inferior to performance on VoxCeleb?,Unanswerable,0.0,0.0,0.0,abstractive,1,1,49,35.92
original,1812.06705,df8cc1f395486a12db98df805248eb37c087458b,On what datasets is the new model evaluated on?,Six benchmark classification datasets are evaluated.,0.125,0.0625,0.0058,extractive,1,1,65,40.8
original,1812.06705,6e97c06f998f09256be752fa75c24ba853b0db24,How do the authors measure performance?,Unanswerable,0.0,0.0,0.0,abstractive,1,1,65,40.8
original,1812.06705,de2d33760dc05f9d28e9dabc13bab2b3264cadb7,Does the new objective perform better than the original objective bert is trained on?,Yes,1.0,1.0,1.0,yes_no,1,1,65,40.8
original,1812.06705,63bb39fd098786a510147f8ebc02408de350cb7c,Are other pretrained language models also evaluated for contextual augmentation? ,No,1.0,1.0,1.0,yes_no,1,1,65,40.8
original,1812.06705,6333845facb22f862ffc684293eccc03002a4830,Do the authors report performance of conditional bert on tasks without data augmentation?,Unanswerable,0.0,0.0,0.0,yes_no,1,1,65,40.8
original,1905.08949,a12a08099e8193ff2833f79ecf70acf132eda646,Do they cover data augmentation papers?,No,1.0,1.0,1.0,yes_no,1,2,97,63.18
original,1905.08949,999b20dc14cb3d389d9e3ba5466bc3869d2d6190,What is the latest paper covered by this survey?,Unanswerable,0.0,0.0,0.0,abstractive,1,2,97,63.18
original,1905.08949,ca4b66ffa4581f9491442dcec78ca556253c8146,Do they survey visual question generation work?,Yes,1.0,1.0,1.0,yes_no,1,2,97,63.18
original,1905.08949,b3ff166bd480048e099d09ba4a96e2e32b42422b,Do they survey multilingual aspects?,Unanswerable,0.0,0.0,0.0,yes_no,1,2,97,63.18
original,1905.08949,3703433d434f1913307ceb6a8cfb9a07842667dd,What learning paradigms do they cover in this survey?,changes in learning paradigms,0.0,0.0,0.0,abstractive,1,2,97,63.18
original,1905.08949,f7c34b128f8919e658ba4d5f1f3fc604fb7ff793,What are all the input modalities considered in prior work in question generation?,"textual inputs, images, tables",0.6,0.6,0.255,abstractive,1,2,97,63.18
original,1905.08949,d42031893fd4ba5721c7d37e1acb1c8d229ffc21,Do they survey non-neural methods for question generation?,No,1.0,1.0,1.0,yes_no,1,2,97,63.18
original,1909.00170,a999761aa976458bbc7b4f330764796446d030ff,What is their model?,Unanswerable,0.0,0.0,0.0,extractive,1,1,76,40.98
original,1909.00170,f229069bcb05c2e811e4786c89b0208af90d9a25,Do they evaluate on NER data sets?,Yes,1.0,1.0,1.0,yes_no,1,1,76,40.98
original,1701.03051,6b55b558ed581759425ede5d3a6fcdf44b8082ac,What previously proposed methods is this method compared against?,Alec Go's baseline model and Ayushi Dalmia's model.,0.0,0.0,0.0,extractive,1,1,78,44.99
original,1701.03051,3e3f5254b729beb657310a5561950085fa690e83,How is effective word score calculated?,"Effective Word Score (EFWS) of score x is calculated as EFWS(x) = N(+x) - N(-x), where N(x) is the number of words in the tweet with polarity score x.",0.898,0.898,0.7315,extractive,1,1,78,44.99
original,1701.03051,5bb96b255dab3e47a8a68b1ffd7142d0e21ebe2a,How is tweet subjectivity measured?,Subjectivity level = INLINEFORM0,0.0,0.0,0.0,unanswerable,1,1,78,44.99
original,1603.01417,129c03acb0963ede3915415953317556a55f34ee,Why is supporting fact supervision necessary for DMN?,Unanswerable,0.0,0.0,0.0,extractive,1,2,100,67.18
original,1603.01417,58b3b630a31fcb9bffb510390e1ec30efe87bfbf,What does supporting fact supervision mean?,Supporting fact supervision refers to the labeling of relevant facts during training that are necessary for answering a particular question.,0.6667,0.4667,0.1921,extractive,1,2,100,67.18
original,1603.01417,141dab98d19a070f1ce7e7dc384001d49125d545,What changes they did on input module?,"They introduced a new input module for images that uses a two-level encoder with a sentence reader and input fusion layer to allow for information flow between sentences. For text QA, they modified th",0.2951,0.2295,0.0565,extractive,1,2,100,67.18
original,1603.01417,afdad4c9bdebf88630262f1a9a86ac494f06c4c1,What improvements they did for DMN?,"They improved the DMN by:
- Introducing a novel input module for images
- Proposing a new attention-based GRU module for logical reasoning over inputs
- Adding a two-level encoder with a sentence read",0.2188,0.1562,0.0377,extractive,1,2,100,67.18
original,1603.01417,bfd4fc82ffdc5b2b32c37f4222e878106421ce2a,How does the model circumvent the lack of supporting facts during training?,The model circumvents the lack of supporting facts during training by learning to select the important facts from a larger set.,0.1026,0.1026,0.0341,extractive,1,2,100,67.18
original,1603.01417,1ce26783f0ff38925bfc07bbbb65d206e52c2d21,Does the DMN+ model establish state-of-the-art ?,Yes,1.0,1.0,1.0,yes_no,1,2,100,67.18
original,1911.03385,9213159f874b3bdd9b4de956a88c703aac988411,Is this style generator compared to some baseline?,Yes,1.0,1.0,1.0,yes_no,1,1,85,50.02
original,1911.03385,5f4e6ce4a811c4b3ab07335d89db2fd2a8d8d8b2,"How they perform manual evaluation, what is criteria?","Fluency Evaluation: Annotators scored reference sentences, reconstructed sentences, and transferred sentences on a 0-5 scale, where 0 was incoherent and 5 was a well-written human sentence.",0.0,0.0,0.0,extractive,1,1,85,50.02
original,1911.03385,a234bcbf2e41429422adda37d9e926b49ef66150,What metrics are used for automatic evaluation?,BLEU Scores and Perplexity,0.3333,0.3333,0.1398,extractive,1,1,85,50.02
original,1911.03385,c383fa9170ae00a4a24a8e39358c38395c5f034b,How they know what are content words?,"Nouns, verbs, and adjectives are identified as content words in the context.",0.32,0.16,0.0679,extractive,1,1,85,50.02
original,1911.03385,83251fd4a641cea8b180b49027e74920bca2699a,"How they model style as a suite of low-level linguistic controls, such as frequency of pronouns, prepositions, and subor","They model style as a suite of low-level linguistic controls by focusing on the frequency of pronouns, prepositions, and subordinate clause constructions. Specifically, the style is represented as a v",0.481,0.3797,0.3005,extractive,1,1,85,50.02
original,1902.06843,5d70c32137e82943526911ebdf78694899b3c28a,Do they report results only on English data?,Unanswerable,1.0,1.0,1.0,unanswerable,1,2,107,80.99
original,1902.06843,97dac7092cf8082a6238aaa35f4b185343b914af,What insights into the relationship between demographics and mental health are provided?,"Our research provides insights into the relationship between demographics and mental health by assisting in the design of a new breed of demographic-aware health interventions. Additionally, it helps ",0.0597,0.0299,0.0175,extractive,1,2,107,80.99
original,1902.06843,195611926760d1ceec00bd043dfdc8eba2df5ad1,What model is used to achieve 5% improvement on F1 for identifying depressed individuals on Twitter?,multimodal framework,0.0,0.0,0.0,extractive,1,2,107,80.99
original,1902.06843,445e792ce7e699e960e2cb4fe217aeacdd88d392,How do this framework facilitate demographic inference from social media?,"By leveraging both visual and textual content, and user interaction data through a multimodal framework, which improves the average F1-Score by 5% compared to existing methods and aids in demographic ",0.0455,0.0455,0.0178,abstractive,1,2,107,80.99
original,1902.06843,a3b1520e3da29d64af2b6e22ff15d330026d0b36,What types of features are used from each data type?,"Social network features, user profile features, visual features, emotional features, topic-level features, and domain-specific features.",0.1053,0.1053,0.0308,extractive,1,2,107,80.99
original,1902.06843,2cf8825639164a842c3172af039ff079a8448592,How is the data annotated?,"Age extraction rules include statements such as ""I am X years old,"" ""Born in X,"" and ""X years old,"" where X is a ""date"" or age (e.g., 1994).",0.05,0.05,0.0233,abstractive,1,2,107,80.99
original,1902.06843,36b25021464a9574bf449e52ae50810c4ac7b642,Where does the information on individual-level demographics come from?,Unanswerable,0.0,0.0,0.0,abstractive,1,2,107,80.99
original,1902.06843,98515bd97e4fae6bfce2d164659cd75e87a9fc89,What is the source of the user interaction data? ,Twitter,0.3333,0.3333,0.0183,abstractive,1,2,107,80.99
original,1902.06843,53bf6238baa29a10f4ff91656c470609c16320e1,What is the source of the textual data? ,Unanswerable,0.0,0.0,0.0,abstractive,1,2,107,80.99
original,1902.06843,b27f7993b1fe7804c5660d1a33655e424cea8d10,What is the source of the visual data? ,Unanswerable,0.0,0.0,0.0,abstractive,1,2,107,80.99
original,1905.06512,e21a8581cc858483a31c6133e53dd0cfda76ae4c,Is there an online demo of their system?,Unanswerable,0.0,0.0,0.0,yes_no,1,2,107,88.93
original,1905.06512,9f6e877e3bde771595e8aee10c2656a0e7b9aeb2,Do they perform manual evaluation?,No,0.0,0.0,0.0,yes_no,1,2,107,88.93
original,1905.06512,a3783e42c2bf616c8a07bd3b3d503886660e4344,Do they compare against Noraset et al. 2017?,Unanswerable,0.0,0.0,0.0,yes_no,1,2,107,88.93
original,1905.06512,0d0959dba3f7c15ee4f5cdee51682656c4abbd8f,What is a sememe?,Sememes are minimal semantic units.,0.32,0.32,0.0179,extractive,1,2,107,88.93
original,2001.06286,589be705a5cc73a23f30decba23ce58ec39d313b,What data did they use?,"They used the Dutch Book Reviews Dataset (DBRD), which consists of 118,516 reviews, with 22,252 labeled as positive or negative. Additionally, they pre-trained their model on the Dutch section of",0.1818,0.1818,0.0497,extractive,1,1,58,32.1
original,2001.06286,6e962f1f23061f738f651177346b38fd440ff480,What is the state of the art?,"The context indicates that RobBERT outperforms previous models as well as other BERT models both with and without fine-tuning. Therefore, the state-of-the-art is RobBERT.",0.0556,0.0556,0.029,extractive,1,1,58,32.1
original,2001.06286,594a6bf37eab64a16c6a05c365acc100e38fcff1,What language tasks did they experiment on?,Unanswerable,0.0,0.0,0.0,extractive,1,1,58,32.1
original,1910.02789,d79d897f94e666d5a6fcda3b0c7e807c8fad109e,What result from experiments suggest that natural language based agents are more robust?,"Our results suggest that representation of the state using natural language can achieve better performance, even on difficult tasks, or tasks in which the description of the state is saturated with ta",0.2807,0.2105,0.0755,abstractive,1,2,90,71.27
original,1910.02789,599d9ca21bbe2dbe95b08cf44dfc7537bde06f98,How better is performance of natural language based agents in experiments?,"natural language-based agents perform better, converging faster and being more robust compared to vision-based agents",0.0,0.0,0.0,unanswerable,1,2,90,71.27
original,1910.02789,827464c79f33e69959de619958ade2df6f65fdee,How much faster natural language agents converge in performed experiments?,Unanswerable,1.0,1.0,1.0,unanswerable,1,2,90,71.27
original,1910.02789,8e857e44e4233193c7b2d538e520d37be3ae1552,What experiments authors perform?,"The authors performed experiments comparing natural language based agents with vision based agents, showing that natural language based agents are more robust, converge faster and perform better.",0.0345,0.0345,0.0193,extractive,1,2,90,71.27
original,1910.02789,084fb7c80a24b341093d4bf968120e3aff56f693,How is state to learn and complete tasks represented via natural language?,through natural language sentences that describe the state,0.5,0.3333,0.1729,extractive,1,2,90,71.27
original,1902.00672,babe72f0491e65beff0e5889380e8e32d7a81f78,How does the model compare with the MMR baseline?,Unanswerable,0.0,0.0,0.0,extractive,1,2,218,170.67
original,2001.07209,31ee92e521be110b6a5a8d08cc9e6f90a3a97aae,Does the paper discuss previous models which have been applied to the same task?,Unanswerable,0.0,0.0,0.0,yes_no,1,1,62,36.81
original,2001.07209,737397f66751624bcf4ef891a10b29cfc46b0520,Which datasets are used in the paper?,"Google N-grams, COHA",0.6,0.6,0.2636,abstractive,1,1,62,36.81
original,2001.07209,87cb19e453cf7e248f24b5f7d1ff9f02d87fc261,How does the parameter-free model work?,Unanswerable,0.0,0.0,0.0,extractive,1,1,62,36.81
original,2001.07209,5fb6a21d10adf4e81482bb5c1ec1787dc9de260d,How do they quantify moral relevance?,"They compute diachronic moral relevance scores \( R_i = p(c_1|\mathbf{q}), i=1,\ldots,20 \) for the 20 decades in their time span.",0.0,0.0,0.0,abstractive,1,1,62,36.81
original,2001.07209,542a87f856cb2c934072bacaa495f3c2645f93be,Which fine-grained moral dimension examples do they showcase?,"slavery, democracy, gay",0.0,0.0,0.0,extractive,1,1,62,36.81
original,2001.07209,4fcc668eb3a042f60c4ce2e7d008e7923b25b4fc,Which dataset sources to they use to demonstrate moral sentiment through history?,Uncle Tom's Cabin,0.0,0.0,0.0,unanswerable,1,1,62,36.81
original,2001.10161,c180f44667505ec03214d44f4970c0db487a8bae,How well did the system do?,"The context indicates that the neural model performed well, particularly in the fairy-tale genre where it ranked higher on both questions asked of the participants. In the mystery genre, while the neu",0.1111,0.1111,0.0278,extractive,1,1,74,49.56
original,2001.10161,76d62e414a345fe955dc2d99562ef5772130bc7e,How is the information extracted?,The information is extracted using two techniques: a neural question-answering technique (specifically AskBERT) and a rule-based approach using OpenIE5.,0.375,0.25,0.1083,extractive,1,1,74,49.56
original,1909.00279,6b9310b577c6232e3614a1612cbbbb17067b3886,What are some guidelines in writing input vernacular so model can generate ,Unanswerable,0.0,0.0,0.0,extractive,1,1,71,45.35
original,1909.00279,d484a71e23d128f146182dccc30001df35cdf93f,How much is proposed model better in perplexity and BLEU score than typical UMT models?,"The context indicates that the proposed model significantly improves perplexity and BLEU scores compared to typical UMT models, but it does not provide specific numerical values for how much better. T",0.2264,0.1509,0.0375,abstractive,1,1,71,45.35
original,1909.00279,5787ac3e80840fe4cf7bfae7e8983fa6644d6220,What dataset is used for training?,Unanswerable,0.0,0.0,0.0,extractive,1,1,71,45.35
original,1909.06762,ee31c8a94e07b3207ca28caef3fbaf9a38d94964,What were the evaluation metrics?,BLEU and Micro Entity F1 scores,0.4,0.32,0.0393,extractive,1,2,101,84.55
original,1909.06762,66d743b735ba75589486e6af073e955b6bb9d2a4,What were the baseline systems?,"Attn seq2seq, Ptr-UNK, KV Net, Mem2Seq, and DSR",0.9333,0.9333,0.7071,extractive,1,2,101,84.55
original,1909.06762,b9f852256113ef468d60e95912800fab604966f6,Which dialog datasets did they experiment with?,"InCar, CamRest",0.8,0.4,0.4289,extractive,1,2,101,84.55
original,1909.06762,88f8ab2a417eae497338514142ac12c3cec20876,What KB is used?,Unanswerable,1.0,1.0,1.0,unanswerable,1,2,101,84.55
original,1812.07023,05e3b831e4c02bbd64a6e35f6c52f0922a41539a,At which interval do they extract video and audio frames?,equi-distantsegments,0.0,0.0,0.0,unanswerable,1,1,56,27.78
original,1812.07023,bd74452f8ea0d1d82bbd6911fbacea1bf6e08cab,Do they use pretrained word vectors for dialogue context embedding?,Yes,1.0,1.0,1.0,yes_no,1,1,56,27.78
original,1812.07023,6472f9d0a385be81e0970be91795b1b97aa5a9cf,Do they train a different training method except from scheduled sampling?,No,0.0,0.0,0.0,abstractive,1,1,56,27.78
original,1610.04377,2173809eb117570d289cefada6971e946b902bd6,Is the web interface publicly accessible?,Unanswerable,1.0,1.0,1.0,unanswerable,1,1,49,27.78
original,1610.04377,293e9a0b30670f4f0a380e574a416665a8c55bc2,Is the Android application publicly available?,Unanswerable,1.0,1.0,1.0,unanswerable,1,1,49,27.78
original,1610.04377,17de58c17580350c9da9c2f3612784b432154d11,What classifier is used for emergency categorization?,Multi-class Naive Bayes classifier,0.8571,0.8571,0.63,extractive,1,1,49,27.78
original,1610.04377,ff27d6e6eb77e55b4d39d343870118d1a6debd5e,What classifier is used for emergency detection?,SVM and Naive Bayes (NB),0.3333,0.3333,0.2,extractive,1,1,49,27.78
original,1610.04377,29772ba04886bee2d26b7320e1c6d9b156078891,Do the tweets come from any individual?,No,0.0,0.0,0.0,yes_no,1,1,49,27.78
original,1610.04377,94dc437463f7a7d68b8f6b57f1e3606eacc4490a,How many categories are there?,3,0.0,0.0,0.0,unanswerable,1,1,49,27.78
original,1610.04377,9d9d84822a9c42eb0257feb7c18086d390dae3be,What was the baseline?,Unanswerable,1.0,1.0,1.0,unanswerable,1,1,49,27.78
original,1610.04377,d27e3a099954e917b6491e81b2e907478d7f1233,Are the tweets specific to a region?,Yes,0.0,0.0,0.0,yes_no,1,1,49,27.78
original,1906.06448,c0a11ba0f6bbb4c69b5a0d4ae9d18e86a4a8f354,Do they release MED?,Yes,1.0,1.0,1.0,yes_no,1,2,83,66.84
original,1906.06448,dfc393ba10ec4af5a17e5957fcbafdffdb1a6443,What NLI models do they analyze?,"BiMPM, ESIM, Decomposable Attention Model, KIM, and BERT",0.9333,0.9333,0.7071,extractive,1,2,83,66.84
original,1906.06448,311a7fa62721e82265f4e0689b4adc05f6b74215,How do they define upward and downward reasoning?,"Upward reasoning allows inference from ""Introduction"" to ""Introduction"" when details are generalized, while downward reasoning allows inference when specifics are replaced with broader terms.",0.2222,0.2222,0.0456,abstractive,1,2,83,66.84
original,1906.06448,82bcacad668351c0f81bd841becb2dbf115f000e,What is monotonicity reasoning?,"Monotonicity reasoning requires the ability to capture the interaction between lexical and syntactic structures, and involves identifying monotonicity operators and their arguments, determining the po",0.5185,0.4074,0.2652,extractive,1,2,83,66.84
original,1912.00819,5937ebbf04f62d41b48cbc6b5c38fc309e5c2328,What other relations were found in the datasets?,The relations found in the datasets can be useful to learn about the emotional behaviors with dialogue acts to build a natural dialogue system and for deeper conversational analysis.,0.0903,0.0516,0.0007,extractive,1,1,64,40.68
original,1912.00819,dcd6f18922ac5c00c22cef33c53ff5ae08b42298,How does the ensemble annotator extract the final label?,The ensemble annotator extracts the final dialogue act label by checking the majority occurrences of the model labels and ranking their confidence values.,0.1241,0.0966,0.0003,extractive,1,1,64,40.68
original,1912.00819,2965c86467d12b79abc16e1457d848cb6ca88973,How were dialogue act labels defined?,"Dialogue act labels were defined using an ensemble of neural annotators, with the first preference given to labels that match perfectly across all annotators. If no perfect match is found, context-bas",0.08,0.08,0.0213,extractive,1,1,64,40.68
original,1912.00819,b99948ac4810a7fe3477f6591b8cf211d6398e67,How many models were used?,Five models were used.,0.4,0.4,0.25,extractive,1,1,64,40.68
original,1907.00758,73d657d6faed0c11c65b1ab60e553db57f4971ca,Do they compare their neural network against any other model?,Unanswerable,0.0,0.0,0.0,yes_no,1,1,59,32.0
original,1907.00758,9ef182b61461d0d8b6feb1d6174796ccde290a15,Do they annotate their own dataset or use an existing one?,"They use an existing one. The context mentions using the UltraSuite repository, which already contains synchronized data from speech therapy sessions.",0.2857,0.2857,0.107,abstractive,1,1,59,32.0
original,1907.00758,f6f8054f327a2c084a73faca16cf24a180c094ae,Does their neural network predict a single offset in a recording?,No,0.0,0.0,0.0,yes_no,1,1,59,32.0
original,1907.00758,b8f711179a468fec9a0d8a961fb0f51894af4b31,What kind of neural network architecture do they use?,two-stream neural network,0.0,0.0,0.0,abstractive,1,1,59,32.0
original,1710.06536,3bf429633ecbbfec3d7ffbcfa61fa90440cc918b,How are aspects identified in aspect extraction?,"Aspects are identified based on their syntactic relationships and modifiers. Specifically, a noun 'h' is considered an aspect if it's the subject of a word 't' modified by an adjective or adverb from ",0.1538,0.1026,0.0265,extractive,1,2,153,143.66
original,1701.02877,94e0cf44345800ef46a8c7d52902f074a1139e1a,What web and user-generated NER datasets are used for the analysis?,Unanswerable,0.0,0.0,0.0,abstractive,1,2,198,178.95
original,1904.05862,ad67ca844c63bf8ac9fdd0fa5f58c5a438f16211,Which unlabeled data do they pretrain with?,Librispeech and WSJ audio data,0.5455,0.5455,0.3256,abstractive,1,1,50,35.84
original,1904.05862,12eaaf3b6ebc51846448c6e1ad210dbef7d25a96,How many convolutional layers does their model have?,"The model described has an encoder network that is parameterized as a five-layer convolutional network. Therefore, the answer is 5.",0.1905,0.1905,0.0489,abstractive,1,1,50,35.84
original,1904.05862,828615a874512844ede9d7f7d92bdc48bb48b18d,Do they explore how much traning data is needed for which magnitude of improvement for WER? ,Yes,1.0,1.0,1.0,yes_no,1,1,50,35.84
original,1708.09157,a43c400ae37a8705ff2effb4828f4b0b177a74c4,How are character representations from various languages joint?,"The character representations from various languages are joint through shared character embeddings during the joint training process. Specifically, the model forces the embedding of characters for bot",0.3333,0.2593,0.0462,extractive,1,2,90,88.35
original,1708.09157,4056ee2fd7a0a0f444275e627bb881134a1c2a10,On which dataset is the experiment conducted?,Universal Dependencies (UD) treebanks,0.32,0.32,0.0143,extractive,1,2,90,88.35
original,1911.00069,f6496b8d09911cdf3a9b72aec0b0be6232a6dba1,Do they train their own RE model?,No,0.0,0.0,0.0,yes_no,1,2,101,84.39
original,1911.00069,5c90e1ed208911dbcae7e760a553e912f8c237a5,How big are the datasets?,Unanswerable,0.0,0.0,0.0,abstractive,1,2,101,84.39
original,1911.00069,3c3b4797e2b21e2c31cf117ad9e52f327721790f,What languages do they experiment on?,English and each of the 7 target languages (the target languages are not explicitly named but there are experiments on 7 languages across various language families).,0.1143,0.1143,0.0315,extractive,1,2,101,84.39
original,1911.00069,a7d72f308444616a0befc8db7ad388b3216e2143,What datasets are used?,The in-house dataset and the ACE (Automatic Content Extraction) 2005 multilingual dataset are used.,0.375,0.375,0.0891,extractive,1,2,101,84.39
original,1910.04887,dfb0351e8fa62ceb51ce77b0f607885523d1b8e8,How better does auto-completion perform when using both language and vision than only language?,Our results demonstrate that auto-completion using both language and vision performs better than using only language.,0.0,0.0,0.0,unanswerable,1,1,27,17.89
original,1910.04887,a130aa735de3b65c71f27018f20d3c068bafb826,How big is data provided by this research?,Unanswerable,0.0,0.0,0.0,extractive,1,1,27,17.89
original,1910.04887,0c1663a7f7750b399f40ef7b4bf19d5c598890ff,How they complete a user query prefix conditioned upon an image?,They complete a user query prefix conditioned upon an image by incorporating the image features into a modified FactorCell LSTM language model along with the user query prefix.,0.1935,0.129,0.0364,extractive,1,1,27,17.89
original,1810.00663,aa800b424db77e634e82680f804894bfa37f2a34,Did the collection process use a WoZ method?,Unanswerable,0.0,0.0,0.0,yes_no,1,2,90,67.63
original,1810.00663,fbd47705262bfa0a2ba1440a2589152def64cbbd,By how much did their model outperform the baseline?,35%,0.0667,0.0667,0.0,extractive,1,2,90,67.63
original,1810.00663,51aaec4c511d96ef5f5c8bae3d5d856d8bc288d3,What baselines did they compare their model with?,Baseline and Ablation models,0.1818,0.1818,0.0096,abstractive,1,2,90,67.63
original,1810.00663,3aee5c856e0ee608a7664289ffdd11455d153234,What was the performance of their model?,"The final model ""Ours with Mask and Ordered Triplets"" outperformed the Baseline and Ablation models on all metrics in previously seen environments, increasing accuracy by 35% and 25% in comparison to ",0.0625,0.0625,0.0217,abstractive,1,2,90,67.63
original,1810.00663,f42d470384ca63a8e106c7caf1cb59c7b92dbc27,What evaluation metrics are used?,"exact match (EM), precision, recall, and their harmonic mean",0.3333,0.3333,0.1255,abstractive,1,2,90,67.63
original,1810.00663,29bdd1fb20d013b23b3962a065de3a564b14f0fb,Did the authors use a crowdsourcing platform?,Yes,1.0,1.0,1.0,yes_no,1,2,90,67.63
original,1810.00663,25b2ae2d86b74ea69b09c140a41593c00c47a82b,How were the navigation instructions collected?,The navigation instructions were collected through Mechanical Turk using 100 simulated environments.,0.4762,0.4762,0.1754,abstractive,1,2,90,67.63
original,1810.00663,fd7f13b63f6ba674f5d5447b6114a201fe3137cb,What language is the experiment done in?,Unanswerable,0.0,0.0,0.0,abstractive,1,2,90,67.63
original,1809.05752,c82e945b43b2e61c8ea567727e239662309e9508,What additional features are proposed for future work?,"The additional features proposed for future work include a deeper analysis of clinical narratives in EHRs, specifically distinguishing between clinically positive and negative phenomena within each ri",0.5417,0.5,0.4181,abstractive,1,1,70,41.21
original,1809.05752,fbee81a9d90ff23603ee4f5986f9e8c0eb035b52,What are their initial results on this task?,"Their initial results on this task include an area under the curve (AUC) of 784 for readmission prediction performance of their model compared to a baseline of 618. Additionally, they achieved the hig",0.25,0.1875,0.1487,abstractive,1,1,70,41.21
original,1809.05752,39cf0b3974e8a19f3745ad0bcd1e916bf20eeab8,What datasets did the authors use?,"The authors used Meditech records to extract approximately 240,000 EHR paragraphs from 220 patients admitted to the system's hospitals with psychiatric diagnoses and symptoms between 2011 and 2014.",0.1471,0.0882,0.033,extractive,1,1,70,41.21
original,2001.01589,1f6180bba0bc657c773bd3e4269f87540a520ead,How many linguistic and semantic features are learned?,Unanswerable,1.0,1.0,1.0,unanswerable,1,1,50,35.9
original,2001.01589,57388bf2693d71eb966d42fa58ab66d7f595e55f,How is morphology knowledge implemented in the method?,The morphology knowledge is implemented by proposing a morphological word segmentation method that segments complex words into simpler morpheme units (stem with combined suffix or singular suffix) bef,0.25,0.0833,0.0248,abstractive,1,1,50,35.9
original,2001.01589,47796c7f0a7de76ccb97ccbd43dc851bb8a613d5,How does the word segmentation method work?,"Each word is first segmented into a stem unit and a sequence of suffix units. For the stem unit, ""##"" is added behind it, and for each singular suffix unit, ""$$"" is added behind it. The segmented word",0.0435,0.0435,0.0178,extractive,1,1,50,35.9
original,2001.01589,9d5153a7553b7113716420a6ddceb59f877eb617,Is the word segmentation method independently evaluated?,Unanswerable,0.0,0.0,0.0,yes_no,1,1,50,35.9
original,1910.10324,55c840a2f1f663ab2bff984ae71501b17429d0c0,Do they normalize the calculated intermediate output hypotheses to compensate for the incompleteness?,Unanswerable,1.0,1.0,1.0,unanswerable,1,1,50,31.63
original,1910.10324,fa5357c56ea80a21a7ca88a80f21711c5431042c,How many layers do they use in their best performing network?,36,1.0,1.0,1.0,extractive,1,1,50,31.63
original,1910.10324,35915166ab2fd3d39c0297c427d4ac00e8083066,Do they just sum up all the loses the calculate to end up with one single loss?,No,1.0,1.0,1.0,yes_no,1,1,50,31.63
original,1910.10324,e6c872fea474ea96ca2553f7e9d5875df4ef55cd,Does their model take more time to train than regular transformer models?,Unanswerable,1.0,1.0,1.0,unanswerable,1,1,50,31.63
original,1910.05456,fc29bb14f251f18862c100e0d3cd1396e8f2c3a1,Are agglutinative languages used in the prediction of both prefixing and suffixing languages?,Yes,1.0,1.0,1.0,yes_no,1,1,84,50.08
original,1910.05456,f3e96c5487d87557a661a65395b0162033dc05b3,What is an example of a prefixing language?,Navajo,0.0,0.0,0.0,extractive,1,1,84,50.08
original,1910.05456,74db8301d42c7e7936eb09b2171cd857744c52eb,How is the performance on the task evaluated?,"The performance on the task is evaluated through final test accuracy, as indicated by ""Within the area of natural language processing (NLP) research, experimenting on neural network models just as if ",0.2909,0.2182,0.0449,abstractive,1,1,84,50.08
original,1910.05456,587885bc86543b8f8b134c20e2c62f6251195571,What are the tree target languages studied in the paper?,"English, Spanish, and Zulu",1.0,1.0,1.0,extractive,1,1,84,50.08
original,1910.05154,b72264a73eea36c828e7de778a8b4599a5d02b39,Is the model evaluated against any baseline?,Unanswerable,0.0,0.0,0.0,yes_no,1,1,22,13.35
original,1910.05154,24cc1586e5411a7f8574796d3c576b7c677d6e21,Does the paper report the accuracy of the model?,Unanswerable,0.0,0.0,0.0,yes_no,1,1,22,13.35
original,1910.05154,db291d734524fa51fb314628b64ebe1bac7f7e1e,How is the performance of the model evaluated?,Unanswerable,0.0,0.0,0.0,extractive,1,1,22,13.35
original,1910.05154,85abd60094c92eb16f39f861c6de8c2064807d02,What are the different bilingual models employed?,"The context mentions several well-resourced languages used as aligned information for training bilingual models with the endangered language Mboshi. Specifically, these include:",0.1538,0.1026,0.0424,extractive,1,1,22,13.35
original,1910.05154,50f09a044f0c0795cc636c3e25a4f7c3231fb08d,How does the well-resourced language impact the quality of the output?,"The well-resourced language impacts the quality of the output by influencing the quality of the segmentation and word discovery. Specifically, the results hint towards an impact of the well-resourced ",0.3448,0.2759,0.1322,extractive,1,1,22,13.35
original,1806.00722,26b5c090f72f6d51e5d9af2e470d06b2d7fc4a98,what are the baselines?,"A 4-layer encoder, 4-layer decoder, residual-connected model, with embedding and hidden size set as 256 by default.",0.9333,0.9333,0.8612,extractive,1,1,68,45.07
original,1806.00722,8c0621016e96d86a7063cb0c9ec20c76a2dba678,did they outperform previous methods?,Yes,1.0,1.0,1.0,yes_no,1,1,68,45.07
original,1806.00722,f1214a05cc0e6d870c789aed24a8d4c768e1db2f,what language pairs are explored?,"German-English, Turkish-English",0.8,0.8,0.6065,extractive,1,1,68,45.07
original,1806.00722,41d3ab045ef8e52e4bbe5418096551a22c5e9c43,what datasets were used?,The datasets used include:,0.0,0.0,0.0,abstractive,1,1,68,45.07
original,2003.03612,62736ad71c76a20aee8e003c462869bab4ab4b1e,How is order of binomials tracked across time?,By developing new metrics to measure the agreement of binomial orderings across communities and their movement over time.,0.4127,0.381,0.0793,extractive,1,2,184,180.71
original,2003.03612,aaf50a6a9f449389ef212d25d0fae59c10b0df92,What types of various community texts have been investigated for exploring global structure of binomials?,"news publications, wine reviews, and Reddit",1.0,1.0,1.0,extractive,1,2,184,180.71
original,2003.03612,a1917232441890a89b9a268ad8f987184fa50f7a,Are there any new finding in analasys of trinomials that was not present binomials?,Yes,0.0,0.0,0.0,extractive,1,2,184,180.71
original,2003.03612,574f17134e4dd041c357ebb75a7ef590da294d22,What new model is proposed for binomial lists?,global binomial ordering structure,0.0,0.0,0.0,extractive,1,2,184,180.71
original,2003.03612,41fd359b8c1402b31b6f5efd660143d1414783a0,How was performance of previously proposed rules at very large scale?,Unanswerable,0.0,0.0,0.0,extractive,1,2,184,180.71
original,2003.03612,d216d715ec27ee2d4949f9e908895a18fb3238e2,What previously proposed rules for predicting binoial ordering are used?,The monosyllable preceding the disyllable rule is previously proposed for predicting binomial ordering.,0.0,0.0,0.0,extractive,1,2,184,180.71
original,2003.03612,ba973b13f26cd5eb1da54663c0a72842681d5bf5,What online text resources are used to test binomial lists?,"news publications, wine reviews, and Reddit",1.0,1.0,1.0,extractive,1,2,184,180.71
original,1904.08386,508580af51483b5fb0df2630e8ea726ff08d537b,How do they model a city description using embeddings?,"To produce a single city embedding, they compute the TF-IDF weighted element-wise mean of the token-level representations for each city description.",0.4412,0.4412,0.1125,extractive,1,1,34,26.74
original,1904.08386,89d1687270654979c53d0d0e6a845cdc89414c67,How do they obtain human judgements?,They collect human judgments by feeding the representations into a clustering algorithm that produces exactly eleven clusters of five cities each and evaluating them against both Calvino's original la,0.0,0.0,0.0,abstractive,1,1,34,26.74
original,1904.08386,fc6cfac99636adda28654e1e19931c7394d76c7c,Which clustering method do they use to cluster city description embeddings?,They use a simple iterative clustering algorithm to cluster city description embeddings.,0.1639,0.1639,0.0046,extractive,1,1,34,26.74
original,1909.00754,ed7a3e7fc1672f85a768613e7d1b419475950ab4,Does this approach perform better in the multi-domain or single-domain setting?,multi-domain,0.0,0.0,0.0,abstractive,1,2,100,79.88
original,1909.00754,72ceeb58e783e3981055c70a3483ea706511fac3,What are the performance metrics used?,"The performance metrics used are joint goal accuracy, joint domain accuracy, and joint domain-slot accuracy.",0.3529,0.3529,0.1401,extractive,1,2,100,79.88
original,1909.00754,9bfa46ad55136f2a365e090ce585fc012495393c,Which datasets are used to evaluate performance?,WoZ2.0 and MultiWoZ,0.4,0.4,0.1151,extractive,1,2,100,79.88
original,1906.00180,42812113ec720b560eb9463ff5e74df8764d1bff,How does the automatic theorem prover infer the relation?,Unanswerable,1.0,1.0,1.0,unanswerable,1,1,58,40.45
original,1906.00180,4f4892f753b1d9c5e5e74c7c94d8c9b6ef523e7b,"If these model can learn the first-order logic on artificial language, why can't it lear for natural language?",Unanswerable,1.0,1.0,1.0,unanswerable,1,1,58,40.45
original,1906.00180,f258ada8577bb71873581820a94695f4a2c223b3,How many samples did they generate for the artificial language?,Unanswerable,0.0,0.0,0.0,abstractive,1,1,58,40.45
original,1806.02847,05bb75a1e1202850efa9191d6901de0a34744af0,Which of their training domains improves performance the most?,"Customizing training data can further enhance performance, as shown with PDP-60 where adding supervised training data led to a significant increase. Therefore, customizing training data improves perfo",0.0976,0.0488,0.0248,extractive,1,1,61,36.57
original,1806.02847,770aeff30846cd3d0d5963f527691f3685e8af02,Do they fine-tune their model on the end task?,No,0.0,0.0,0.0,yes_no,1,1,61,36.57
original,1906.04571,f7817b949605fb04b1e4fec9dd9ca8804fb92ae9,Why does not the approach from English work on other languages?,Because approaches developed for English are not transferable to morphologically rich languages that exhibit gender agreement.,0.3077,0.2308,0.0582,abstractive,1,1,65,45.56
original,1906.04571,8255f74cae1352e5acb2144fb857758dda69be02,How do they measure grammaticality?,"They measure grammaticality by ensuring that when the gender of one word changes, all other words in the sentence are updated to maintain grammatical gender agreement. This process ensures that the se",0.1224,0.1224,0.0209,abstractive,1,1,65,45.56
original,1906.04571,db62d5d83ec187063b57425affe73fef8733dd28,Which model do they use to convert between masculine-inflected and feminine-inflected sentences?,Markov Random Field (MRF) model,0.5,0.5,0.2665,extractive,1,1,65,45.56
original,1909.04625,946676f1a836ea2d6fe98cb4cfc26b9f4f81984d,What is the performance achieved by the model described in the paper?,Unanswerable,1.0,1.0,1.0,unanswerable,1,2,93,71.47
original,1909.04625,3b090b416c4ad7d9b5b05df10c5e7770a4590f6a,What is the best performance achieved by supervised models?,Unanswerable,1.0,1.0,1.0,unanswerable,1,2,93,71.47
original,1909.04625,a1e07c7563ad038ee2a7de5093ea08efdd6077d4,What is the size of the datasets employed?,Unanswerable,0.0,0.0,0.0,extractive,1,2,93,71.47
original,1909.04625,a1c4f9e8661d4d488b8684f055e0ee0e2275f767,What are the baseline models?,The baseline models are `LSTM (PTB)` and `LSTM (FTB)`.,0.0,0.0,0.0,extractive,1,2,93,71.47
original,1809.07629,c5171daf82107fce0f285fa18f19e91fbd1215c5,What evaluation metrics are used?,"BLEU and ROUGE (1, 2, L) scores",0.8235,0.8235,0.6514,extractive,1,1,55,31.95
original,1809.07629,baeb6785077931e842079e9d0c9c9040947ffa4e,What datasets did they use?,The E2E NLG challenge dataset BIBREF21,1.0,1.0,1.0,extractive,1,1,55,31.95
original,1807.05154,bb570d4a1b814f508a07e74baac735bf6ca0f040,Why does their model do better than prior models?,The context does not provide specific details on why their model performs better than prior models beyond stating that it achieves state-of-the-art performance and first-time high scores in accuracy a,0.05,0.05,0.0172,extractive,1,2,93,67.16
original,2002.11402,1771a55236823ed44d3ee537de2e85465bf03eaf,What is the difference in recall score between the systems?,Unanswerable,0.0,0.0,0.0,abstractive,1,1,44,35.72
original,2002.11402,1d74fd1d38a5532d20ffae4abbadaeda225b6932,What is their f1 score and recall?,Unanswerable,0.0,0.0,0.0,abstractive,1,1,44,35.72
original,2002.11402,da8bda963f179f5517a864943dc0ee71249ee1ce,How many layers does their system have?,One,0.0,0.0,0.0,abstractive,1,1,44,35.72
original,2002.11402,5c059a13d59947f30877bed7d0180cca20a83284,Which news corpus is used?,English news corpus,0.0,0.0,0.0,unanswerable,1,1,44,35.72
original,2002.11402,a1885f807753cff7a59f69b5cf6d0fdef8484057,How large is the dataset they used?,3 million news articles,0.3158,0.3158,0.0269,extractive,1,1,44,35.72
original,1804.09301,c2553166463b7b5ae4d9786f0446eb06a90af458,Which coreference resolution systems are tested?,"The three coreference resolution systems tested are:
- RULE (a rule-based system)
- STAT (a feature-driven statistical system)
- NEURAL (a deep reinforcement learning system)",0.4286,0.2381,0.0533,extractive,1,1,32,18.17
original,2002.00652,cc9f0ac8ead575a9b485a51ddc06b9ecb2e2a44d,How big is improvement in performances of proposed model over state of the art?,"10.6 and 5.4 points on Ques Match and Int Match, respectively",0.4516,0.3226,0.1191,extractive,1,1,82,49.9
original,2002.00652,69e678666d11731c9bfa99953e2cd5a5d11a4d4f,What two large datasets are used for evaluation?,SParC and CoSQL,0.75,0.75,0.3234,extractive,1,1,82,49.9
original,2002.00652,471d624498ab48549ce492ada9e6129da05debac,What context modelling methods are evaluated?,13 context modeling methods are evaluated.,0.0,0.0,0.0,abstractive,1,1,82,49.9
original,2002.00652,f858031ebe57b6139af46ee0f25c10870bb00c3c,What are two datasets models are tested on?,SParC and CoSQL,0.75,0.75,0.3234,extractive,1,1,82,49.9
original,1909.00324,1763a029daca7cab10f18634aba02a6bd1b6faa7,How big is the improvement over the state-of-the-art results?,+3.6% on the restaurant domain and +4.2% on the laptop domain,0.3103,0.3103,0.0072,extractive,1,2,87,71.43
original,1909.00324,f9de9ddea0c70630b360167354004ab8cbfff041,Is the model evaluated against other Aspect-Based models?,Yes,1.0,1.0,1.0,yes_no,1,2,87,71.43
original,1905.06566,fc8bc6a3c837a9d1c869b7ee90cf4e3c39bcd102,Is the baseline a non-heirarchical model like BERT?,No,0.0,0.0,0.0,abstractive,1,2,111,72.23
original,2003.04032,58e65741184c81c9e7fe0ca15832df2d496beb6f,Do they build a model to recognize discourse relations on their dataset?,Unanswerable,0.0,0.0,0.0,yes_no,1,2,97,67.31
original,2003.04032,269b05b74d5215b09c16e95a91ae50caedd9e2aa,Which inter-annotator metric do they use?,"agreement rates, Kappa value",1.0,1.0,1.0,extractive,1,2,97,67.31
original,2003.04032,0d7f514f04150468b2d1de9174c12c28e52c5511,How high is the inter-annotator agreement?,"The inter-annotator agreement is high, with agreement rates and Kappa values ranging from 0.85 to 0.99 for different aspects of annotation. Specifically, for discourse relation types and top-level sen",0.2564,0.2051,0.0359,extractive,1,2,97,67.31
original,2003.04032,4d223225dbf84a80e2235448a4d7ba67bfb12490,How are resources adapted to properties of Chinese text?,"The resources are adapted to properties of Chinese text by adapting the Penn Discourse TreeBank style to address specific linguistic features of Chinese, as mentioned in the context.",0.0,0.0,0.0,extractive,1,2,97,67.31
original,2004.03034,ca26cfcc755f9d0641db0e4d88b4109b903dbb26,How better are results compared to baseline models?,"The BERT model with flat context representation performs significantly better than the baseline models, achieving a macro F1 score of 55.98%, which is notably higher than the performance of other mode",0.3214,0.2143,0.0573,abstractive,1,1,74,49.74
original,2004.03034,6cdd61ebf84aa742155f4554456cc3233b6ae2bf,What models that rely only on claim-specific linguistic features are used as baselines?,FastText,0.0,0.0,0.0,extractive,1,1,74,49.74
original,2004.03034,8e8097cada29d89ca07166641c725e0f8fed6676,How is pargmative and discourse context added to the dataset?,Unanswerable,0.0,0.0,0.0,extractive,1,1,74,49.74
original,2004.03034,951098f0b7169447695b47c142384f278f451a1e,What annotations are available in the dataset?,"The dataset includes the following annotations:
- Impact votes for each claim
- Argument context for each claim
- Linguistic features such as tf-idf scores for unigrams and bigrams, ratio of quotation",0.1538,0.1538,0.0267,extractive,1,1,74,49.74
original,1910.12618,07c59824f5e7c5399d15491da3543905cfa5f751,How big is dataset used for training/testing?,"Training set: 2,557 days for France and 2,922 for the UK
Test set: 974 days for France and 1,096 for the UK",0.4286,0.4286,0.1425,abstractive,1,2,120,89.33
original,1910.12618,77f04cd553df691e8f4ecbe19da89bc32c7ac734,Is there any example where geometric property is visible for context similarity between words?,Yes,1.0,1.0,1.0,yes_no,1,2,120,89.33
original,1910.12618,728a55c0f628f2133306b6bd88af00eb54017b12,What geometric properties do embeddings display?,embeddings nonetheless display geometric properties pertaining to the behavior of the time series,0.0,0.0,0.0,abstractive,1,2,120,89.33
original,1910.12618,d5498d16e8350c9785782b57b1e5a82212dbdaad,How accurate is model trained on text exclusively?,less than 5% MAPE,0.6,0.6,0.3606,abstractive,1,2,120,89.33
original,1911.12569,3e839783d8a4f2fe50ece4a9b476546f0842b193,What was their result on Stance Sentiment Emotion Corpus?,5 F-score points,0.0,0.0,0.0,abstractive,1,1,74,45.49
original,1911.12569,2869d19e54fb554fcf1d6888e526135803bb7d75,What performance did they obtain on the SemEval dataset?,3.2 F-score points improvement,0.0,0.0,0.0,abstractive,1,1,74,45.49
original,1911.12569,894c086a2cbfe64aa094c1edabbb1932a3d7c38a,What are the state-of-the-art systems?,"Maximum entropy, SVM, LSTM, Bi-LSTM, and CNN were the five individual systems used by BIBREF15.",0.2857,0.2857,0.1612,abstractive,1,1,74,45.49
original,1911.12569,722e9b6f55971b4c48a60f7a9fe37372f5bf3742,How is multi-tasking performed?,"The multi-tasking is performed through a two-layered multi-task attention-based neural network. Specifically, it involves:",0.0426,0.0426,0.0084,extractive,1,1,74,45.49
original,1911.12569,9c2f306044b3d1b3b7fdd05d1c046e887796dd7a,What are the datasets used for training?,"The context does not explicitly state the datasets used for training. It mentions the SemEval 2016 Task 6 corpus and the SSEC corpus being used for evaluation, but does not specify which, if any, of t",0.2609,0.2609,0.0732,extractive,1,1,74,45.49
original,1911.12569,3d99bc8ab2f36d4742e408f211bec154bc6696f7,How many parameters does the model have?,Unanswerable,1.0,1.0,1.0,unanswerable,1,1,74,45.49
original,1911.12569,9219eef636ddb020b9d394868959325562410f83,What is the previous state-of-the-art model?,Unanswerable,0.0,0.0,0.0,extractive,1,1,74,45.49
original,1911.12569,ff83eea2df9976c1a01482818340871b17ad4f8c,What is the previous state-of-the-art performance?,Unanswerable,1.0,1.0,1.0,unanswerable,1,1,74,45.49
original,1910.01363,0ee20a3a343e1e251b74a804e9aa1393d17b46d6,How can the classifier facilitate the annotation task for human annotators?,"The classifier can facilitate the annotation task for human annotators by pre-filtering tweets, allowing them to focus on a smaller, more relevant set of content for manual annotation.",0.3019,0.2264,0.0635,extractive,1,1,73,40.93
original,1910.01363,f0e8f045e2e33a2129e67fb32f356242db1dc280,What recommendations are made to improve the performance in future?,Unanswerable,0.0,0.0,0.0,extractive,1,1,73,40.93
original,1910.01363,b6c235d5986914b380c084d9535a7b01310c0278,What type of errors do the classifiers use?,Unanswerable,0.0,0.0,0.0,extractive,1,1,73,40.93
original,1910.01363,e9b1e8e575809f7b80b1125305cfa76ae4f5bdfb,What neural classifiers are used?,Convolutional Neural Network (CNN),0.8889,0.8889,0.7788,extractive,1,1,73,40.93
original,1910.01363,1e4450e23ec81fdd59821055f998fd9db0398b16,What is the hashtags does the hashtag-based baseline use?,hs_pmi,0.0,0.0,0.0,unanswerable,1,1,73,40.93
original,1910.01363,02ce4c288df14a90a210cb39973c6ac0fb4cec59,What languages are included in the dataset?,English and Russian,0.5,0.5,0.3333,extractive,1,1,73,40.93
original,1910.01363,60726d9792d301d5ff8e37fbb31d5104a520dea3,What dataset is used for this study?,MH17 Twitter dataset,1.0,1.0,1.0,extractive,1,1,73,40.93
original,1910.01363,e39d90b8d959697d9780eddce3a343e60543be65,What proxies for data annotation were used in previous datasets?,URL domain and hashtags,0.0784,0.0392,0.0,extractive,1,1,73,40.93
original,1901.04899,c6e63e3b807474e29bfe32542321d015009e7148,What are the supported natural commands?,Unanswerable,0.0,0.0,0.0,extractive,1,1,18,13.36
original,1901.04899,4ef2fd79d598accc54c084f0cca8ad7c1b3f892a,What is the size of their collected dataset?,3347,0.5,0.5,0.1353,abstractive,1,1,18,13.36
original,1901.04899,40e3639b79e2051bf6bce300d06548e7793daee0,Did they compare against other systems?,Yes,1.0,1.0,1.0,yes_no,1,1,18,13.36
original,1901.04899,8383e52b2adbbfb533fbe8179bc8dae11b3ed6da,What intents does the paper explore?,"The paper explores 10 types of passenger intents, which include:
- Set/Change Destination
- Set/Change Route (including turn-by-turn instructions)
- Go Faster
- Go Slower
- Stop
- Park
- Pull Over",0.5854,0.5854,0.3877,extractive,1,1,18,13.36
original,1606.05320,5f7850254b723adf891930c6faced1058b99bd57,"What kind of features are used by the HMM models, and how interpretable are those?","The HMM models use the hidden state distributions obtained by the HMM's forward pass as features. These features are made more interpretable through the visualization techniques described, such as com",0.2295,0.1639,0.0354,abstractive,1,1,30,18.13
original,1606.05320,4d05a264b2353cff310edb480a917d686353b007,What kind of information do the HMMs learn that the LSTMs don't?,"spaces, indentation, and special characters",0.0,0.0,0.0,abstractive,1,1,30,18.13
original,1606.05320,7cdce4222cea6955b656c1a3df1129bb8119e2d0,Which methods do the authors use to reach the conclusion that LSTMs and HMMs learn complementary information?,The authors use k-means clustering on LSTM state vectors and color-code the training data with these clusters (Figures 3 and 3) to visualize and demonstrate that LSTMs and HMMs learn complementary inf,0.4364,0.4,0.2255,extractive,1,1,30,18.13
original,1606.05320,6ea63327ffbab2fc734dd5c2414e59d3acc56ea5,How large is the gap in performance between the HMMs and the LSTMs?,Unanswerable,0.0,0.0,0.0,abstractive,1,1,30,18.13
original,1809.10644,50690b72dc61748e0159739a9a0243814d37f360,Do they report results only on English data?,Unanswerable,0.0,0.0,0.0,yes_no,1,1,44,30.6
original,1809.10644,8266642303fbc6a1138b4e23ee1d859a6f584fbb,Which publicly available datasets are used?,"Sexist/Racist (SR), HATE, HAR",0.0,0.0,0.0,extractive,1,1,44,30.6
original,1809.10644,3685bf2409b23c47bfd681989fb4a763bcab6be2,What embedding algorithm and dimension size are used?,300-dimensional Glove Common Crawl Embeddings,0.25,0.25,0.1609,extractive,1,1,44,30.6
original,1809.10644,19225e460fff2ac3aebc7fe31fcb4648eda813fb,What data are the embeddings trained on?,Unanswerable,0.0,0.0,0.0,extractive,1,1,44,30.6
original,1809.10644,f37026f518ab56c859f6b80b646d7f19a7b684fa,how much was the parameter difference between their model and previous methods?,The context states that their models match or outperform state-of-the-art F1 performance on all three datasets using significantly fewer parameters and minimal feature preprocessing compared to previo,0.0417,0.0417,0.0163,extractive,1,1,44,30.6
original,1809.10644,1231934db6adda87c1b15e571468b8e9d225d6fe,how many parameters did their model use?,"The context states that their model ""uses significantly fewer parameters and minimal feature preprocessing compared to previous methods."" However, it does not specify the exact number of parameters us",0.0976,0.0976,0.0225,extractive,1,1,44,30.6
original,1809.10644,81303f605da57ddd836b7c121490b0ebb47c60e7,which datasets were used?,"The datasets used were SR (Sexist/Racist), HATE, and HAR.",0.5333,0.4,0.1313,extractive,1,1,44,30.6
original,1809.10644,a3f108f60143d13fe38d911b1cc3b17bdffde3bd,what was their system's f1 performance?,Unanswerable,0.0,0.0,0.0,abstractive,1,1,44,30.6
original,1809.10644,118ff1d7000ea0d12289d46430154cc15601fd8e,what was the baseline?,logistic regression baseline model using character ngrams and word unigrams using TF*IDF weighting,0.2667,0.2667,0.1132,extractive,1,1,44,30.6
original,1606.02006,102a0439739428aac80ac11795e73ce751b93ea1,What datasets were used?,KFTT and BTEC,0.75,0.75,0.3234,extractive,1,1,76,45.25
original,1606.02006,d9c26c1bfb3830c9f3dbcccf4c8ecbcd3cb54404,What language pairs did they experiment with?,English-Japanese,1.0,1.0,1.0,extractive,1,1,76,45.25
original,1911.03243,04f72eddb1fc73dd11135a80ca1cf31e9db75578,How much more coverage is in the new dataset?,25%,0.0,0.0,0.0,abstractive,1,1,42,26.97
original,1911.03243,f74eaee72cbd727a6dffa1600cdf1208672d713e,How was coverage measured?,"Coverage was measured by comparing the recall of the PropBank roles, and it was noted that there was a 25% increase in role coverage compared to PropBank through rigorous evaluation on expertly annota",0.0,0.0,0.0,extractive,1,1,42,26.97
original,1911.03243,068dbcc117c93fa84c002d3424bafb071575f431,How was quality measured?,"Quality was established using an evaluation method based on bipartite matching to determine true positives and negatives, and an additional validation step where crowd-workers had to ascertain the val",0.0,0.0,0.0,abstractive,1,1,42,26.97
original,1911.03243,96526a14820b7debfd6f7c5beeade0a854b93d1a,How was the corpus obtained?,"Initially, a single annotator created a dataset, which was later expanded through crowdsourcing to include 133,000 verbs with 2-0 QA pairs per verb.",0.0769,0.0769,0.0305,extractive,1,1,42,26.97
original,1911.03243,32ba4d2d15194e889cbc9aa1d21ff1aa6fa27679,How are workers trained?,"Systematic screening of workers and providing concise guidelines. Workers are trained through several short training rounds, with up to 15 predicates per round, in which they receive extensive persona",0.1818,0.1818,0.0627,extractive,1,1,42,26.97
original,1911.03243,78c010db6413202b4063dc3fb6e3cc59ec16e7e3,What is different in the improved annotation protocol?,"Systematic screening of workers and providing concise guidelines, employing two independent workers plus an additional one for consolidation.",0.0,0.0,0.0,abstractive,1,1,42,26.97
original,1911.03243,a69af5937cab861977989efd72ad1677484b5c8c,How was the previous dataset annotated?,Unanswerable,0.0,0.0,0.0,extractive,1,1,42,26.97
original,1911.03243,8847f2c676193189a0f9c0fe3b86b05b5657b76a,How big is the dataset?,"133,000",0.0,0.0,0.0,extractive,1,1,42,26.97
original,1809.04686,05196588320dfb0b9d9be7d64864c43968d329bc,Do the other multilingual baselines make use of the same amount of training data?,Unanswerable,1.0,1.0,1.0,unanswerable,1,1,62,36.44
original,1809.04686,e930f153c89dfe9cff75b7b15e45cd3d700f4c72,How big is the impact of training data size on the performance of the multilingual encoder?,Unanswerable,1.0,1.0,1.0,unanswerable,1,1,62,36.44
original,1809.04686,545ff2f76913866304bfacdb4cc10d31dbbd2f37,What data were they used to train the multilingual encoder?,Unanswerable,0.0,0.0,0.0,abstractive,1,1,62,36.44
original,1703.09684,cf93a209c8001ffb4ef505d306b6ced5936c6b63,From when are many VQA datasets collected?,2014,0.6667,0.6667,0.3679,abstractive,1,2,124,89.57
original,1911.11744,fb5ce11bfd74e9d7c322444b006a27f2ff32a0cf,What is task success rate achieved? ,Unanswerable,0.0,0.0,0.0,abstractive,1,1,44,27.21
original,1911.11744,1e2ffa065b640e912d6ed299ff713a12195e12c4,What simulations are performed by the authors to validate their approach?,An extensive set of simulations are performed by the authors to validate their approach.,0.1333,0.0667,0.0411,extractive,1,1,44,27.21
original,1911.11744,28b2a20779a78a34fb228333dc4b93fd572fda15,Does proposed end-to-end approach learn in reinforcement or supervised learning manner?,Unanswerable,0.0,0.0,0.0,abstractive,1,1,44,27.21
original,1910.03467,b367b823c5db4543ac421d0057b02f62ea16bf9f,Are synonymous relation taken into account in the Japanese-Vietnamese task?,Yes,1.0,1.0,1.0,yes_no,1,1,66,40.79
original,1910.03467,84737d871bde8058d8033e496179f7daec31c2d3,Is the supervised morphological learner tested on Japanese?,Yes,0.0,0.0,0.0,yes_no,1,1,66,40.79
original,1908.09156,7b3d207ed47ae58286029b62fd0c160a0145e73d,What is the dataset that is used in the paper?,Unanswerable,1.0,1.0,1.0,unanswerable,1,1,50,31.74
original,1908.09156,d58c264068d8ca04bb98038b4894560b571bab3e,What is the performance of the models discussed in the paper?,Unanswerable,1.0,1.0,1.0,unanswerable,1,1,50,31.74
original,1908.09156,f80d89fb905b3e7e17af1fe179b6f441405ad79b,Does the paper consider the use of perplexity in order to identify text anomalies?,Unanswerable,0.0,0.0,0.0,yes_no,1,1,50,31.74
original,1908.09156,5f6fac08c97c85d5f4f4d56d8b0691292696f8e6,Does the paper report a baseline for the task?,Unanswerable,0.0,0.0,0.0,yes_no,1,1,50,31.74
original,1911.00523,6adec34d86095643e6b89cda5c7cd94f64381acc,What non-contextual properties do they refer to?,"Derived directly from the word, capturing its general tendency.",0.48,0.48,0.1335,extractive,1,2,112,75.8
original,1911.00523,62ba1fefc1eb826fe0cbac092d37a3e2098967e9,What is the baseline?,The baseline is a random method that predicts the positive label with 15% probability.,0.2857,0.2857,0.1003,extractive,1,2,112,75.8
original,1911.00523,93ac147765ee2573923f68aa47741d4bcbf88fa8,What are their proposed features?,"The proposed features include:
1. Non-contextual properties of a word
2. Word usage in OP and PC (two values for each)
3. Connection between OP and PC",0.5652,0.5652,0.2492,extractive,1,2,112,75.8
original,1911.00523,14c0328e8ec6360a913b8ecb3e50cb27650ff768,What are overall baseline results on new this new task?,A random method that predicts the positive label with 15% probability serves as the baseline.,0.1538,0.1538,0.0215,extractive,1,2,112,75.8
original,1911.00523,6073fa9050da76eeecd8aa3ccc7ecb16a238d83f,What metrics are used in evaluation of this task?,F1 score,1.0,1.0,1.0,extractive,1,2,112,75.8
original,1911.00523,eacd7e540cc34cb45770fcba463f4bf968681d59,Do authors provide any explanation for intriguing patterns of word being echoed?,Yes,0.0,0.0,0.0,yes_no,1,2,112,75.8
original,1911.00523,1124804c3702499b78cf0678bab5867e81284b6c,What features are proposed?,"Non-contextual properties of a word, Word usage in an OP or PC (two groups), How a word connects an OP and PC",0.9231,0.9231,0.8465,extractive,1,2,112,75.8
original,1803.03664,2b78052314cb730824836ea69bc968df7964b4e4,Which datasets are used to train this model?,SQUAD BIBREF16 dataset,0.5,0.5,0.3333,extractive,1,2,100,67.65
original,1910.11949,11d2f0d913d6e5f5695f8febe2b03c6c125b667c,How is performance of this system measured?,BLEU score of 2.07,0.2667,0.2667,0.066,abstractive,1,1,61,40.81
original,1910.11949,1c85a25ec9d0c4f6622539f48346e23ff666cd5f,How many questions per image on average are available in dataset?,5,0.4,0.4,0.0498,extractive,1,1,61,40.81
original,1910.11949,37d829cd42db9ae3d56ab30953a7cf9eda050841,Is machine learning system underneath similar to image caption ML systems?,No,0.0,0.0,0.0,yes_no,1,1,61,40.81
original,1910.11949,4b41f399b193d259fd6e24f3c6e95dc5cae926dd,How big dataset is used for training this system?,Unanswerable,0.0,0.0,0.0,abstractive,1,1,61,40.81
original,1902.09087,76377e5bb7d0a374b0aefc54697ac9cd89d2eba8,How do they obtain word lattices from words?,All of its possible substrings that can be considered as words are treated as vertexes.,0.1379,0.1379,0.0526,abstractive,1,2,100,84.35
original,1902.09087,85aa125b3a15bbb6f99f91656ca2763e8fbdb0ff,Which metrics do they use to evaluate matching?,"For DBQA, P@1 (Precision@1), MAP (Mean Average Precision) and MRR (Mean Reciprocal Rank) are adopted. For KBRE, only P@1 and MRR are used.",0.4667,0.4667,0.1071,extractive,1,2,100,84.35
original,1902.09087,4b128f9e94d242a8e926bdcb240ece279d725729,Which dataset(s) do they evaluate on?,DBQA and KBQA,0.4,0.4,0.2887,extractive,1,2,100,84.35
original,2003.04748,f8f13576115992b0abb897ced185a4f9d35c5de9,What languages do they look at?,Unanswerable,1.0,1.0,1.0,unanswerable,1,2,214,196.04
original,1907.01413,1fdcc650c65c11908f6bde67d5052087245f3dde,Do they report results only on English data?,Unanswerable,1.0,1.0,1.0,unanswerable,1,1,53,34.62
original,1907.01413,abad9beb7295d809d7e5e1407cbf673c9ffffd19,Do they propose any further additions that could be made to improve generalisation to unseen speakers?,Yes,1.0,1.0,1.0,yes_no,1,1,53,34.62
original,1907.01413,265c9b733e4dfffb76acfbade4c0c9b14d3ccde1,What are the characteristics of the dataset?,"The dataset contains synchronized acoustic and ultrasound data from 58 typically developing children, aged 5-12 years old (31 female, 27 male).",0.5455,0.5455,0.243,extractive,1,1,53,34.62
original,1907.01413,0f928732f226185c76ad5960402e9342c0619310,What type of models are used for classification?,Two types of models are used for classification: feedforward neural networks (DNNs) and convolutional neural networks (CNNs).,0.64,0.64,0.2863,extractive,1,1,53,34.62
original,1907.01413,11c5b12e675cfd8d1113724f019d8476275bd700,Do they compare to previous work?,Yes,0.0,0.0,0.0,yes_no,1,1,53,34.62
original,1907.01413,d24acc567ebaec1efee52826b7eaadddc0a89e8b,How many instances does their dataset have?,Unanswerable,0.0,0.0,0.0,extractive,1,1,53,34.62
original,1907.01413,2d62a75af409835e4c123a615b06235a352a67fe,What model do they use to classify phonetic segments? ,Unanswerable,0.0,0.0,0.0,extractive,1,1,53,34.62
original,1907.01413,fffbd6cafef96eeeee2f9fa5d8ab2b325ec528e6,How many speakers do they have in the dataset?,58,1.0,1.0,1.0,extractive,1,1,53,34.62
original,1908.07816,c034f38a570d40360c3551a6469486044585c63c,How better is proposed method than baselines perpexity wise?,Unanswerable,0.0,0.0,0.0,abstractive,1,1,77,45.29
original,1908.07816,9cbea686732b5b85f77868ca47d2f93cf34516ed,How does the multi-turn dialog system learns?,The multi-turn dialog system learns through an end-to-end data-driven approach that models utterances with extra affect vectors and develops an emotional encoding mechanism to learn emotion exchanges ,0.2192,0.137,0.0282,extractive,1,1,77,45.29
original,1908.07816,6aee16c4f319a190c2a451c1c099b66162299a28,How is human evaluation performed?,Human evaluation is performed by recruiting four English-speaking students from the authors' university who are not associated with the authors' lab. These students were instructed to evaluate the qua,0.1277,0.1277,0.0255,extractive,1,1,77,45.29
original,1908.07816,4d4b9ff2da51b9e0255e5fab0b41dfe49a0d9012,Is some other metrics other then perplexity measured?,Yes,0.0,0.0,0.0,yes_no,1,1,77,45.29
original,1908.07816,180047e1ccfc7c98f093b8d1e1d0479a4cca99cc,What two baseline models are used?,vanilla sequence-to-sequence model (S2S) and historical response-aware neural network (HRAN),0.5,0.5,0.1187,extractive,1,1,77,45.29
original,1703.03097,fb3687ea05d38b5e65fdbbbd1572eacd82f56c0b,Do they evaluate on relation extraction?,No,1.0,1.0,1.0,yes_no,1,2,126,97.79
original,1808.09409,b5d6357d3a9e3d5fdf9b344ae96cddd11a407875,What is the baseline model for the agreement-based mode?,Unanswerable,0.0,0.0,0.0,extractive,1,1,77,45.52
original,1808.09409,f33a21c6a9c75f0479ffdbb006c40e0739134716,Do the authors suggest why syntactic parsing is so important for semantic role labelling for interlanguages?,"The authors suggest that syntactic parsing is important because it helps build more generalizable SRL models that transfer better to new languages, and enhancing syntactic parsing can improve SRL to s",0.2,0.16,0.0624,extractive,1,1,77,45.52
original,1808.09409,8a1d4ed00d31c1f1cb05bc9d5e4f05fe87b0e5a4,Who manually annotated the semantic roles for the set of learner texts?,Two senior students majoring in Applied Linguistics,0.0,0.0,0.0,abstractive,1,1,77,45.52
original,1808.00265,17f5f4a5d943c91d46552fb75940b67a72144697,By how much do they outperform existing state-of-the-art VQA models?,36.4% and 7.7%,0.2609,0.2609,0.0022,extractive,1,1,74,49.63
original,1808.00265,83f22814aaed9b5f882168e22a3eac8f5fda3882,How do they measure the correlation between manual groundings and model generated ones?,They measure the correlation between manual groundings and model-generated ones using KL-divergence after treating the attention coefficients as probability distributions.,0.0,0.0,0.0,extractive,1,1,74,49.63
original,1808.00265,ed11b4ff7ca72dd80a792a6028e16ba20fccff66,How do they obtain region descriptions and object annotations?,"They obtain region descriptions and object annotations from the Visual Genome dataset, which provides bounding box coordinates and sentence/phrase descriptions for each region and object in the images",0.303,0.2424,0.0611,abstractive,1,1,74,49.63
original,1810.09774,a48c6d968707bd79469527493a72bfb4ef217007,Which training dataset allowed for the best generalization to benchmark sets?,Unanswerable,0.0,0.0,0.0,abstractive,1,1,61,44.96
original,1810.09774,b69897deb5fb80bf2adb44f9cbf6280d747271b3,Which model generalized the best?,BERT,1.0,1.0,1.0,extractive,1,1,61,44.96
original,1810.09774,ad1f230f10235413d1fe501e414358245b415476,Which models were compared?,"BERT, ESIM + ELMo",0.5455,0.3636,0.119,abstractive,1,1,61,44.96
original,1810.09774,0a521541b9e2b5c6d64fb08eb318778eba8ac9f7,Which datasets were used?,"SNLI, MultiNLI, and SICK",1.0,1.0,1.0,extractive,1,1,61,44.96
original,1910.05608,11e376f98df42f487298ec747c32d485c845b5cd,What was the baseline?,"Without class weights, the model tended to predict only clean classes.",0.0,0.0,0.0,unanswerable,1,1,41,31.16
original,1910.05608,284ea817fd79bc10b7a82c88d353e8f8a9d7e93c,Is the data all in Vietnamese?,Unanswerable,0.0,0.0,0.0,yes_no,1,1,41,31.16
original,1910.05608,c0122190119027dc3eb51f0d4b4483d2dbedc696,What classifier do they use?,"The text mentions several classifiers or model architectures used, including TextCNN, VDCNN, a simple LSTM bidirectional model, an LSTMCNN model, and a novel SARNN model.",0.4667,0.2667,0.1308,extractive,1,1,41,31.16
original,1910.05608,1ed6acb88954f31b78d2821bb230b722374792ed,What is private dashboard?,"A private dashboard refers to a specific evaluation metric or setting where the performance of the hate speech detection system was evaluated, resulting in an F1 macro-score of 0.584 at the Sixth Inte",0.1754,0.1404,0.0316,abstractive,1,1,41,31.16
original,1910.05608,5a33ec23b4341584a8079db459d89a4e23420494,What is public dashboard?,Unanswerable,0.0,0.0,0.0,abstractive,1,1,41,31.16
original,1910.05608,1b9119813ea637974d21862a8ace83bc1acbab8e,What dataset do they use?,social comment dataset,0.0714,0.0714,0.0002,abstractive,1,1,41,31.16
original,1906.07668,8abb96b2450ebccfcc5c98772cec3d86cd0f53e0,Do the authors report results only on English data?,Unanswerable,0.0,0.0,0.0,yes_no,1,1,63,41.02
original,1906.07668,f52ec4d68de91dba66668f0affc198706949ff90,What other interesting correlations are observed?,"Based on the context provided, the other interesting correlation observed is ""Women-Yoga"".",0.1818,0.1818,0.1,extractive,1,1,63,41.02
original,1605.04655,225a567eeb2698a9d3f1024a8b270313a6d15f82,what were the baselines?,"The baselines mentioned were:
1. Avg mean of word embeddings in the sentence with projection matrix
2. DAN (Deep Averaging Network) model that employs word-level dropout and adds multiple nonlinear tr",0.5,0.3571,0.3315,extractive,1,1,71,40.99
original,1605.04655,35b10e0dc2cb4a1a31d5692032dc3fbda933bf7d,what is the state of the art for ranking mc test answers?,"The state-of-art for ranking MC test answers, according to the context, is improved by the neural model proposed in the paper. Specifically, ""we improve the neural model state-of-art"" when applying it",0.0488,0.0488,0.0189,extractive,1,1,71,40.99
original,1605.04655,f5eac66c08ebec507c582a2445e99317a83e9ebe,what is the size of the introduced dataset?,855,0.0,0.0,0.0,unanswerable,1,1,71,40.99
original,1605.04655,62613aca3d7c7d534c9f6d8cb91ff55626bb8695,what datasets did they use?,The MCTest dataset and the AI2-8grade/CK12 dataset.,0.7273,0.5455,0.2942,extractive,1,1,71,40.99
original,1911.09483,6e4505609a280acc45b0a821755afb1b3b518ffd,What evaluation metric is used?,BLEU,0.6667,0.6667,0.3679,extractive,1,1,66,36.65
original,1911.09483,9bd938859a8b063903314a79f09409af8801c973,What datasets are used?,"The datasets used are WMT14 En-Fr, WMT14 En-De, IWSLT De-En, and IWSLT En-Vi.",0.7273,0.6364,0.1783,extractive,1,1,66,36.65
original,1911.09483,68ba5bf18f351e8c83fae7b444cc50bef7437f13,What are three main machine translation tasks?,"WMT14 En-Fr, WMT14 En-De, IWSLT De-En",0.3333,0.1667,0.1623,extractive,1,1,66,36.65
original,1911.09483,f6a1125c5621a2f32c9bcdd188dff14efa096083,How big is improvement in performance over Transformers?,Unanswerable,0.0,0.0,0.0,extractive,1,1,66,36.65
original,1805.00760,282aa4e160abfa7569de7d99b8d45cabee486ba4,How do they determine the opinion summary?,"They determine the opinion summary via a bi-linear term to calculate the association score between the input and each opinion representation, and then obtain the improved opinion summary at each time ",0.2642,0.1887,0.048,extractive,1,1,71,45.41
original,1805.00760,ecfb2e75eb9a8eba8f640a039484874fa0d2fceb,Do they explore how useful is the detection history and opinion summary?,Yes,1.0,1.0,1.0,yes_no,1,1,71,45.41
original,1805.00760,a6950c22c7919f86b16384facc97f2cf66e5941d,Which dataset(s) do they use to train the model?,Unanswerable,0.0,0.0,0.0,extractive,1,1,71,45.41
original,1805.00760,54be3541cfff6574dba067f1e581444537a417db,By how much do they outperform state-of-the-art methods?,"Absolute gains of 0%, 16%, 14%, and 13% respectively.",0.5,0.3125,0.0403,extractive,1,1,71,45.41
original,1909.05358,221e9189a9d2431902d8ea833f486a38a76cbd8e,What is the average number of turns per dialog?,23,0.2,0.2,0.0003,extractive,1,1,65,36.64
original,1909.05358,a276d5931b989e0a33f2a0bc581456cca25658d9,What baseline models are offered?,"Various baseline models are offered, including state-of-the-art neural seq2seq architectures like Transformers, LSTMs, and GPT-2 for response generation tasks. For argument prediction, seq2seq Transfo",0.2174,0.1304,0.0324,extractive,1,1,65,36.64
original,1909.05358,c21d26130b521c9596a1edd7b9ef3fe80a499f1e,Which six domains are covered in the dataset?,"ordering pizza, creating auto repair appointments, setting up ride service, ordering movie tickets, ordering coffee drinks, and making restaurant reservations",1.0,1.0,1.0,extractive,1,1,65,36.64
original,2003.06279,ec8043290356fcb871c2f5d752a9fe93a94c2f71,What other natural processing tasks authors think could be studied by using word embeddings?,Unanswerable,0.0,0.0,0.0,extractive,1,2,95,67.28
original,2003.06279,728c2fb445173fe117154a2a5482079caa42fe24,What is the reason that traditional co-occurrence networks fail in establishing links between similar words whenever the,"The reason that traditional co-occurrence networks fail in establishing links between similar words whenever they appear distant in the text is because they only connect adjacent words, which can over",0.1091,0.0727,0.0221,extractive,1,2,95,67.28
original,2003.06279,23d32666dfc29ed124f3aa4109e2527efa225fbc,Do the use word embeddings alone or they replace some previous features of the model with word embeddings?,"They replace some previous features of the model with word embeddings. Specifically, the use of word embeddings is introduced as a method to create virtual links in co-occurrence networks, which addre",0.3571,0.2143,0.0354,abstractive,1,2,95,67.28
original,2003.06279,076928bebde4dffcb404be216846d9d680310622,On what model architectures are previous co-occurence networks based?,word co-occurrence network,0.2,0.1333,0.0002,extractive,1,2,95,67.28
original,2004.03744,f33236ebd6f5a9ccb9b9dbf05ac17c3724f93f91,"Is model explanation output evaluated, what metric was used?","Relevance, specifically 20% of explanations were found to be relevant through manual evaluation using a marking scale between 0 and 1.",0.0667,0.0667,0.0322,extractive,1,2,93,67.42
original,2004.03744,66bf0d61ffc321f15e7347aaed191223f4ce4b4a,How many annotators are used to write natural language explanations to SNLI-VE-2.0?,"2,060",0.6667,0.6667,0.3679,extractive,1,2,93,67.42
original,2004.03744,5dfa59c116e0ceb428efd99bab19731aa3df4bbd,How many natural language explanations are human-written?,One explanation for each instance in the training set of SNLI and three explanations for each instance in the validation and testing sets.,0.129,0.129,0.0432,abstractive,1,2,93,67.42
original,2004.03744,0c557b408183630d1c6c325b5fb9ff1573661290,How much is performance difference of existing model between original and corrected corpus?,18%,0.0,0.0,0.0,extractive,1,2,93,67.42
original,2004.03744,a08b5018943d4428f067c08077bfff1af3de9703,What is the class with highest error rate in SNLI-VE?,neutral,0.6667,0.6667,0.3679,extractive,1,2,93,67.42
original,2001.09332,9447ec36e397853c04dcb8f67492ca9f944dbd4b,What is the dataset used as input to the Word2Vec algorithm?,"The dataset used as input to the Word2Vec algorithm consisted of information from the Italian Wikipedia dump (April 1, 2019), main categories of Italian Google News, and anonymized user-chatbot intera",0.3077,0.2051,0.0517,abstractive,1,1,48,31.57
original,2001.09332,12c6ca435f4fcd4ad5ea5c0d76d6ebb9d0be9177,Are the word embeddings tested on a NLP task?,Unanswerable,0.0,0.0,0.0,yes_no,1,1,48,31.57
original,2001.09332,32c149574edf07b1a96d7f6bc49b95081de1abd2,Are the word embeddings evaluated?,No,0.0,0.0,0.0,yes_no,1,1,48,31.57
original,2001.09332,3de27c81af3030eb2d9de1df5ec9bfacdef281a9,How big is dataset used to train Word2Vec for the Italian Language?,6 GB,0.0,0.0,0.0,extractive,1,1,48,31.57
original,2001.09332,cc680cb8f45aeece10823a3f8778cf215ccc8af0,How does different parameter settings impact the performance and semantic capacity of resulting model?,"Changing the number of epochs, the size of the context window, and the number of negatively backpropagated samples impacts the performance and semantic capacity of the resulting model. Specifically, t",0.2105,0.1754,0.0513,extractive,1,1,48,31.57
original,2001.09332,fab4ec639a0ea1e07c547cdef1837c774ee1adb8,Are the semantic analysis findings for Italian language similar to English language version?,Unanswerable,1.0,1.0,1.0,unanswerable,1,1,48,31.57
original,2001.09332,9190c56006ba84bf41246a32a3981d38adaf422c,What dataset is used for training Word2Vec in Italian language?,"The dataset for training Word2Vec embeddings consisted of information from the Italian Wikipedia dump (dated April 1, 2019), main categories of Italian Google News (WORLD, NATION, BUSINESS, TECHNOLOGY",0.5484,0.4839,0.3144,extractive,1,1,48,31.57
original,1804.06506,7aab78e90ba1336950a2b0534cc0cb214b96b4fd,How are the auxiliary signals from the morphology table incorporated in the decoder?,The decoder searches the morphology table each time it samples from the target vocabulary to find the most relevant affixes based on its current state. These affixes serve as guiding signals to improv,0.2174,0.1304,0.0359,extractive,1,2,109,89.28
original,1804.06506,b7fe91e71da8f4dc11e799b3bd408d253230e8c6,"What type of morphological information is contained in the ""morphology table""?","The morphology table contains morphological information of the target language, specifically including affixes.",0.1538,0.1538,0.0674,extractive,1,2,109,89.28
original,1904.07342,16fa6896cf4597154363a6c9a98deb49fffef15f,Do they report results only on English data?,Unanswerable,0.0,0.0,0.0,yes_no,1,1,38,35.49
original,1904.07342,0f60864503ecfd5b048258e21d548ab5e5e81772,Do the authors mention any confounds to their study?,Yes,0.0,0.0,0.0,yes_no,1,1,38,35.49
original,1904.07342,fe578842021ccfc295209a28cf2275ca18f8d155,Which machine learning models are used?,"Various machine learning models are used, including neural networks (e.g., RNNs, CNNs) and standard machine learning tools (e.g., Naive Bayes with Laplace Smoothing, k-clustering, SVM with linear kern",0.5854,0.5854,0.3295,extractive,1,1,38,35.49
original,1904.07342,00ef9cc1d1d60f875969094bb246be529373cb1d,What methodology is used to compensate for limited labelled data?,A novel method to label binary sentiments of large numbers of tweets for training purposes is used to compensate for limited labelled data.,0.28,0.16,0.0669,abstractive,1,1,38,35.49
original,1904.07342,279b633b90fa2fd69e84726090fadb42ebdf4c02,Which five natural disasters were examined?,"The five natural disasters examined were the East Coast Bomb Cyclone, the Mendocino wildfires, Hurricane Florence, Hurricane Michael, and the California Camp Fires.",0.7879,0.7879,0.4448,extractive,1,1,38,35.49
original,2001.06888,0106bd9d54e2f343cc5f30bb09a5dbdd171e964b,Which social media platform is explored?,Twitter,1.0,1.0,1.0,extractive,1,1,70,49.13
original,2001.06888,e015d033d4ee1c83fe6f192d3310fb820354a553,What datasets did they use?,"They used a refined collection of tweets gathered from Twitter, which contained 8,257 tweets labeled for the named entity recognition task. Additionally, the dataset included statistics for training, ",0.3415,0.3415,0.171,extractive,1,1,70,49.13
original,2001.06888,8a871b136ccef78391922377f89491c923a77730,What are the baseline state of the art models?,Unanswerable,0.0,0.0,0.0,abstractive,1,1,70,49.13
original,1911.00547,acd05f31e25856b9986daa1651843b8dc92c2d99,What is the size of the dataset?,7201,0.0,0.0,0.0,extractive,1,2,102,80.14
original,1911.00547,8c78b21ec966a5e8405e8b9d3d6e7099e95ea5fb,What model did they use?,"They used CNN Based Joint Learning Models, J-SACNN, J-SABiLSTM, CNN, BiLSTM, and BiLSTM with the attention layer.",0.3636,0.3636,0.0719,extractive,1,2,102,80.14
original,1911.00547,af60462881b2d723adeb4acb5fbc07ea27b6bde2,What patterns were discovered from the stories?,"The study uncovered significant patterns from the categorized sexual harassment stories, indicating that both situational and individual factors contribute to such incidents.",0.0859,0.0736,0.0001,extractive,1,2,102,80.14
original,1911.00547,879bec20c0fdfda952444018e9435f91e34d8788,Did they use a crowdsourcing platform?,Unanswerable,1.0,1.0,1.0,unanswerable,1,2,102,80.14
original,1604.00117,3c378074111a6cc7319c0db0aced5752c30bfffb,Does the performance increase using their method?,Yes,0.0,0.0,0.0,extractive,1,1,55,32.04
original,1604.00117,b464bc48f176a5945e54051e3ffaea9a6ad886d7,What tasks are they experimenting with in this paper?,slot-filling tasks for various apps,0.0588,0.0588,0.0015,extractive,1,1,55,32.04
original,1604.00117,3b40799f25dbd98bba5b526e0a1d0d0bb51173e0,What is the size of the open vocabulary?,Unanswerable,1.0,1.0,1.0,unanswerable,1,1,55,32.04
original,1908.06725,3c16d4cf5dc23223980d9c0f924cb9e4e6943f13,How do they select answer candidates for their QA task?,"They select answer candidates by ensuring that all candidate answers share the same (concept $_1$, relation) or (relation, concept $_2$), meaning these candidates have close meanings.",0.0,0.0,0.0,extractive,1,2,93,71.49
original,1604.05781,4c822bbb06141433d04bbc472f08c48bc8378865,How do they extract causality from text?,"They extract causality from text using a combination of statistical and language analysis tools, topic modeling with Latent Dirichlet Allocation (LDA), and constructing ""cause-trees"". Specifically, th",0.0455,0.0455,0.0183,abstractive,1,2,90,71.47
original,1604.05781,1baf87437b70cc0375b8b7dc2cfc2830279bc8b5,"What is the source of the ""control"" corpus?","The control corpus was derived from the same dataset of approximately 1 million English-language tweets from 2013, collected via a 10% sample of the Twitter API, but it was not filtered or selected ba",0.186,0.1395,0.0267,abstractive,1,2,90,71.47
original,1604.05781,0b31eb5bb111770a3aaf8a3931d8613e578e07a8,"What are the selection criteria for ""causal statements""?","The selection criteria for ""causal statements"" in this study are that they are ""with high certainty causal statements.""",0.0,0.0,0.0,abstractive,1,2,90,71.47
original,1604.05781,7348e781b2c3755b33df33f4f0cab4b94fcbeb9b,"Do they use expert annotations, crowdsourcing, or only automatic methods to analyze the corpora?","They use crowdsourcing and automatic methods to analyze the corpora. Specifically, individual unigrams were given crowdsourced numeric sentiment scores, and a trained classifier was used to estimate t",0.125,0.125,0.0357,abstractive,1,2,90,71.47
original,1604.05781,f68bd65b5251f86e1ed89f0c858a8bb2a02b233a,how do they collect the comparable corpus?,Unanswerable,0.0,0.0,0.0,abstractive,1,2,90,71.47
original,1604.05781,e111925a82bad50f8e83da274988b9bea8b90005,How do they collect the control corpus?,Unanswerable,0.0,0.0,0.0,abstractive,1,2,90,71.47
original,1607.06275,ba48c095c496d01c7717eaa271470c3406bf2d7c,What languages do they experiment with?,Chinese,1.0,1.0,1.0,extractive,1,1,69,49.76
original,1607.06275,42a61773aa494f7b12838f71a949034c12084de1,What are the baselines?,MemN2N and BIBREF9,0.4,0.4,0.1151,extractive,1,1,69,49.76
original,1607.06275,48c3e61b2ed7b3f97706e2a522172bf9b51ec467,What was the inter-annotator agreement?,At least two annotators,0.4706,0.4706,0.1054,extractive,1,1,69,49.76
original,1607.06275,61fba3ab10f7b6906e27b028fb1d42ec601c3fb8,Did they use a crowdsourcing platform?,Unanswerable,1.0,1.0,1.0,unanswerable,1,1,69,49.76
original,1603.04553,80de3baf97a55ea33e0fe0cafa6f6221ba347d0a,Are resolution mode variables hand crafted?,No,1.0,1.0,1.0,yes_no,1,1,68,45.35
original,1603.04553,f5707610dc8ae2a3dc23aec63d4afa4b40b7ec1e,What are resolution model variables?,"resolution mode variables $\Pi = \lbrace \pi _1, \ldots , \pi _n\rbrace $",0.1667,0.0833,0.0563,abstractive,1,1,68,45.35
original,1603.04553,e76139c63da0f861c097466983fbe0c94d1d9810,Is the model presented in the paper state of the art?,Yes,0.0,0.0,0.0,abstractive,1,1,68,45.35
original,1709.10217,b8b588ca1e876b3094ae561a875dd949c8965b2e,What problems are found with the evaluation scheme?,Unanswerable,0.0,0.0,0.0,extractive,1,1,36,31.11
original,1709.10217,2ec640e6b4f1ebc158d13ee6589778b4c08a04c8,How is the data annotated?,Unanswerable,1.0,1.0,1.0,unanswerable,1,1,36,31.11
original,1709.10217,ab0bb4d0a9796416d3d7ceba0ba9ab50c964e9d6,What collection steps do they mention?,They mention allowing participants to extend the training and developing corpus by collecting external data for training and developing.,0.0,0.0,0.0,unanswerable,1,1,36,31.11
original,1709.10217,0460019eb2186aef835f7852fc445b037bd43bb7,How many intents were classified?,31,0.0,0.0,0.0,extractive,1,1,36,31.11
original,1709.10217,96c09ece36a992762860cde4c110f1653c110d96,What was the result of the highest performing system?,Unanswerable,0.0,0.0,0.0,abstractive,1,1,36,31.11
original,1709.10217,a9cc4b17063711c8606b8fc1c5eaf057b317a0c9,What metrics are used in the evaluation?,"Five evaluation metrics are used for task 2, which are task completion ratio, user satisfaction degree, response fluency, number of dialogue turns, and guidance ability for out-of-scope inputs.",0.6415,0.6415,0.4679,extractive,1,1,36,31.11
original,1901.02262,6ead576ee5813164684a8cdda36e6a8c180455d9,How do they measure the quality of summaries?,"They measure the quality of summaries using the Rouge-L metric, specifically achieving state-of-the-art performance on the Q&A and NLG tasks of MS MARCO.",0.0909,0.0909,0.0363,extractive,1,2,99,76.25
original,1901.02262,0117aa1266a37b0d2ef429f1b0653b9dde3677fe,Does their model also take the expected answer style as input?,Yes,1.0,1.0,1.0,yes_no,1,2,99,76.25
original,1901.02262,5455b3cdcf426f4d5fc40bc11644a432fa7a5c8f,What do they mean by answer styles?,"Answer styles refer to different formats or characteristics of the generated answers, such as concise phrases that do not contain the context of the question and well-formed sentences that make sense ",0.2105,0.1053,0.0318,abstractive,1,2,99,76.25
original,1901.02262,6c80bc3ed6df228c8ca6e02c0a8a1c2889498688,"Is there exactly one ""answer style"" per dataset?",No,0.0,0.0,0.0,yes_no,1,2,99,76.25
original,1901.02262,2d274c93901c193cf7ad227ab28b1436c5f410af,What are the baselines that Masque is compared against?,Unanswerable,0.0,0.0,0.0,abstractive,1,2,99,76.25
original,1901.02262,e63bde5c7b154fbe990c3185e2626d13a1bad171,What is the performance achieved on NarrativeQA?,"The performance achieved on NarrativeQA is not explicitly stated in the provided context. The context mentions that the model achieves state-of-the-art performance on the summary task of NarrativeQA, ",0.0,0.0,0.0,abstractive,1,2,99,76.25
original,1901.02262,cb8a6f5c29715619a137e21b54b29e9dd48dad7d,"What is an ""answer style""?","An ""answer style"" refers to the format or characteristics of the response generated by the Masque model, such as concise phrases or well-formed sentences that may or may not include the context of the",0.1765,0.1176,0.0339,abstractive,1,2,99,76.25
original,1908.04917,8a7bd9579d2783bfa81e055a7a6ebc3935da9d20,What was the previous state of the art model for this task?,The CSSMCM outperforms existing state-of-the-art models when trained on the Chinese Mandarin Lip Reading (CMLR) dataset.,0.0,0.0,0.0,extractive,1,1,59,44.86
original,1908.04917,27b01883ed947b457d3bab0c66de26c0736e4f90,What syntactic structure is used to model tones?,syntactic structure,0.0,0.0,0.0,extractive,1,1,59,44.86
original,1908.04917,9714cb7203c18a0c53805f6c889f2e20b4cab5dd,What visual information characterizes tones?,"The context mentions that there might be a relationship between the production of lexical tones and the visible movements of the neck, head, and mouth. Therefore, the visual information that character",0.0435,0.0435,0.0189,extractive,1,1,59,44.86
original,1906.03338,a22b900fcd76c3d36b5679691982dc6e9a3d34bf,Do they report results only on English data?,Unanswerable,1.0,1.0,1.0,unanswerable,1,1,67,40.86
original,1906.03338,fb2593de1f5cc632724e39d92e4dd82477f06ea1,How do they demonstrate the robustness of their results?,"They demonstrate the robustness of their results by showing that when contexts of the test instances are randomly flipped or suppressed entirely, content-based models outperform other models significa",0.0889,0.0889,0.0199,extractive,1,1,67,40.86
original,1906.03338,476d0b5579deb9199423bb843e584e606d606bc7,What baseline and classification systems are used in experiments?,The strong most-frequent-class baseline and the content-based (INLINEFORM1) system are used in experiments.,0.1429,0.1429,0.0632,extractive,1,1,67,40.86
original,1906.03338,eddabb24bc6de6451bcdaa7940f708e925010912,How are the EAU text spans annotated?,"Only the EAUs were annotated (e.g., ""However, INLINEFORM0 A INLINEFORM1"").",0.0606,0.0606,0.0111,abstractive,1,1,67,40.86
original,1906.03338,f0946fb9df9839977f4d16c43476e4c2724ff772,How are elementary argumentative units defined?,Unanswerable,1.0,1.0,1.0,unanswerable,1,1,67,40.86
original,1602.08741,e51d0c2c336f255e342b5f6c3cf2a13231789fed,Which Twitter corpus was used to train the word vectors?,Russian Twitter stream,0.1333,0.1333,0.0173,abstractive,1,1,57,36.26
original,1911.12579,5b6aec1b88c9832075cd343f59158078a91f3597,How does proposed word embeddings compare to Sindhi fastText word representations?,"The proposed word embeddings have better performance than the recently revealed Sindhi fastText (SdfastText) word representations in several evaluations, including nearest neighbors, word pair relatio",0.2308,0.1923,0.0452,abstractive,1,2,153,142.13
original,1911.12579,a6717e334c53ebbb87e5ef878a77ef46866e3aed,Are trained word embeddings used for any other NLP task?,Yes,0.0,0.0,0.0,yes_no,1,2,153,142.13
original,1911.12579,a1064307a19cd7add32163a70b6623278a557946,How many uniue words are in the dataset?,"908,456",0.2222,0.2222,0.0009,abstractive,1,2,153,142.13
original,1911.12579,8cb9006bcbd2f390aadc6b70d54ee98c674e45cc,"How is the data collected, which web resources were used?","The data was collected from multiple web resources including:
- News columns of daily Kawish and Awami Awaz Sindhi newspapers
- Wikipedia dumps
- Short stories and sports news from Wichaar social blog",0.5814,0.5116,0.3732,extractive,1,2,153,142.13
original,1908.10275,75043c17a2cddfce6578c3c0e18d4b7cf2f18933,What trends are found in musical preferences?,"Trends in musical preferences are reflected in changes in harmonic and timbral properties around 1964, 1983, and 1991. Additionally, genre preferences can be decomposed into five factors according to ",0.0769,0.0769,0.0248,extractive,1,2,91,67.58
original,1908.10275,95bb3ea4ebc3f2174846e8d422abc076e1407d6a,Which decades did they look at?,1900 to 2010,0.0,0.0,0.0,extractive,1,2,91,67.58
original,1908.10275,3ebdc15480250f130cf8f5ab82b0595e4d870e2f,How many genres did they collect from?,77,0.6667,0.6667,0.3679,extractive,1,2,91,67.58
original,2004.02929,bbc58b193c08ccb2a1e8235a36273785a3b375fb,Does the paper mention other works proposing methods to detect anglicisms in Spanish?,Yes,1.0,1.0,1.0,yes_no,1,1,66,36.53
original,2004.02929,3c34187a248d179856b766e9534075da1aa5d1cf,What is the performance of the CRF model on the task described?,"The performance of the CRF model on the task is shown through F1 scores. On the development set, the F1 score is 89.60, while on the test set, it is 87.82. When",0.4444,0.3556,0.0676,extractive,1,1,66,36.53
original,2004.02929,8bfbf78ea7fae0c0b8a510c9a8a49225bbdb5383,Does the paper motivate the use of CRF as the baseline model?,Yes,0.0,0.0,0.0,extractive,1,1,66,36.53
original,2004.02929,97757a69d9fc28b260e68284fd300726fbe358d0,What are the handcrafted features used?,"The handcrafted features used are: Bias feature, Token feature, Uppercase feature, Titlecase feature, Character trigram feature, Quotation feature, Word suffix feature, POS tag, and Word shape.",0.625,0.625,0.2503,extractive,1,1,66,36.53
original,1908.06809,41830ebb8369a24d490e504b7cdeeeaa9b09fd9c,What is state of the art method?,Unanswerable,1.0,1.0,1.0,unanswerable,1,1,70,43.65
original,1908.06809,4904ef32a8f84cf2f53b1532ccf7aa77273b3d19,By how much do proposed architectures autperform state-of-the-art?,Unanswerable,1.0,1.0,1.0,unanswerable,1,1,70,43.65
original,1908.06809,45b28a6ce2b0f1a8b703a3529fd1501f465f3fdf,What are three new proposed architectures?,Unanswerable,0.0,0.0,0.0,extractive,1,1,70,43.65
original,1908.06809,d6a27c41c81f12028529e97e255789ec2ba39eaa,How much does the standard metrics for style accuracy vary on different re-runs?,up to 5 percentage points for accuracy and up to 8 points for BLEU,0.7333,0.6,0.4059,extractive,1,1,70,43.65
original,1707.00110,2d3bf170c1647c5a95abae50ee3ef3b404230ce4,Which baseline methods are used?,The standard parametrized attention mechanism is used as the baseline method.,0.5333,0.5333,0.1907,abstractive,1,1,60,32.11
original,1707.00110,6e8c587b6562fafb43a7823637b84cd01487059a,How much is the BLEU score?,Unanswerable,0.0,0.0,0.0,abstractive,1,1,60,32.11
original,1707.00110,ab9453fa2b927c97b60b06aeda944ac5c1bfef1e,Which datasets are used in experiments?,"The datasets used in experiments are:
- 4 training datasets of 100,000 examples each
- A validation dataset of 1,000 examples
- Newstest2015 as a validation set",0.0,0.0,0.0,abstractive,1,1,60,32.11
original,1909.01013,3a8d65eb8e1dbb995981a0e02d86ebf3feab107a,What regularizers were used to encourage consistency in back translation cycles?,Cycle consistency loss,0.2857,0.2857,0.0067,extractive,1,1,39,18.42
original,1909.01013,d0c79f4a5d5c45fe673d9fcb3cd0b7dd65df7636,What are new best results on standard benchmark?,The proposed method obtained the best-published results on a standard benchmark.,0.129,0.129,0.0169,abstractive,1,1,39,18.42
original,1909.01013,54c7fc08598b8b91a8c0399f6ab018c45e259f79,How better is performance compared to competitive baselines?,"The dual learning model outperforms the competitive baselines, including the Adv-C method, on both MUSE and Vecmap datasets for all language pairs except ES-EN. It also achieves competitive or superio",0.1039,0.1039,0.0206,abstractive,1,1,39,18.42
original,1909.01013,5112bbf13c7cf644bf401daecb5e3265889a4bfc,How big is data used in experiments?,Unanswerable,1.0,1.0,1.0,unanswerable,1,1,39,18.42
original,1909.01013,03ce42ff53aa3f1775bc57e50012f6eb1998c480,What 6 language pairs is experimented on?,"EN-IT, EN-DE, EN-FI, EN-ES, IT-EN, DE-EN",0.6667,0.3333,0.193,abstractive,1,1,39,18.42
original,1909.01013,ebeedbb8eecdf118d543fdb5224ae610eef212c8,What are current state-of-the-art methods that consider the two tasks independently?,Unanswerable,0.0,0.0,0.0,extractive,1,1,39,18.42
original,1901.02534,9efd025cfa69c6ff2777528bd158f79ead9353d1,How big is their training set?,Unanswerable,1.0,1.0,1.0,unanswerable,1,1,37,26.9
original,1901.02534,559c1307610a15427caeb8aff4d2c01ae5c9de20,What baseline do they compare to?,FEVER One,0.0,0.0,0.0,extractive,1,1,37,26.9
original,1901.02534,4ecb6674bcb4162bf71aea8d8b82759255875df3,Which pre-trained transformer do they use?,OpenAI BIBREF5,0.6667,0.6667,0.5,extractive,1,1,37,26.9
original,1901.02534,eacc1eb65daad055df934e0e878f417b73b2ecc1,What is the FEVER task?,The FEVER task involves verifying claims using relevant Wikipedia articles.,0.1034,0.069,0.0012,extractive,1,1,37,26.9
original,2004.04435,d353a6bbdc66be9298494d0c853e0d8d752dec4b,How is correctness of automatic derivation proved?,Unanswerable,0.0,0.0,0.0,extractive,1,1,56,40.38
original,2004.04435,e2cfaa2ec89b944bbc46e5edf7753b3018dbdc8f,Is this AD implementation used in any deep learning framework?,Unanswerable,1.0,1.0,1.0,unanswerable,1,1,56,40.38
original,1910.10408,22c36082b00f677e054f0f0395ed685808965a02,Do they conduct any human evaluation?,Yes,1.0,1.0,1.0,yes_no,1,1,78,49.61
original,1910.10408,85a7dbf6c2e21bfb7a3a938381890ac0ec2a19e0,What dataset do they use for experiments?,They use two datasets for the experiments: one with large-scale proprietary data and another with only TED Talks data.,0.2264,0.1509,0.0261,extractive,1,1,78,49.61
original,1910.10408,90bc60320584ebba11af980ed92a309f0c1b5507,How do they enrich the positional embedding with length information,"They enrich the transformer's positional embedding with length information by adding positional vectors computed with the following trigonometric encoding ($\text{PE}$): for $i=1,\ldots ,d/2$",0.2632,0.1579,0.0646,abstractive,1,1,78,49.61
original,1910.10408,f52b2ca49d98a37a6949288ec5f281a3217e5ae8,How do they condition the output to a given target-source class?,"They condition the output to a given target-source length-ratio class by using a length token added to the source side of the input. This token represents whether the source sentence is short, normal,",0.2333,0.2,0.0334,abstractive,1,1,78,49.61
original,1910.10408,228425783a4830e576fb98696f76f4c7c0a1b906,Which languages do they focus on?,English and Italian (En-It) and English and German (En-De),0.4,0.4,0.1255,extractive,1,1,78,49.61
original,1910.10408,9d1135303212356f3420ed010dcbe58203cc7db4,What dataset do they use?,"They use a mix of public and proprietary data for about 16 million sentence pairs for English-Italian (En-It) and 4,4 million WMT14 sentence pairs for English-German (En-De).",0.8197,0.8197,0.6785,extractive,1,1,78,49.61
original,1910.10408,d8bf4a29c7af213a9a176eb1503ec97d01cc8f51,Do they experiment with combining both methods?,No,0.0,0.0,0.0,yes_no,1,1,78,49.61
original,1606.05286,73abb173a3cc973ab229511cf53b426865a2738b,What state-of-the-art models are compared against?,"Collective Matrix Factorization model, maximum entropy (MaxEnt) model, and deep neural network (DNN) architecture.",0.5625,0.3125,0.2752,extractive,1,2,94,67.24
original,2002.00876,1d9b953a324fe0cfbe8e59dcff7a44a2f93c568d,Does API provide ability to connect to models written in some other deep learning framework?,No,0.0,0.0,0.0,yes_no,1,1,55,36.18
original,2002.00876,093039f974805952636c19c12af3549aa422ec43,Is this library implemented into Torch or is framework agnostic?,Framework agnostic,0.25,0.25,0.0677,abstractive,1,1,55,36.18
original,2002.00876,8df89988adff57279db10992846728ec4f500eaa,What baselines are used in experiments?,Self-critical baseline,0.0,0.0,0.0,extractive,1,1,55,36.18
original,2002.00876,94edac71eea1e78add678fb5ed2d08526b51016b,What general-purpose optimizations are included?,Vectorized Parsing,0.4,0.4,0.0498,extractive,1,1,55,36.18
original,1906.10519,9c4ed8ca59ba6d240f031393b01f634a9dc3615d,what baseline do they compare to?,Blse,0.0,0.0,0.0,extractive,1,2,262,238.45
original,1905.13413,ca7e71131219252d1fab69865804b8f89a2c0a8f,How does this compare to traditional calibration methods like Platt Scaling?,Unanswerable,0.0,0.0,0.0,abstractive,1,1,46,27.28
original,1905.13413,d77c9ede2727c28e0b5a240b2521fd49a19442e0,What's the input representation of OpenIE tuples into the model?,"\[ \mathbf{x}_t = [\mathbf{W}_{\text{emb}}(w_t), \mathbf{W}_{\text{mask}}(w_t = v)] \]",0.0,0.0,0.0,abstractive,1,1,46,27.28
original,1909.07863,a9610cbcca813f4376fbfbf21cc14689c7fbd677,What statistics on the VIST dataset are reported?,"20,405 training, 2,349 validation and 2,768 testing data samples have at least one character present among their stories.",0.3636,0.303,0.0672,extractive,1,1,31,22.4
original,1906.07234,64ab2b92e986e0b5058bf4f1758e849f6a41168b,What is the performance difference in performance in unsupervised feature learning between adverserial training and FHVA,"The context states that ""Experimental results on ZeroSpeech 2017 show that both approaches are effective while the latter is more prominent,"" indicating that FHVAE-based disentangled speech representa",0.0,0.0,0.0,unanswerable,1,1,67,36.66
original,1806.04535,bcd6befa65cab3ffa6334c8ecedd065a4161028b,What are puns?,"Puns are a form of wordplay jokes in which one sign (e.g., a word or a phrase) suggests two or more meanings by exploiting polysemy, homonymy, or phonological similarity to another sign, for an intend",0.9231,0.9231,0.9056,extractive,1,1,58,40.5
original,1806.04535,479fc9e6d6d80e69f425d9e82e618e6b7cd12764,What are the categories of code-mixed puns?,The categories of code-mixed puns are intra-sentential and intra-word.,0.3636,0.3636,0.1438,extractive,1,1,58,40.5
original,2003.05995,bc26eee4ef1c8eff2ab8114a319901695d044edb,How is dialogue guided to avoid interactions that breach procedures and processes only known to experts?,"The dialogue is guided using predefined dialogue options available to the Wizard, which intuitively guide the conversation and allow the domain to be deeply explored without the need for expert traini",0.1509,0.1509,0.0393,extractive,1,2,89,75.5
original,2003.05995,9c94ff8c99d3e51c256f2db78c34b2361f26b9c2,"What is meant by semiguided dialogue, what part of dialogue is guided?",Unanswerable,0.0,0.0,0.0,extractive,1,2,89,75.5
original,2003.05995,8e9de181fa7d96df9686d0eb2a5c43841e6400fa,"Is CRWIZ already used for data collection, what are the results?",Yes,0.0299,0.0299,0.0,abstractive,1,2,89,75.5
original,2003.05995,ff1595a388769c6429423a75b6e1734ef88d3e46,How does framework made sure that dialogue will not breach procedures?,The framework ensures that dialogues will not breach procedures by using semi-guided dialogue and locking the dialogue state until an answer or authorization from the Operator is met for certain trans,0.1839,0.092,0.017,extractive,1,2,89,75.5
original,1710.07395,dd2046f5481f11b7639a230e8ca92904da75feed,How do they combine the models?,"They combine the models using two strategies: the Max Score Ensemble model, which makes the final decision based on the maximum of two scores assigned by the two separate models, and the Average Score",0.449,0.449,0.2201,extractive,1,1,52,36.16
original,1710.07395,47e6c3e6fcc9be8ca2437f41a4fef58ef4c02579,What is their baseline?,Unanswerable,0.0,0.0,0.0,extractive,1,1,52,36.16
original,1710.07395,569ad21441e99ae782d325d5f5e1ac19e08d5e76,What context do they use?,"They use context texts, such as related text, symbols, or other information related to the original text.",0.0,0.0,0.0,extractive,1,1,52,36.16
original,1710.07395,90741b227b25c42e0b81a08c279b94598a25119d,What is their definition of hate speech?,"The language which explicitly or implicitly threatens or demeans a person or a group based upon a facet of their identity such as gender, ethnicity, or sexual orientation",1.0,1.0,1.0,extractive,1,1,52,36.16
original,1710.07395,1d739bb8e5d887fdfd1f4b6e39c57695c042fa25,What architecture has the neural network?,"The neural network model consists of three parallel bi-directional LSTM layers with 100 hidden units each. The comment goes through a bi-directional LSTM with an attention mechanism, whereas the news ",0.2105,0.2105,0.0318,extractive,1,1,52,36.16
original,1904.02357,5c70fdd3d6b67031768d3e28336942e49bf9a500,How is human interaction consumed by the model?,Unanswerable,0.0,0.0,0.0,extractive,1,1,39,26.88
original,1904.02357,f27502c3ece9ade265389d5ace90ca9ca42b46f3,How do they evaluate generated stories?,"They evaluate generated stories by collecting two ratings per story from a separate group of Turkers for overall quality and specific improvement areas, on a five-point scale. Ratings that disagree by",0.3774,0.3396,0.0844,extractive,1,1,39,26.88
original,1904.02357,ffb7a12dfe069ab7263bb7dd366817a9d22b8ef2,Do they evaluate in other language appart from English?,Unanswerable,1.0,1.0,1.0,unanswerable,1,1,39,26.88
original,1904.02357,aa4b38f601cc87bf93849245d5f65124da3dc112,What are the baselines?,"The baselines include:
1. A sixth turn-taking baseline that mimics the interaction of previous work.
2. The Title-to-Story system, which generates directly from the topic.",0.1818,0.1818,0.0725,extractive,1,1,39,26.88
original,1907.02636,08b87a90139968095433f27fc88f571d939cd433,What is used a baseline?,The baseline is judged the input token as IOCs on the basis of the spelling features described in BIBREF12.,0.8125,0.8125,0.6929,extractive,1,1,79,45.23
original,1907.02636,ef872807cb0c9974d18bbb886a7836e793727c3d,What contextual features are used?,"The contextual features used include the frequency of a token in the whole corpus and the frequency of contextual keywords from the windowed portions of the texts centering on the token. Specifically,",0.2593,0.1852,0.0344,abstractive,1,1,79,45.23
original,1907.02636,4db3c2ca6ddc87209c31b20763b7a3c1c33387bc,Where are the cybersecurity articles used in the model sourced from?,"For the Chinese dataset, the cybersecurity articles are sourced from 35 cybersecurity blogs published from 2001 to 2018. For the English dataset, the articles are sourced from a collection of advanced",0.5778,0.3556,0.2703,extractive,1,1,79,45.23
original,1907.02636,63337fd803f6fdd060ebd0f53f9de79d451810cd,What type of hand-crafted features are used in state of the art IOC detection systems?,"The context states that state-of-the-art IOC detection systems rely heavily on ""hand-crafted features and require large-scale manually annotated corpora to train an IOC classifier."" It also specifies ",0.0,0.0,0.0,unanswerable,1,1,79,45.23
original,1605.08675,63496705fff20c55d4b3d8cdf4786f93e742dd3d,Do they compare DeepER against other approaches?,Yes,1.0,1.0,1.0,yes_no,1,2,169,112.37
original,1605.08675,7b44bee49b7cb39cb7d5eec79af5773178c27d4d,How is the data in RAFAEL labelled?,Unanswerable,0.0,0.0,0.0,abstractive,1,2,169,112.37
original,1605.08675,6d54bad91b6ccd1108d1ddbff1d217c6806e0842,How do they handle polysemous words in their entity library?,Unanswerable,0.0,0.0,0.0,extractive,1,2,169,112.37
original,1709.08858,238ec3c1e1093ce2f5122ee60209b969f7669fae,How is the fluctuation in the sense of the word and its neighbors measured?,"The fluctuation in the sense of the word and its neighbors is measured by the concept of ""surrounding uniformity."" This is defined as the statistical fluctuation in vectors corresponding to words in t",0.256,0.144,0.0069,abstractive,1,1,49,27.4
original,1706.03610,f704d182c9e01a2002381b76bf21e4bb3c0d3efc,"Among various transfer learning techniques, which technique yields to the best performance?",Unanswerable,1.0,1.0,1.0,unanswerable,1,1,67,41.05
original,1908.11425,da544015511e535503dee2eaf4912a5e36c806cd,What is the architecture of the model?,Unanswerable,0.0,0.0,0.0,extractive,1,1,56,32.14
original,1908.11425,7bc993b32484d6ae3c86d0b351a68e59fd2757a5,What language do they look at?,Spanish,1.0,1.0,1.0,extractive,1,1,56,32.14
original,1711.04457,da495e2f99ee2d5db9cc17eca5517ddaa5ea8e42,Where does the vocabulary come from?,Unanswerable,0.0,0.0,0.0,extractive,1,1,70,36.64
original,1711.04457,e44a5514d7464993997212341606c2c0f3a72eb4,What is the worst performing translation granularity?,Word level,0.0,0.0,0.0,unanswerable,1,1,70,36.64
original,1711.04457,310e61b9dd4d75bc1bebbcb1dae578f55807cd04,What dataset did they use?,"The context mentions that they used several datasets for validation and testing purposes. Specifically, for the Chinese-to-English translation task, they used NIST 2003 (MT03) for validation and NIST ",0.1026,0.1026,0.0278,extractive,1,1,70,36.64
original,1907.08501,bdc6664cec2b94b0b3769bc70a60914795f39574,How do they measure performance?,"They measure performance using classic information retrieval metrics of precision (P), recall (R), and F1. Specifically, INLINEFORM0 measures the fraction of relevant (correct) answer items given vers",0.1143,0.0571,0.0257,extractive,1,1,52,36.13
original,1907.08501,e40df8c685a28b98006c47808f506def68f30e26,Do they measure the performance of a combined approach?,Yes,0.0,0.0,0.0,unanswerable,1,1,52,36.13
original,1907.08501,9653c89a93ac5c717a0a26cf80e9aa98a5ccf910,Which four QA systems do they use?,"gAnswer, WDAqua, Platypus, and BIBREF0 (WDAqua)",0.6667,0.2667,0.1238,extractive,1,1,52,36.13
original,1907.08501,b921a1771ed0ba9dbeff9da000336ecf2bb38322,How many iterations of visual search are done on average until an answer is found?,Unanswerable,1.0,1.0,1.0,unanswerable,1,1,52,36.13
original,1907.08501,412aff0b2113b7d61c914edf90b90f2994390088,Do they test performance of their approaches using human judgements?,Yes,1.0,1.0,1.0,yes_no,1,1,52,36.13
original,2001.02943,010e3793eb1342225857d3f95e147d8f8467192a,What are the sizes of both datasets?,"The Europarl dataset contains 70,057 dat-labeled and 33,814 die-labeled sentences. The SoNaR dataset has 736,987 dat-labeled and 532",0.1053,0.1053,0.0336,extractive,1,1,72,48.57
original,1911.04952,c20bb0847ced490a793657fbaf6afb5ef54dad81,Why are the scores for predicting perceived musical hardness and darkness extracted only for subsample of 503 songs?,Methodology described in the context indicates that scores for predicting perceived musical hardness/heaviness and darkness/gloominess were extracted using audio feature models for a subsample of 503 ,0.0,0.0,0.0,unanswerable,1,1,38,31.17
original,1911.04952,ff8557d93704120b65d9b597a4fab40b49d24b6d,How long is the model trained?,Unanswerable,1.0,1.0,1.0,unanswerable,1,1,38,31.17
original,1911.04952,447eb98e602616c01187960c9c3011c62afd7c27,What are lyrical topics present in the metal genre?,"sadness, death, freedom, nature, occultism, unpleasant/disgusting objects",0.0,0.0,0.0,extractive,1,1,38,31.17
original,1910.00825,f398587b9a0008628278a5ea858e01d3f5559f65,By how much does SPNet outperforms state-of-the-art abstractive summarization methods on evaluation metrics?,big margin,0.0,0.0,0.0,abstractive,1,1,60,32.23
original,1910.00825,d5f8707ddc21741d52b3c2a9ab1af2871dc6c90b,What automatic and human evaluation metrics are used to compare SPNet to its counterparts?,"ROUGE, CIC, relevance, conciseness, and readability",0.5455,0.5455,0.1502,extractive,1,1,60,32.23
original,1910.00825,58f3bfbd01ba9768172be45a819faaa0de2ddfa4,Is proposed abstractive dialog summarization dataset open source?,Unanswerable,1.0,1.0,1.0,unanswerable,1,1,60,32.23
original,1910.00825,73633afbefa191b36cca594977204c6511f9dad4,"Is it expected to have speaker role, semantic slot and dialog domain annotations in real world datasets?",Yes,0.0,0.0,0.0,abstractive,1,1,60,32.23
original,1910.00825,db39a71080e323ba2ddf958f93778e2b875dcd24,"How does SPNet utilize additional speaker role, semantic slot and dialog domain annotations?","SPNet utilizes additional speaker role, semantic slot, and dialog domain annotations by incorporating them as semantic scaffolds into its architecture. Specifically, it uses a separate encoder for eac",0.209,0.1194,0.0385,extractive,1,1,60,32.23
original,1910.00825,6da2cb3187d3f28b75ac0a61f6562a8adf716109,What are previous state-of-the-art document summarization methods used?,"Previous state-of-the-art document summarization methods used include skip-chain conditional random fields (CRFs), support vector machines (SVMs), LDA-based topic models, and a copy mechanism that com",0.0,0.0,0.0,extractive,1,1,60,32.23
original,1910.00825,c47e87efab11f661993a14cf2d7506be641375e4,How does new evaluation metric considers critical informative entities?,CIC evaluates the completeness of critical informative entities in the summary by computing the arithmetic mean over all the dialog domains to retain the overall performance.,0.16,0.12,0.0295,abstractive,1,1,60,32.23
original,1910.00825,14684ad200915ff1e3fc2a89cb614e472a1a2854,Is new evaluation metric extension of ROGUE?,No,1.0,1.0,1.0,yes_no,1,1,60,32.23
original,1911.03705,8d1f9d3aa2cc2e2e58d3da0f5edfc3047978f3ee,What measures were used for human evaluation?,"Annotators ranked 100 outputs of 6 selected typical models as well as one randomly picked reference sentence, forming seven systems in total. They ranked results by their coverage, fluency, and plausi",0.1613,0.0968,0.0326,extractive,1,2,76,66.6
original,1911.03705,5065ff56d3c295b8165cb20d8bcfcf3babe9b1b8,What automatic metrics are used for this task?,"BLEU-3/4, ROUGE-2/L, CIDEr, SPICE, and BERTScore",0.9091,0.9091,0.5373,extractive,1,2,76,66.6
original,1911.03705,c34a15f1d113083da431e4157aceb11266e9a1b2,Are the models required to also generate rationales?,No,1.0,1.0,1.0,yes_no,1,2,76,66.6
original,1911.03705,061682beb3dbd7c76cfa26f7ae650e548503d977,Are the rationales generated after the sentences were written?,No,0.0,0.0,0.0,yes_no,1,2,76,66.6
original,1911.03705,3518d8eb84f6228407cfabaf509fd63d60351203,Are the sentences in the dataset written by humans who were shown the concept-sets?,Yes,1.0,1.0,1.0,yes_no,1,2,76,66.6
original,1911.03705,617c77a600be5529b3391ab0c21504cd288cc7c7,Where do the concept sets come from?,"The concept sets come from a large amount of high-quality image/video caption sentences collected from several existing corpora, specifically VATEX, LSMDC, ActivityNet, and SNLI.",0.3636,0.2424,0.0541,extractive,1,2,76,66.6
original,1910.00458,53d6cbee3606dd106494e2e98aa93fdd95920375,How big are improvements of MMM over state of the art?,"Over 9% for BERT-Base and BERT-Large, and approximately 4% for RoBERTa-Large.",0.0,0.0,0.0,extractive,1,2,96,80.16
original,1910.00458,9dc844f82f520daf986e83466de0c84d93953754,What out of domain datasets authors used for coarse-tuning stage?,MultiNLI and SNLI,0.75,0.75,0.3234,extractive,1,2,96,80.16
original,1910.00458,9fe4a2a5b9e5cf29310ab428922cc8e7b2fc1d11,What are state of the art methods MMM is compared to?,Unanswerable,0.0,0.0,0.0,abstractive,1,2,96,80.16
original,1910.00458,36d892460eb863220cd0881d5823d73bbfda172c,What four representative datasets are used for bechmark?,Unanswerable,0.0,0.0,0.0,extractive,1,2,96,80.16
original,2001.11268,4cbc56d0d53c4c03e459ac43e3c374b75fd48efe,What baselines did they consider?,"BERT-base (uncased) and Bert multilingual (cased, base architecture)",0.0,0.0,0.0,extractive,1,2,98,84.61
original,2001.11268,e5a965e7a109ae17a42dd22eddbf167be47fca75,What are the problems related to ambiguity in PICO sentence prediction tasks?,"Ambiguity in labeled PICO data, specifically mentioning that only 30% of all sentences included a P class entity, while sub-classes age, gender, condition, and size averaged 10% each, indicating varia",0.093,0.0465,0.0232,abstractive,1,2,98,84.61
original,1706.07179,082c88e132b4f1bf68abdc3a21ac4af180de1113,How is knowledge retrieved in the memory?,Unanswerable,0.0,0.0,0.0,extractive,1,1,27,18.0
original,1706.07179,74091e10f596428135b0ab06008608e09c051565,How is knowledge stored in the memory?,Entities are modeled as abstract memory slots and the relational memory captures relations between all pairs of these entities.,0.3478,0.3478,0.0859,abstractive,1,1,27,18.0
original,1706.07179,43b4f7eade7a9bcfaf9cc0edba921a41d6036e9c,What are the relative improvements observed over existing methods?,"The RelNet model achieves 0% error on 11 out of 20 tasks, whereas the EntNet model achieves 0% error on 7 of the tasks. This indicates a relative improvement of 4 tasks in achieving 0",0.5833,0.5278,0.3116,extractive,1,1,27,18.0
original,1706.07179,a75861e6dd72d69fdf77ebd81c78d26c6f7d0864,What is the architecture of the neural network?,"The architecture of the neural network includes three main components: 
1) Input encoder
2) Dynamic memory, modeled similarly to Recurrent Entity Networks (BIBREF17)
3) Output module",0.2093,0.186,0.037,extractive,1,1,27,18.0
original,1706.07179,60fd7ef7986a5752b31d3bd12bbc7da6843547a4,What methods is RelNet compared to?,RelNet is compared to the EntNet model.,0.25,0.125,0.0833,extractive,1,1,27,18.0
original,1909.08824,7d59374d9301a0c09ea5d023a22ceb6ce07fb490,How do they measure the diversity of inferences?,"They measure the diversity of inferences using the number of distinct n-grams, which is normalized to [0, 1] by dividing the total number of generated tokens.",0.3571,0.2857,0.109,abstractive,1,1,81,49.8
original,1909.08824,8e2b125426d1220691cceaeaf1875f76a6049cbd,By how much do they improve the accuracy of inferences over state-of-the-art methods?,Unanswerable,0.0,0.0,0.0,abstractive,1,1,81,49.8
original,1909.08824,42bc4e0cd0f3e238a4891142f1b84ebcd6594bf1,Which models do they use as baselines on the Atomic dataset?,RNN-based Seq2Seq proposed by BIBREF4,0.3636,0.3636,0.208,extractive,1,1,81,49.8
original,1909.08824,fb76e994e2e3fa129f1e94f1b043b274af8fb84c,How does the context-aware variational autoencoder learn event background information?,"In the pretrain stage, the context-aware variational autoencoder (CWVAE) learns event background information by being trained on an auxiliary dataset consisting of three narrative story corpora with r",0.4789,0.2817,0.1464,abstractive,1,1,81,49.8
original,1909.08824,99ef97336c0112d9f60df108f58c8b04b519a854,What is the size of the Atomic dataset?,Unanswerable,1.0,1.0,1.0,unanswerable,1,1,81,49.8
original,1708.08615,95d8368b1055d97250df38d1e8c4a2b283d2b57e,what standard speech transcription pipeline was used?,Unanswerable,0.0,0.0,0.0,extractive,1,1,57,36.46
original,1701.03214,a978a1ee73547ff3a80c66e6db3e6c3d3b6512f4,How much improvement does their method get over the fine tuning baseline?,Unanswerable,0.0,0.0,0.0,abstractive,1,1,38,22.76
original,1701.03214,46ee1cbbfbf0067747b28bdf4c8c2f7dc8955650,What kinds of neural networks did they use in this paper?,2-layer LSTMs,0.6667,0.6667,0.5,extractive,1,1,38,22.76
original,1701.03214,4f12b41bd3bb2610abf7d7835291496aa69fb78c,How did they use the domain tags?,"They used domain tags by appending the domain tag “<2domain>” to the source sentences of the respective corpora, which primes the NMT decoder to generate sentences for the specific domain. Additionall",0.4286,0.4286,0.1819,extractive,1,1,38,22.76
original,1709.05411,65e6a1cc2590b139729e7e44dce6d9af5dd2c3b5,Why mixed initiative multi-turn dialogs are the greatest challenge in building open-domain conversational agents?,"Mixed-initiative multi-turn dialogues do not follow a particular plan or pursue a particular fixed information need, making it difficult for conversational agents to maintain coherence and track entit",0.3111,0.3111,0.1377,extractive,1,1,52,27.91
original,1805.12032,b54fc86dc2cc6994e10c1819b6405de08c496c7b,How is speed measured?,"Reaction delay, which is defined as the time elapsed between the moment the link or content was posted/tweeted and the moment that the reaction comment or tweet occurred.",0.85,0.85,0.72,extractive,1,1,40,26.93
original,1805.12032,b43a8a0f4b8496b23c89730f0070172cd5dca06a,What is the architecture of their model?,The model architecture consists of a text sequence sub-network and a vector representation sub-network. The text sequence sub-network includes an embedding layer initialized with 200-dimensional GloVe,0.4587,0.4037,0.0886,extractive,1,1,40,26.93
original,1805.12032,b161febf86cdd58bd247a934120410068b24b7d1,What are the nine types?,"The nine types are: answer, elaboration, appreciation, disagreement, humor, negative reaction, question, agreement, or ""other"".",0.8333,0.6667,0.2402,extractive,1,1,40,26.93
original,1611.02550,d40662236eed26f17dd2a3a9052a4cee1482d7d6,How do they represent input features of their model to train embeddings?,frame-level acoustic features,0.75,0.75,0.5134,extractive,1,2,87,75.68
original,1611.02550,1d791713d1aa77358f11501f05c108045f53c8aa,Which dimensionality do they use for their embeddings?,1024,0.0,0.0,0.0,extractive,1,2,87,75.68
original,1611.02550,6b6360fab2edc836901195c0aba973eae4891975,Which dataset do they use?,Switchboard conversational English corpus,1.0,1.0,1.0,extractive,1,2,87,75.68
original,1611.02550,b6b5f92a1d9fa623b25c70c1ac67d59d84d9eec8,By how much do they outpeform previous results on the word discrimination task?,Siamese RNN embeddings outperform previously reported results on the word discrimination task. The specific amount by which they outperform previous results is not quantified in the given context.,0.1143,0.0571,0.0301,abstractive,1,2,87,75.68
original,2003.05522,86a93a2d1c19cd0cd21ad1608f2a336240725700,How does Frege's holistic and functional approach to meaning relates to general distributional hypothesis?,"Frege's holistic and functional approach to meaning relates to the general distributional hypothesis through the concept of truth-value potential. Specifically, the text argues that two expressions ha",0.2128,0.1702,0.0307,extractive,1,1,57,36.39
original,2003.05522,6090d3187c41829613abe785f0f3665d9ecd90d9,What does Frege's holistic and functional approach to meaning states?,Only in the context of a sentence does a word have a meaning,1.0,1.0,1.0,extractive,1,1,57,36.39
original,1601.06068,117aa7811ed60e84d40cd8f9cb3ca78781935a98,Do they evaluate the quality of the paraphrasing model?,Yes,0.0,0.0,0.0,yes_no,1,2,82,71.59
original,1601.06068,c359ab8ebef6f60c5a38f5244e8c18d85e92761d,How many paraphrases are generated per question?,10,0.0,0.0,0.0,abstractive,1,2,82,71.59
original,1601.06068,ad362365656b0b218ba324ae60701eb25fe664c1,What latent variables are modeled in the PCFG?,"one layer is intended to capture the usual syntactic information, and the other aims to capture semantic and topical information",0.5,0.5,0.1599,extractive,1,2,82,71.59
original,1601.06068,423bb905e404e88a168e7e807950e24ca166306c,What are the baselines?,"The baselines mentioned are original, mt, naive, ppdb, and bilayered.",0.0,0.0,0.0,extractive,1,2,82,71.59
original,1709.07916,e5ae8ac51946db7475bb20b96e0a22083b366a6d,Do they evaluate only on English data?,Yes,1.0,1.0,1.0,yes_no,1,1,58,32.06
original,1709.07916,18288c7b0f8bd7839ae92f9c293e7fb85c7e146a,How strong was the correlation between exercise and diabetes?,Unanswerable,0.0,0.0,0.0,abstractive,1,1,58,32.06
original,1709.07916,b5e883b15e63029eb07d6ff42df703a64613a18a,How were topics of interest about DDEO identified?,Using Latent Dirichlet Allocation (LDA) to identify 425 topics from the extracted 4.5 million tweets.,0.4545,0.4545,0.188,abstractive,1,1,58,32.06
original,1909.00154,c45a160d31ca8eddbfea79907ec8e59f543aab86,What datasets are used for evaluation?,swissmetro,0.6667,0.6667,0.3679,extractive,1,2,82,75.67
original,1909.00154,7358a1ce2eae380af423d4feeaa67d2bd23ae9dd,How do their train their embeddings?,"For each variable in the encoding set, new embeddings are learned using the embeddings train set, which is done simultaneously for all variables.",0.3636,0.3636,0.0804,abstractive,1,2,82,75.67
original,1909.00154,1165fb0b400ec1c521c1aef7a4e590f76fee1279,How do they model travel behavior?,"They model travel behavior using a method called ""travel behavior embeddings,"" which involves re-representing discrete variables like mode, trip purpose, education level, family type, and occupation i",0.1702,0.1277,0.041,abstractive,1,2,82,75.67
original,1909.00154,f2c5da398e601e53f9f545947f61de5f40ede1ee,How do their interpret the coefficients?,"One can always map to the “dummy"" space and analyse the individual coefficients.",0.3158,0.2105,0.083,abstractive,1,2,82,75.67
original,1908.05434,2d4d0735c50749aa8087d1502ab7499faa2f0dd8,By how much do they outperform previous state-of-the-art models?,"The context states that ""Our ORNN achieved the state-of-the-art performance on Trafficking-10K BIBREF9, outperforming all baseline ordinal regression models as well as improving the classification acc",0.1159,0.1159,0.0249,abstractive,1,2,89,67.18
original,1908.05434,43761478c26ad65bec4f0fd511ec3181a100681c,Do they use pretrained word embeddings?,Yes,1.0,1.0,1.0,yes_no,1,2,89,67.18
original,1908.05434,01866fe392d9196dda1d0b472290edbd48a99f66,How is the lexicon of trafficking flags expanded?,"The lexicon of trafficking flags is expanded through word embeddings and t-SNE techniques, as demonstrated in the study.",0.0476,0.0476,0.022,extractive,1,2,89,67.18
original,1612.05310,394cf73c0aac8ccb45ce1b133f4e765e8e175403,Do they experiment with the dataset?,Yes,1.0,1.0,1.0,yes_no,1,2,85,62.9
original,1612.05310,2c4003f25e8d95a3768204f52a7a5f5e17cb2102,Do they use a crowdsourcing platform for annotation?,No,1.0,1.0,1.0,yes_no,1,2,85,62.9
original,1612.05310,65e32f73357bb26a29a58596e1ac314f7e9c6c91,What is an example of a difficult-to-classify case?,"""your comments fit well in Stormfront""",0.0,0.0,0.0,extractive,1,2,85,62.9
original,1612.05310,46f175e1322d648ab2c0258a9609fe6f43d3b44e,What potential solutions are suggested?,"Two potential solutions are suggested:
1. Jointly learning classifiers that predict both interpretation and response strategy simultaneously.
2. Using the temporal sequence of response comments and ma",0.093,0.093,0.0199,extractive,1,2,85,62.9
original,1612.05310,7cc22fd8c9d0e1ce5e86d0cbe90bf3a177f22a68,What is the size of the dataset?,1000 conversations,0.3636,0.3636,0.0302,extractive,1,2,85,62.9
original,1612.05310,3fa638e6167e1c7a931c8ee5c0e2e397ec1b6cda,What Reddit communities do they look at?,Reddit,0.0,0.0,0.0,unanswerable,1,2,85,62.9
original,1912.09713,d2b3f2178a177183b1aeb88784e48ff7e3e5070c,How strong is negative correlation between compound divergence and accuracy in performed experiment?,Unanswerable,0.0,0.0,0.0,extractive,1,2,290,245.08
original,1912.09713,d5ff8fc4d3996db2c96cb8af5a6d215484991e62,What are results of comparison between novel method to other approaches for creating compositional generalization benchm,Unanswerable,0.0,0.0,0.0,extractive,1,2,290,245.08
original,1912.09713,d9c6493e1c3d8d429d4ca608f5acf29e4e7c4c9b,How authors justify that question answering dataset presented is realistic?,Unanswerable,0.0,0.0,0.0,extractive,1,2,290,245.08
original,1912.09713,0427ca83d6bf4ec113bc6fec484b2578714ae8ec,What three machine architectures are analyzed?,"LSTM+attention, Transformer, and Universal Transformer",0.8889,0.8889,0.3593,extractive,1,2,290,245.08
original,1912.09713,f1c70baee0fd02b8ecb0af4b2daa5a56f3e9ccc3,How big is new question answering dataset?,Unanswerable,0.0,0.0,0.0,extractive,1,2,290,245.08
original,1912.09713,8db45a8217f6be30c31f9b9a3146bf267de68389,What are other approaches into creating compositional generalization benchmarks?,"Other approaches into creating compositional generalization benchmarks include:
- Testing on different output patterns than those in the train set (referenced by BIBREF8)
- Splitting examples by outpu",0.15,0.1,0.0316,extractive,1,2,290,245.08
original,1901.03860,4e379d6d5f87554fabf6f7f7b6ed92d2025e7280,What problem do they apply transfer learning to?,Continuous Speech Keyword Spotting (CSKS),0.2857,0.2857,0.1581,extractive,1,1,36,26.83
original,1901.03860,518d0847b02b4f23a8f441faa38b935c9b892e1e,What are the baselines?,"The baselines are Honk (UID9), DeepSpeech-finetune (UID10), and DeepSpeech-finetune-prototypical (UID11).",0.3636,0.3636,0.1179,extractive,1,1,36,26.83
original,1901.03860,8112d18681e266426cf7432ac4928b87f5ce8311,What languages are considered?,English and Hindi,0.8,0.8,0.4082,extractive,1,1,36,26.83
original,1909.02480,b14f13f2a3a316e5a5de9e707e1e6ed55e235f6f,Does this model train faster than state of the art models?,Unanswerable,1.0,1.0,1.0,unanswerable,1,2,107,80.64
original,1909.02480,ba6422e22297c7eb0baa381225a2f146b9621791,What is the performance difference between proposed method and state-of-the-arts on these datasets?,Achieving comparable performance with state-of-the-art non-autoregressive NMT models,0.0,0.0,0.0,abstractive,1,2,107,80.64
original,1909.02480,65e72ad72a9cbfc379f126b10b0ce80cfe44579b,What non autoregressive NMT models are used for comparison?,CMLM,0.1818,0.1818,0.0001,extractive,1,2,107,80.64
original,1909.02480,cf8edc6e8c4d578e2bd9965579f0ee81f4bf35a9,What are three neural machine translation (NMT) benchmark datasets used for evaluation?,"WMT2014 DE-EN, WMT2016 RO-EN, and IWSLT2014 DE-EN",0.7273,0.7273,0.1858,extractive,1,2,107,80.64
original,1910.02754,04aff4add28e6343634d342db92b3ac36aa8c255,What is result of their attention distribution analysis?,"The visual attention is very sparse, with just one source encoding attended to. The maximum visual attention over source encodings across the test set has a mean of 0. Additionally, the visual compone",0.5769,0.5385,0.2751,extractive,1,1,39,26.87
original,1910.02754,a8e4522ce2ce7336e731286654d6ad0931927a4e,What is result of their Principal Component Analysis?,"There exist a few directions in the embedding space which disproportionately explain the variance; these ""common"" directions affect all of the embeddings in the same way, rendering them less discrimin",0.1224,0.1224,0.0278,extractive,1,1,39,26.87
original,1910.02754,f6202100cfb83286dc51f57c68cffdbf5cf50a3f,What are 3 novel fusion techniques that are proposed?,"Three novel fusion techniques proposed are:
1. Step-Wise Decoder Fusion
2. Input Context Encoding
3. Attention modulation",0.3846,0.3846,0.107,extractive,1,1,39,26.87
original,2004.02393,bd7039f81a5417474efa36f703ebddcf51835254,What are two models' architectures in proposed solution?,Ranker and Reasoner,0.3333,0.1667,0.0591,extractive,1,1,63,40.78
original,2004.02393,022e5c996a72aeab890401a7fdb925ecd0570529,How do two models cooperate to select the most confident chains?,"A cooperative Reasoner-Ranker game is proposed, where the Reasoner recovers the linking entities that point to the next passage, encouraging the Ranker to select chains such that their distribution is",0.1961,0.1176,0.0312,extractive,1,1,63,40.78
original,2004.02393,2a950ede24b26a45613169348d5db9176fda4f82,How many hand-labeled reasoning chains have been created?,Unanswerable,1.0,1.0,1.0,unanswerable,1,1,63,40.78
original,2004.02393,34af2c512ec38483754e94e1ea814aa76552d60a,What benchmarks are created?,The benchmarks created are based on two multi-hop QA datasets: HotpotQA and MedHop.,0.0,0.0,0.0,abstractive,1,1,63,40.78
original,2004.01694,c1429f7fed5a4dda11ac7d9643f97af87a83508b,What empricial investigations do they reference?,"The study references empirical investigations from BIBREF3, BIBREF4, BIBREF5, BIBREF6, BIBREF7, and BIBREF40.",0.0,0.0,0.0,extractive,1,2,115,102.07
original,2004.01694,a93d4aa89ac3abbd08d725f3765c4f1bed35c889,What languages do they investigate for machine translation?,Chinese to English and English to Czech,0.4444,0.2222,0.1543,extractive,1,2,115,102.07
original,2004.01694,bc473c5bd0e1a8be9b2037aa7006fd68217c3f47,What recommendations do they offer?,"Based on the context provided, the recommendations offered include:",0.0,0.0,0.0,extractive,1,2,115,102.07
original,2004.01694,cc5d8e12f6aecf6a5f305e2f8b3a0c67f49801a9,What percentage fewer errors did professional translations make?,Unanswerable,0.0,0.0,0.0,abstractive,1,2,115,102.07
original,2004.01694,9299fe72f19c1974564ea60278e03a423eb335dc,What was the weakness in Hassan et al's evaluation design?,flaws in the evaluation methodology,0.1143,0.0571,0.0004,abstractive,1,2,115,102.07
original,2003.00576,2ed02be0c183fca7031ccb8be3fd7bc109f3694b,By how much they improve over the previous state-of-the-art?,Unanswerable,0.0,0.0,0.0,extractive,1,2,83,67.35
original,2003.00576,be73a88d5b695200e2ead4c2c24e2a977692970e,Is there any evidence that encoders with latent structures work well on other tasks?,Yes,1.0,1.0,1.0,yes_no,1,2,83,67.35
original,1909.02635,0e45aae0e97a6895543e88705e153f084ce9c136,Do they report results only on English?,Unanswerable,1.0,1.0,1.0,unanswerable,1,1,83,49.8
original,1909.02635,c515269b37cc186f6f82ab9ada5d9ca176335ded,What evidence do they present that the model attends to shallow context clues?,"The model's reliance on verbs and entity mentions themselves, rather than forming complex representations of entity states, indicates that it attends to shallow context clues. Specifically, the model ",0.2609,0.2029,0.0996,abstractive,1,1,83,49.8
original,1909.02635,43f86cd8aafe930ebb35ca919ada33b74b36c7dd,In what way is the input restructured?,"The input sequence begins with a [START] token, then the entity under consideration, followed by a [SEP] token. After each sentence, a [CLS] token is used to anchor the prediction for that sentence.",0.0,0.0,0.0,abstractive,1,1,83,49.8
original,1904.00648,aa60b0a6c1601e09209626fd8c8bdc463624b0b3,What are their results on the entity recognition task?,Unanswerable,0.0,0.0,0.0,extractive,1,1,55,39.9
original,1904.00648,3837ae1e91a4feb27f11ac3b14963e9a12f0c05e,What task-specific features are used?,"The task-specific features used include contributor information, musical works, instruments, and musical elements like modes and keys. Additionally, the system uses a set of 26 features defined for ea",0.0759,0.0506,0.0187,extractive,1,1,55,39.9
original,1904.00648,ef4d6c9416e45301ea1a4d550b7c381f377cacd9,What kind of corpus-based features are taken into account?,Unanswerable,0.0,0.0,0.0,extractive,1,1,55,39.9
original,1904.00648,689d1d0c4653a8fa87fd0e01fa7e12f75405cd38,Which machine learning algorithms did the explore?,The study explored Support Vector Machine (SVM) and a bidirectional LSTM with a Conditional Random Field (CRF) layer (biLSTM-CRF).,0.0,0.0,0.0,extractive,1,1,55,39.9
original,1904.00648,7920f228de6ef4c685f478bac4c7776443f19f39,What language is the Twitter content in?,English,1.0,1.0,1.0,abstractive,1,1,55,39.9
original,1709.00387,41844d1d1ee6d6d38f31b3a17a2398f87566ed92,What is the architecture of the siamese neural network?,The Siamese neural network architecture consists of two parallel convolutional networks that share the same set of weights.,0.7407,0.7407,0.4579,extractive,1,1,51,31.79
original,1709.00387,ae17066634bd2731a07cd60e9ca79fc171692585,How do they explore domain mismatch?,"They explore domain mismatch by utilizing the development data to adapt to the test data recording domain, and investigating approaches to improve ADI performance both on the domain mismatched scenari",0.0,0.0,0.0,unanswerable,1,1,51,31.79
original,1709.00387,4fa2faa08eeabc09d78d89aaf0ea86bb36328172,How do they explore dialect variability?,"To explore dialect variability, the team employed Siamese neural networks to learn similarities and dissimilarities among dialects, and used i-vector post-processing to adapt to these mismatches.",0.0,0.0,0.0,unanswerable,1,1,51,31.79
original,1709.00387,e87f47a293e0b49ab8b15fc6633d9ca6dc9de071,Which are the four Arabic dialects?,Unanswerable,0.0,0.0,0.0,extractive,1,1,51,31.79
original,1806.11322,7426a6e800d6c11795941616fc4a243e75716a10,What factors contribute to interpretive biases according to this research?,The factors that contribute to interpretive biases according to this research include:,0.1935,0.129,0.0366,extractive,1,2,244,210.34
original,1806.11322,da4535b75e360604e3ce4bb3631b0ba96f4dadd3,Which interpretative biases are analyzed in this paper?,"The paper analyzes interpretive biases in the context of discourse structure and interpretation, specifically focusing on biases related to framing effects and Bayesian inference. It also considers bi",0.0937,0.0625,0.0219,extractive,1,2,244,210.34
original,2004.00139,4d30c2223939b31216f2e90ef33fe0db97e962ac,How many words are coded in the dictionary?,"11,248",1.0,1.0,1.0,extractive,1,1,61,36.92
original,2004.00139,7b47aa6ba247874eaa8ab74d7cb6205251c01eb5,Is the model evaluated on the graphemes-to-phonemes task?,No,0.0,0.0,0.0,yes_no,1,1,61,36.92
original,1811.08048,ce14b87dacfd5206d2a5af7c0ed1cfeb7b181922,How does the QuaSP+Zero model work?,"The QuaSP+Zero model works by using an entity-linking approach applied to properties, allowing it to handle new qualitative relationships on unseen properties without requiring additional training dat",0.0377,0.0377,0.0159,extractive,1,2,94,84.72
original,1811.08048,709a4993927187514701fe3cc491ac3030da1215,Which off-the-shelf tools do they use on QuaRel?,Unanswerable,0.0,0.0,0.0,extractive,1,2,94,84.72
original,1811.08048,a3c6acf900126bc9bd9c50ce99041ea00761da6a,How do they obtain the logical forms of their questions in their dataset?,They obtain the logical forms of their questions in their dataset indirectly from workers without training the workers in the formalism.,0.1429,0.0714,0.0168,extractive,1,2,94,84.72
original,1811.08048,31b631a8634f6180b20a72477040046d1e085494,Do all questions in the dataset allow the answers to pick from 2 options?,Yes,1.0,1.0,1.0,yes_no,1,2,94,84.72
original,1904.10500,ab78f066144936444ecd164dc695bec1cb356762,What is shared in the joint model?,Seq2seq Bi-LSTM for utterance-level intent detection,0.0,0.0,0.0,extractive,1,2,91,75.69
original,1904.10500,e659ceb184777015c12db2da5ae396635192f0b0,Are the intent labels imbalanced in the dataset?,Unanswerable,0.0,0.0,0.0,yes_no,1,2,91,75.69
original,1704.00177,b512ab8de26874ee240cffdb3c65d9ac8d6023d9,What kernels are used in the support vector machines?,Unanswerable,1.0,1.0,1.0,unanswerable,1,1,33,18.22
original,1704.00177,4e4d377b140c149338446ba69737ea191c4328d9,What dataset is used?,The context mentions three datasets used in the study:,0.0,0.0,0.0,extractive,1,1,33,18.22
original,1704.00177,828ce5faed7783297cf9ce202364f999b8d4a1f6,What metrics are considered?,"F-score, micro-F, macro-F, and weighted-F scores",0.8,0.8,0.3247,extractive,1,1,33,18.22
original,1711.11221,9d016eb3913b41f7a18c6fa865897c12b5fe0212,Did the authors evaluate their system output for coherence?,Yes,1.0,1.0,1.0,yes_no,1,1,74,49.69
original,1711.11221,c1c611409b5659a1fd4a870b6cc41f042e2e9889,What evaluations did the authors use on their system?,"The authors evaluated their system using BLEU scores on different test sets. Specifically, they compared their proposed model, RNNSearch*, against Moses and also considered variations of their model t",0.2105,0.1754,0.0312,abstractive,1,1,74,49.69
original,1912.07025,79bb1a1b71a1149e33e8b51ffdb83124c18f3e9c,What accuracy does CNN model achieve?,Unanswerable,0.0,0.0,0.0,abstractive,1,1,74,49.15
original,1912.07025,26faad6f42b6d628f341c8d4ce5a08a591eea8c2,How many documents are in the Indiscapes dataset?,508,1.0,1.0,1.0,abstractive,1,1,74,49.15
original,1912.07025,20be7a776dfda0d3c9dc10270699061cb9bc8297,What language(s) are the manuscripts written in?,Indic languages,0.0,0.0,0.0,unanswerable,1,1,74,49.15
original,1709.01256,3bfb8c12f151dada259fbd511358914c4b4e1b0e,What metrics are used to evaluation revision detection?,"precision, recall and F-measure",0.8571,0.8571,0.3969,extractive,1,1,73,45.6
original,1709.01256,3f85cc5be84479ba668db6d9f614fedbff6d77f1,How large is the Wikipedia revision dump dataset?,"62,234 documents",0.0,0.0,0.0,extractive,1,1,73,45.6
original,1709.01256,126e8112e26ebf8c19ca7ff3dd06691732118e90,What are simulated datasets collected?,Unanswerable,0.0,0.0,0.0,abstractive,1,1,73,45.6
original,1709.01256,be08ef81c3cfaaaf35c7414397a1871611f1a7fd,Which are the state-of-the-art models?,wDTW and wTED,0.0,0.0,0.0,extractive,1,1,73,45.6
original,1909.03526,dc57ae854d78aa5d5e8c979826d3e2524d4e9165,Why is being feature-engineering free an advantage?,Based exclusively on deep learning,0.0,0.0,0.0,unanswerable,1,1,54,31.92
original,1909.03526,18412237f7faafc6befe975d5bcd348e2b499b55,Where did this model place in the final evaluation of the shared task?,4th,1.0,1.0,1.0,extractive,1,1,54,31.92
original,1909.03526,02945c85d6cc4cdd1757b2f2bfa5e92ee4ed14a0,What in-domain data is used to continue pre-training?,1M tweets randomly sampled from an in-house Twitter dataset,0.0,0.0,0.0,extractive,1,1,54,31.92
original,1909.03526,6e51af9088c390829703c6fa966e98c3a53114c1,What dialect is used in the Google BERT model and what is used in the task data?,"Google BERT model is trained on Modern Standard Arabic (MSA), while the task data includes dialects such as Egyptian, Gulf, and Levantine.",0.5366,0.5366,0.3482,extractive,1,1,54,31.92
original,1909.03526,07ee4e0277ad1083270131d32a71c3fe062a916d,What are the tasks used in the mulit-task learning setup?,"The tasks used in the multi-task learning setup are irony detection, author profiling, emotion recognition, and sentiment analysis.",0.5161,0.3226,0.0978,extractive,1,1,54,31.92
original,1902.11049,bfce2afe7a4b71f9127d4f9ef479a0bfb16eaf76,What human evaluation metrics were used in the paper?,The fluency of the language used and the relevance of the question to the context document and answer.,0.6452,0.6452,0.5011,abstractive,1,1,37,26.92
original,1905.06906,dfbab3cd991f86d998223726617d61113caa6193,"For the purposes of this paper, how is something determined to be domain specific knowledge?",Unanswerable,0.0,0.0,0.0,abstractive,1,1,54,31.94
original,1905.06906,df510c85c277afc67799abcb503caa248c448ad2,Does the fact that GCNs can perform well on this tell us that the task is simpler than previously thought?,Unanswerable,0.0,0.0,0.0,yes_no,1,1,54,31.94
original,1905.06906,d95180d72d329a27ddf2fd5cc6919f469632a895,Are there conceptual benefits to using GCNs over more complex architectures like attention?,Yes,1.0,1.0,1.0,yes_no,1,1,54,31.94
original,1809.09795,e196e2ce72eb8b2d50732c26e9bf346df6643f69,Do they evaluate only on English?,Yes,1.0,1.0,1.0,yes_no,1,1,40,27.05
original,1809.09795,46570c8faaeefecc8232cfc2faab0005faaba35f,What are the 7 different datasets?,"The 7 different datasets are:
1. SemEval 2018 Task 3 dataset (binary labels)
2. Dataset by BIBREF4 (sarcasm)
3. Dataset by BIBREF20 (user self-",0.3333,0.2857,0.1186,extractive,1,1,40,27.05
original,1809.09795,982d375378238d0adbc9a4c987d633ed16b7f98f,What are the three different sources of data?,"Twitter, Online Dialogues, Reddit",1.0,0.75,0.4518,extractive,1,1,40,27.05
original,1809.09795,bbdb2942dc6de3d384e3a1b705af996a5341031b,What type of model are the ELMo representations used in?,deep contextualized word representations,0.0,0.0,0.0,abstractive,1,1,40,27.05
original,1809.09795,4ec538e114356f72ef82f001549accefaf85e99c,Which morphosyntactic features are thought to indicate irony or sarcasm?,"sentiment-bearing words, actions, and situations perceived negatively, lexical and morpho-syntactic cues including exclamations and interjections, typographic markers such as all caps, quotation marks",0.2857,0.2857,0.0884,extractive,1,1,40,27.05
original,1812.03593,40a45d59a2ef7a67c8ab0f2b2d5b43fc85b85498,Is the model evaluated on other datasets?,No,1.0,1.0,1.0,yes_no,1,1,76,49.5
original,1812.03593,b29b5c39575454da9566b3dd27707fced8c6f4a1,Does the model incorporate coreference and entailment?,Unanswerable,0.0,0.0,0.0,extractive,1,1,76,49.5
original,1812.03593,4040f5c9f365f9bc80b56dce944ada85bb8b4ab4,Is the incorporation of context separately evaluated?,Unanswerable,0.0,0.0,0.0,yes_no,1,1,76,49.5
original,2003.01769,7dce1b64c0040500951c864fce93d1ad7a1809bc,Which frozen acoustic model do they use?,A frozen automatic speech recognition (ASR) acoustic model trained on clean speech,0.2222,0.2222,0.075,extractive,1,1,43,35.8
original,2003.01769,e1b36927114969f3b759cba056cfb3756de474e4,By how much does using phonetic feedback improve state-of-the-art systems?,"The text does not provide a specific numerical improvement in terms of percentage points or other quantifiable measures. Therefore, the answer is Unanswerable based solely on the provided context.",0.0,0.0,0.0,abstractive,1,1,43,35.8
original,1910.04006,186ccc18c6361904bee0d58196e341a719fb31c2,What features are used?,The features used include both structured and unstructured clinical features. Specifically:,0.0357,0.0357,0.0019,extractive,1,1,38,26.83
original,1910.04006,fd5412e2784acefb50afc3bfae1e087580b90ab9,Do they compare to previous models?,Yes,1.0,1.0,1.0,yes_no,1,1,38,26.83
original,1910.04006,c7f087c78768d5c6f3ff26921858186d627fd4fd,How do they incorporate sentiment analysis?,"They incorporate sentiment analysis by computing clinical sentiment scores for each admission note and passing these scores to seven MLP classifiers trained on a 3,500 sentence corpus. Sentiment score",0.0769,0.0769,0.0179,extractive,1,1,38,26.83
original,1910.04006,82596190560dc2e2ced2131779730f40a3f3eb8c,What is the dataset used?,"The dataset used is a corpus derived from the Research Patient Data Registry (RPDR) of the Partners HealthCare network, consisting of 8,000,000 sentences totaling 340,000,000",0.1212,0.0606,0.0363,extractive,1,1,38,26.83
original,1910.04006,345f65eaff1610deecb02ff785198aa531648e75,How do they extract topics?,They extract topics using a lexicon of clinician-identified domain-related keywords and multiword expressions.,0.0741,0.0741,0.0444,extractive,1,1,38,26.83
original,1611.04361,51d03f0741b72ae242c380266acd2321baf43444,How does this compare to simple interpolation between a word-level and a character-level language model?,Unanswerable,1.0,1.0,1.0,unanswerable,1,1,65,36.54
original,1911.01188,96c20af8bbef435d0d534d10c42ae15ff2f926f8,What translationese effects are seen in the analysis?,The analysis reveals that machine translations exhibit stronger translationese effects in coreference than human translations.,0.0,0.0,0.0,extractive,1,1,90,49.87
original,1911.01188,9544cc0244db480217ce9174aa13f1bf09ba0d94,What languages are seen in the news and TED datasets?,English,0.6667,0.6667,0.3679,extractive,1,1,90,49.87
original,1911.01188,c97a4a1c0e3d00137a9ae8d6fbb809ba6492991d,How are the coreference chain translations evaluated?,The coreference chain translations are evaluated by manually annotating (the possibly incorrect) coreference chains in the MT outputs.,0.0,0.0,0.0,unanswerable,1,1,90,49.87
original,1911.01188,3758669426e8fb55a4102564cf05f2864275041b,How are the (possibly incorrect) coreference chains in the MT outputs annotated?,"The (possibly incorrect) coreference chains in the MT outputs are annotated as to whether or not they are correct, considering issues like incorrect word selection or missing words.",0.2034,0.1017,0.0345,extractive,1,1,90,49.87
original,1911.01188,1ebd6f703458eb6690421398c79abf3fc114148f,Which three neural machine translation systems are analyzed?,"S1, S2, and S3",0.0,0.0,0.0,extractive,1,1,90,49.87
original,1911.01188,15a1df59ed20aa415a4daf0acb256747f6766f77,Which coreference phenomena are analyzed?,"Coreference chains involving mentions of the same discourse element throughout a text, often realized through pronouns, NPs, and other linguistic devices.",0.0909,0.0909,0.035,extractive,1,1,90,49.87
original,1909.08191,b124137e62178a2bd3b5570d73b1652dfefa2457,What new interesting tasks can be solved based on the uncanny semantic structures of the embedding space?,analogy queries and analogy browsing,0.6667,0.6667,0.2812,extractive,1,1,52,44.4
original,1909.08191,c6aa8a02597fea802890945f0b4be8d631e4d5cd,What are the uncanny semantic structures of the embedding space?,Unanswerable,0.0,0.0,0.0,extractive,1,1,52,44.4
original,1909.08191,bfad30f51ce3deea8a178944fa4c6e8acdd83a48,What is the general framework for data exploration by semantic queries?,"The general framework for data exploration by semantic queries involves three main components: data processing, task processing, and query processing. It is designed to handle various scholarly data e",0.3704,0.3704,0.1596,extractive,1,1,52,44.4
original,1909.08191,dd9883f4adf7be072d314d7ed13fe4518c5500e0,What data exploration is supported by the analysis of these semantic structures?,scholarly data exploration,0.1538,0.1538,0.0007,extractive,1,1,52,44.4
original,1910.06701,81669c550d32d756f516dab5d2b76ff5f21c0f36,what are the existing models they compared with?,"The existing models they compared with include semantic parsing-based models, traditional MRC models, and numerical MRC models such as NAQANet and NAQANet+.",0.1333,0.1333,0.0363,extractive,1,2,102,84.25
original,1904.11942,b0b1ff2d6515fb40d74a4538614a0db537e020ea,Do they report results only on English data?,Unanswerable,1.0,1.0,1.0,unanswerable,1,1,35,26.73
original,1904.11942,4266aacb575b4be7dbcdb8616766324f8790763c,What conclusions do the authors draw from their detailed analyses?,"The authors conclude that neural network-based models can outperform feature-based models with wide margins, and they conducted an ablation study to show that contextualized representation learning ca",0.7755,0.7755,0.5563,extractive,1,1,35,26.73
original,1904.11942,191107cd112f7ee6d19c1dc43177e6899452a2c7,Do the BERT-based embeddings improve results?,Yes,1.0,1.0,1.0,yes_no,1,1,35,26.73
original,1904.11942,b0dca7b74934f51ff3da0c074ad659c25d84174d,What were the traditional linguistic feature-based models?,Token distance,0.0,0.0,0.0,extractive,1,1,35,26.73
original,1904.11942,601e58a3d2c03a0b4cd627c81c6228a714e43903,What type of baseline are established for the two datasets?,Neural network-based models,0.0,0.0,0.0,extractive,1,1,35,26.73
original,1705.02394,a0fbf90ceb520626b80ff0f9160b3cd5029585a5,What model achieves state of the art performance on this task?,LSTM networks,0.0,0.0,0.0,extractive,1,1,62,44.94
original,1705.02394,e8ca81d5b36952259ef3e0dbeac7b3a622eabe8e,Which multitask annotated corpus is used?,IEMOCAP,1.0,1.0,1.0,extractive,1,1,62,44.94
original,1705.02394,e75685ef5f58027be44f42f30cb3988b509b2768,What are the tasks in the multitask learning setup?,The tasks in the multitask learning setup are valence classification and activation classification.,0.32,0.24,0.0679,extractive,1,1,62,44.94
original,1705.02394,1df24849e50fcf22f0855e0c0937c1288450ed5c,What are the subtle changes in voice which have been previously overshadowed?,voice characteristics relating to emotional intensity or emotional activation,0.0,0.0,0.0,unanswerable,1,1,62,44.94
original,1806.09103,859e0bed084f47796417656d7a68849eb9cb324f,how are rare words defined?,Unanswerable,0.0,0.0,0.0,extractive,1,1,70,41.16
original,1806.09103,04e90c93d046cd89acef5a7c58952f54de689103,which public datasets were used?,"CMRC-2017, People's Daily, Children Fairy Tales, and the Children's Book Test (CBT)",0.8696,0.8696,0.3959,extractive,1,1,70,41.16
original,1806.09103,f513e27db363c28d19a29e01f758437d7477eb24,what are the baselines?,Unanswerable,0.0,0.0,0.0,abstractive,1,1,70,41.16
original,1911.13087,eb5ed1dd26fd9adb587d29225c7951a476c6ec28,What are the results of the experiment?,Unanswerable,0.0,0.0,0.0,abstractive,1,1,24,22.1
original,1911.13087,0828cfcf0e9e02834cc5f279a98e277d9138ffd9,How was the dataset collected?,The dataset was collected by extracting 200 sentences from primary school textbooks in grades one to three in the Kurdistan Region of Iraq. These sentences were then randomly rendered into 2000 narrat,0.2727,0.1818,0.0375,abstractive,1,1,24,22.1
original,1911.13087,7b2de0109b68f78afa9e6190c82ca9ffaf62f9bd,What is the size of the dataset?,2000,0.6667,0.6667,0.3679,extractive,1,1,24,22.1
original,1911.13087,482ac96ff675975227b6d7058b9b87aeab6f81fe,How many different subjects does the dataset contain?,200,0.0,0.0,0.0,unanswerable,1,1,24,22.1
original,1911.13087,3f3c09c1fd542c1d9acf197957c66b79ea1baf6e,How many annotators participated?,Unanswerable,0.0,0.0,0.0,abstractive,1,1,24,22.1
original,1911.13087,0a82534ec6e294ab952103f11f56fd99137adc1f,How long is the dataset?,2000,1.0,1.0,1.0,extractive,1,1,24,22.1
original,1608.04917,938688871913862c9f8a28b42165237b7324e0de,Do the authors mention any possible confounds in their study?,Unanswerable,0.0,0.0,0.0,yes_no,1,2,191,173.62
original,1608.04917,4170ed011b02663f5b1b1a3c1f0415b7abfaa85d,What is the relationship between the co-voting and retweeting patterns?,"The relationship between the co-voting and retweeting patterns is significant and positive, with increased use of Twitter by MEPs on days with roll-call vote sessions indicating a connection between t",0.2174,0.1522,0.0161,extractive,1,2,191,173.62
original,1608.04917,fd08dc218effecbe5137a7e3b73d9e5e37ace9c1,Does the analysis find that coalitions are formed in the same way for different policy areas?,No,1.0,1.0,1.0,yes_no,1,2,191,173.62
original,1608.04917,a85c2510f25c7152940b5ac4333a80e0f91ade6e,What insights does the analysis give about the cohesion of political groups in the European parliament?,The analysis gives several insights about the cohesion of political groups in the European Parliament:,0.1026,0.1026,0.0231,extractive,1,2,191,173.62
original,1608.04917,fa572f1f3f3ce6e1f9f4c9530456329ffc2677ca,Do they authors account for differences in usage of Twitter amongst MPs into their model?,No,1.0,1.0,1.0,yes_no,1,2,191,173.62
original,1608.04917,5e057e115f8976bf9fe70ab5321af72eb4b4c0fc,Did the authors examine if any of the MEPs used the disclaimer that retweeting does not imply endorsement on their twitt,Unanswerable,0.0,0.0,0.0,yes_no,1,2,191,173.62
original,1711.02013,d824f837d8bc17f399e9b8ce8b30795944df0d51,How do they show their model discovers underlying syntactic structure?,Experiments show that the proposed model can discover the underlying syntactic structure and achieve state-of-the-art performance on word/character-level language model tasks.,0.0741,0.0741,0.034,abstractive,1,1,72,41.09
original,1711.02013,2ff3898fbb5954aa82dd2f60b37dd303449c81ba,Which dataset do they experiment with?,Penn Treebank (PTB) and Text8 datasets,0.6,0.6,0.2136,extractive,1,1,72,41.09
original,1711.02013,3070d6d6a52aa070f0c0a7b4de8abddd3da4f056,How do they measure performance of language model tasks?,unlabeled F1 score,0.0,0.0,0.0,abstractive,1,1,72,41.09
original,1909.00183,ee9b95d773e060dced08705db8d79a0a6ef353da,How are content clusters used to improve the prediction of incident severity?,The content clusters improve the prediction of incident severity by being used within a supervised classifier to predict the degree of harm of an incident based on the text of the report. This approac,0.1364,0.1364,0.0241,abstractive,1,2,193,173.91
original,1909.00183,dbdf13cb4faa1785bdee90734f6c16380459520b,What cluster identification method is used in this paper?,Multi-Scale (MS) graph partitioning,0.0,0.0,0.0,abstractive,1,2,193,173.91
original,1703.08885,73e715e485942859e1db75bfb5f35f1d5eb79d2e,How can a neural model be used for a retrieval if the input is the entire Wikipedia?,"A neural model can be used for retrieval from the entire Wikipedia by training a retrieval model, such as the R2 model mentioned in the context, which involves ranking relevant articles. This model us",0.1429,0.0714,0.0224,extractive,1,1,73,50.04
original,1908.06138,12391aab31c899bac0ecd7238c111cb73723a6b7,Which algorithm is used in the UDS-DFKI system?,Unanswerable,0.0,0.0,0.0,extractive,1,1,49,31.76
original,1908.06138,8b43201e7e648c670c02e16ba189230820879228,Does the use of out-of-domain data improve the performance of the method?,Yes,0.0,0.0,0.0,yes_no,1,1,49,31.76
original,1801.09030,5d5a571ff04a5fdd656ca87f6525a60e917d6558,Do they impose any grammatical constraints over the generated output?,No,1.0,1.0,1.0,yes_no,1,2,97,71.94
original,1801.09030,3c362bfa11c60bad6c7ea83f8753d427cda77de0,Why did they think this was a good idea?,"To address the challenges and limitations of the basic seq2seq model, particularly its strong assumption of order, which can limit its effectiveness, especially when predicting weakly or unordered lab",0.0,0.0,0.0,abstractive,1,2,97,71.94
original,1805.09055,e78a47aec37d9a3bec5a18706b0a462c148c118b,How many languages are included in the tweets?,53,0.0,0.0,0.0,unanswerable,1,1,44,27.22
original,1805.09055,351510da69ab6879df5ff5c7c5f49a8a7aea4632,What languages are explored?,53 languages.,0.0,0.0,0.0,unanswerable,1,1,44,27.22
original,1805.09055,d43e868cae91b3dc393c05c55da0754b0fb3a46a,Which countries did they look at?,53 languages,0.0,0.0,0.0,unanswerable,1,1,44,27.22
original,1804.03396,fd8b6723ad5f52770bec9009e45f860f4a8c4321,What QA models were used?,Pointer Networks BIBREF39 and Self-Matching Networks BIBREF29,0.1579,0.1579,0.0056,abstractive,1,2,113,80.9
original,1804.03396,4ce3a6632e7d86d29a42bd1fcf325114b3c11d46,Can this approach model n-ary relations?,Unanswerable,0.0,0.0,0.0,yes_no,1,2,113,80.9
original,1804.03396,e7c0cdc05b48889905cc03215d1993ab94fb6eaa,Was this benchmark automatically created from an existing dataset?,No,1.0,1.0,1.0,yes_no,1,2,113,80.9
original,2004.02083,99760276cfd699e55b827ceeb653b31b043b9ceb,How does morphological analysis differ from morphological inflection?,"Morphological analysis is the task of creating a morphosyntactic description for a given word, while morphological inflection specifically involves the mapping from the pairing of a lemma with a set o",0.8333,0.8333,0.7685,extractive,1,1,41,31.21
original,2004.02083,247e1fe052230458ce11b98e3637acf0b86795cd,What was the criterion used for selecting the lemmata?,"The criterion used for selecting the lemmata was to focus on the verbal inflectional morphology of San Juan Quiahije Chatino, a tonal mesoamerican language spoken in Mexico, specifically providing a c",0.0,0.0,0.0,unanswerable,1,1,41,31.21
original,2004.02083,79cfd1b82c72d18e2279792c66a042c0e9dfa6b7,What are the architectures used for the three tasks?,Character-level neural encoder-decoder systems,0.0,0.0,0.0,extractive,1,1,41,31.21
original,2004.02083,9e1bf306658ef2972159643fdaf149c569db524b,Which language family does Chatino belong to?,Otomanguean,0.5,0.5,0.1353,extractive,1,1,41,31.21
original,2004.02083,25b24ab1248f14a621686a57555189acc1afd49c,What system is used as baseline?,numeral system,0.0,0.0,0.0,extractive,1,1,41,31.21
original,2004.02083,8486e06c03f82ebd48c7cfbaffaa76e8b899eea5,How was annotation done?,Unanswerable,0.0,0.0,0.0,extractive,1,1,41,31.21
original,2004.02083,27f575e90487ef68298cfb6452683bb977e39e43,How was the data collected?,Unanswerable,1.0,1.0,1.0,unanswerable,1,1,41,31.21
original,1707.03764,157b9f6f8fb5d370fa23df31de24ae7efb75d6f3,How do their results compare against other competitors in the PAN 2017 shared task on Author Profiling?,"The paper states that ""N-GrAM turned out to be the best-performing out of the 22 systems submitted in this shared task.""",0.0968,0.0968,0.0133,abstractive,1,1,54,35.99
original,1707.03764,9bcc1df7ad103c7a21d69761c452ad3cd2951bda,On which task does do model do worst?,The language variety task.,0.3333,0.3333,0.3467,abstractive,1,1,54,35.99
original,1707.03764,8427988488b5ecdbe4b57b3813b3f981b07f53a5,On which task does do model do best?,The model performs best on the joint task of predicting both gender and variety.,0.2667,0.1333,0.0724,abstractive,1,1,54,35.99
original,2001.10179,3604c4fba0a82d7139efd5ced47612c90bd10601,"Is their implementation on CNN-DSA compared to GPU implementation in terms of power consumption, accuracy and speed?","Their implementation on CNN-DSA is compared to GPU-based solutions in terms of power consumption, and it shows lower power consumption for the CNN-DSA implementation. Accuracy and speed comparisons ar",0.0,0.0,0.0,yes_no,1,1,35,22.68
original,2001.10179,38e2f07ba965b676a99be06e8872dade7c04722a,Does this implementation on CNN-DSA lead to diminishing of performance?,No,0.0,0.0,0.0,unanswerable,1,1,35,22.68
original,2001.10179,931a2a13a1f6a8d9107d26811089bdccc39b0800,How is Super Character method modified to handle tabular data also?,"Super Characters method is modified to handle tabular data by adding it as another part of the multi-modal input alongside the text. Specifically, for multi-modal sentiment analysis, the method splits",0.4528,0.3774,0.2482,extractive,1,1,35,22.68
original,1907.11907,8c981f8b992cb583e598f71741c322f522c6d2ad,How are the substitution rules built?,"Rules are successively generated and applied to the training set, with each new rule minimizing the number of remaining errors. Rules continue to be generated until the number of errors cannot be redu",0.0417,0.0417,0.0155,extractive,1,1,53,40.24
original,1907.11907,16f33de90b76975a99572e0684632d5aedbd957c,Which dataset do they use?,two,0.0,0.0,0.0,extractive,1,1,53,40.24
original,1911.03842,d0b005cb7ed6d4c307745096b2ed8762612480d2,What baseline is used to compare the experimental results against?,a baseline model that does not use any of the bias mitigation techniques,0.1429,0.1429,0.0632,extractive,1,1,59,36.32
original,1911.03842,9d9b11f86a96c6d3dd862453bf240d6e018e75af,How does counterfactual data augmentation aim to tackle bias?,Counterfactual data augmentation aims to tackle bias by swapping gendered words to create balanced datasets.,0.2759,0.2759,0.0884,abstractive,1,1,59,36.32
original,1911.03842,415f35adb0ef746883fb9c33aa53b79cc4e723c3,"In the targeted data collection approach, what type of data is targetted?",Gender-balanced dataset,0.3333,0.3333,0.1839,abstractive,1,1,59,36.32
original,1707.02377,52f1a91f546b8a25a5d72325c503ec8f9c72de23,Which language models do they compare against?,"RNNLM, LSTM-based methods",0.4,0.4,0.2887,extractive,1,1,77,49.58
original,1707.02377,bb5697cf352dd608edf119ca9b82a6b7e51c8d21,"Is their approach similar to making an averaged weighted sum of word vectors, where weights reflect word frequencies?",No,0.0,0.0,0.0,extractive,1,1,77,49.58
original,1707.02377,98785bf06e60fcf0a6fe8921edab6190d0c2cec1,How do they determine which words are informative?,Unanswerable,0.0,0.0,0.0,abstractive,1,1,77,49.58
original,1911.06191,9846f84747b89f5c692665c4ea7111671ad9839a,What is their best performance on the largest language direction dataset?,English→Finnish,0.0,0.0,0.0,unanswerable,1,2,114,88.63
original,1911.06191,eecf62e18a790bcfdd8a56f0c4f498927ff2fb47,How does soft contextual data augmentation work?,"Soft contextual data augmentation (SCA) works by replacing a randomly chosen word in a sentence with its soft version, represented as a probability distribution over the vocabulary. Specifically, inst",0.4308,0.2769,0.1276,extractive,1,2,114,88.63
original,1911.06191,acda028a21a465c984036dcbb124b7f03c490b41,How does muli-agent dual learning work?,"Multi-agent dual learning (MADL) works by using multiple primal and dual models, each with its own non-negative weight. Specifically, it employs \(N\) primal models \(f_i\) and \(N\) dual models \(g_j",0.4,0.3556,0.1423,extractive,1,2,114,88.63
original,1911.06191,42af0472e6895eaf7b9392674b0d956e64e86b03,Which language directions are machine translation systems of WMT evaluated on?,11,0.0,0.0,0.0,extractive,1,2,114,88.63
original,1701.06538,a85698f19a91ecd3cd3a90a93a453d2acebae1b7,Approximately how much computational cost is saved by using this model?,Unanswerable,1.0,1.0,1.0,unanswerable,1,2,131,111.6
original,1701.06538,af073d84b8a7c968e5822c79bef34a28655886de,What improvement does the MOE model make over the SOTA on machine translation?,The MoE model outperforms the state-of-the-art (SOTA) by up to 5.84 points on BLEU scores for 11 of the 12 language pairs.,0.2083,0.0833,0.0301,extractive,1,2,131,111.6
original,1701.06538,e8fcfb1412c3b30da6cbc0766152b6e11e17196c,What improvement does the MOE model make over the SOTA on language modelling?,19% lower perplexity,0.0,0.0,0.0,abstractive,1,2,131,111.6
original,1701.06538,0cd90e5b79ea426ada0203177c28812a7fc86be5,How is the correct number of experts to use decided?,Unanswerable,0.0,0.0,0.0,extractive,1,2,131,111.6
original,1701.06538,f01a88e15ef518a68d8ca2bec992f27e7a3a6add,What equations are used for the trainable gating network?,DISPLAYFORM0 DISPLAYFORM1,0.8,0.8,0.6065,extractive,1,2,131,111.6
original,1905.10810,44104668796a6ca10e2ea3ecf706541da1cec2cf,What is the difference in performance between the interpretable system (e.g. vectors and cosine distance) and LSTM with ,Unanswerable,0.0,0.0,0.0,abstractive,1,1,47,35.72
original,1905.10810,bbcd77aac74989f820e84488c52f3767d0405d51,What solutions are proposed for error detection and context awareness?,"Combining error detection, correction, and context awareness into a single task through supervised learning. Additionally, using the semantic distance between proposed corrections and nearby words to ",0.0,0.0,0.0,unanswerable,1,1,47,35.72
original,1905.10810,6a31bd676054222faf46229fc1d283322478a020,How is PIEWi annotated?,PlEWi contains error type annotations allowing us to select only non-word errors for evaluation.,0.1176,0.1176,0.0486,extractive,1,1,47,35.72
original,1905.10810,e4d16050f0b457c93e590261732a20401def9cde,What methods are tested in PIEWi?,"PlEWi is used to test spelling correction methods, specifically focusing on non-word errors. The methods tested include:",0.1622,0.1622,0.0471,extractive,1,1,47,35.72
original,1905.10810,b25e7137f49f77e7e67ee2f40ca585d3a377f8b5,Which specific error correction solutions have been proposed for specialized corpora in the past?,"Works on specific error correction solutions for Polish, such as those developed for mammography reports and tweets, have been proposed in the past.",0.2759,0.2759,0.1081,extractive,1,1,47,35.72
original,2002.12328,d803b782023553bbf9b36551fbc888ad189b1f29,What was the criteria for human evaluation?,"In terms of criteria, the human evaluation focused on assessing the subjective quality of generated utterances, specifically looking at their informativeness and naturalness. Workers were asked to jud",0.6275,0.3922,0.3281,extractive,1,1,78,49.73
original,2002.12328,fc5f9604c74c9bb804064f315676520937131e17,What automatic metrics are used to measure performance of the system?,BLEU scores and the slot error rate (ERR),1.0,1.0,1.0,extractive,1,1,78,49.73
original,2002.12328,b37fd665dfa5fad43977069d5623f4490a979305,What existing methods is SC-GPT compared to?,GPT-2 and SC-LSTM,0.3333,0.1667,0.0591,extractive,1,1,78,49.73
original,1910.07481,c1f4d632da78714308dc502fe4e7b16ea6f76f81,Which language-pair had the better performance?,English-French,0.0,0.0,0.0,abstractive,1,1,53,36.04
original,1910.07481,749a307c3736c5b06d7b605dc228d80de36cbabe,Which datasets were used in the experiment?,"WMT 2019, IWSLT, MUST-C, ParaCrawl V3",0.24,0.24,0.0245,extractive,1,1,53,36.04
original,1910.07481,102de97c123bb1e247efec0f1d958f8a3a86e2f6,What evaluation metrics did they use?,BLEU and TER,0.8571,0.8571,0.7165,extractive,1,1,53,36.04
original,1610.09516,3460393d6888dd34113fa0813a1b3a1514c66aa6,Do they evaluate only on English datasets?,Unanswerable,1.0,1.0,1.0,unanswerable,1,2,104,67.6
original,1610.09516,d491ee69db39ec65f0f6da9ec03450520389699a,What are the differences in the use of emojis between gang member and the rest of the Twitter population?,"Gang members predominantly use a limited set of emojis, particularly the fuel pump and pistol emojis, often in chains that suggest anger and violent behavior. These chains typically include emojis lik",0.2692,0.2115,0.0513,extractive,1,2,104,67.6
original,1610.09516,d3839c7acee4f9c8db0a4a475214a8dcbd0bc26f,What are the differences in the use of YouTube links between gang member and the rest of the Twitter population?,"Gang members shared YouTube links more frequently, with 51.25% of the gang members having a tweet that links to a YouTube video, compared to non-gang members where only certain keywords and terms like",0.24,0.16,0.0305,extractive,1,2,104,67.6
original,1610.09516,a6d00f44ff8f83b6c1787e39333e759b0c3daf15,What are the differences in the use of images between gang member and the rest of the Twitter population?,Unanswerable,0.0,0.0,0.0,extractive,1,2,104,67.6
original,1610.09516,0d4aa05eb00d9dee74000ea5b21b08f693ba1e62,What are the differences in language use between gang member and the rest of the Twitter population?,"Gang members more frequently use curse words, talk about material things with terms such as ""got,"" ""money,"" ""make,"" ""real,"" ""need,"" and use profile descriptions to grieve for fallen or incarcerated ga",0.3689,0.3107,0.1412,extractive,1,2,104,67.6
original,1610.09516,382bef47d316d7c12ea190ae160bf0912a0f4ffe,How is gang membership verified?,Manual verification,1.0,1.0,1.0,extractive,1,2,104,67.6
original,1610.09516,32a232310babb92991c4b1b75f7aa6b4670ec447,Do the authors provide evidence that 'most' street gang members use Twitter to intimidate others?,No,1.0,1.0,1.0,yes_no,1,2,104,67.6
original,2001.05493,5845d1db7f819dbadb72e7df69d49c3f424b5730,What is English mixed with in the TRAC dataset?,English code-mixed,0.0,0.0,0.0,extractive,1,2,93,65.79
original,2001.05493,e829f008d62312357e0354a9ed3b0827c91c9401,Which psycholinguistic and basic linguistic features are used?,"Emotions frequency, sentiment emotion, and TF-IDF of emoticons per-class.",0.3636,0.1818,0.0727,abstractive,1,2,93,65.79
original,2001.05493,54fe8f05595f2d1d4a4fd77f4562eac519711fa6,How have the differences in communication styles between Twitter and Facebook increase the complexity of the problem?,"The differences in communication styles between Twitter and Facebook increase the complexity of the problem because these platforms have different communication norms and styles, making it challenging",0.1538,0.1154,0.0213,abstractive,1,2,93,65.79
original,2001.05493,61404466cf86a21f0c1783ce535eb39a01528ce8,What are the key differences in communication styles between Twitter and Facebook?,"The context states that the communication styles are different on Twitter and Facebook, making the grammar more complex when languages are interchanged on these platforms. However, it does not provide",0.0,0.0,0.0,unanswerable,1,2,93,65.79
original,2001.05493,fbe5e513745d723aad711ceb91ce0c3c2ceb669e,What data/studies do the authors provide to support the assertion that the majority of aggressive conversations contain ,"The dataset provided by the organizers of TRAC-2018 BIBREF0, BIBREF2 is actually a code-mixed dataset.",0.0,0.0,0.0,abstractive,1,2,93,65.79
original,1908.09951,1571e16063b53409f2d1bd6ec143fccc5b29ebb9,What is the baseline?,"The context mentions several baselines, including Majority Class baseline (MC), Random selection baseline (RAN), Bag-of-Words with Support Vector Machine (BOW-SVM), Long Short-Term Memory (LSTM), and ",0.4444,0.4444,0.2418,extractive,1,2,118,102.88
original,1908.09951,d71937fa5da853f7529f767730547ccfb70e5908,What datasets did they use?,"They used two datasets of news articles and a list of suspicious Twitter accounts. Specifically:
- For news articles: 
  - One source for real news articles from the English Gigaword corpus
  - Seven ",0.1538,0.1538,0.0327,extractive,1,2,118,102.88
original,1606.08140,8d258899e36326183899ebc67aeb4188a86f682c,What scoring function does the model use to score triples?,"\[ f_r(h, t) = \left\| \textbf{W}_{r,1}\textbf{h} + \textbf{r} - \textbf{W}_{r,2}\textbf{t}",0.2105,0.2105,0.0601,extractive,1,1,64,40.86
original,1606.08140,955ca31999309685c1daa5cb03867971ca99ec52,What datasets are used to evaluate the model?,WN18 and FB15k,0.8,0.8,0.4082,abstractive,1,1,64,40.86
original,1911.11698,9b2b063e8a9938da195c9c0d6caa3e37a4a615a8,How long it took for each Doc2Vec model to be trained?,Unanswerable,1.0,1.0,1.0,unanswerable,1,2,85,62.54
original,1911.11698,ac3c88ace59bf75788370062db139f60499c2056,How better are results for pmra algorithm  than Doc2Vec in human evaluation? ,The human evaluation shows much better results for the pmra algorithm.,0.0714,0.0714,0.0264,extractive,1,2,85,62.54
original,1911.11698,26012f57cba21ba44b9a9f7ed8b1ed9e8ee7625d,What Doc2Vec architectures other than PV-DBOW have been tried?,PV-DM,1.0,1.0,1.0,extractive,1,2,85,62.54
original,1911.11698,bd26a6d5d8b68d62e1b6eaf974796f3c34a839c4,What four evaluation tasks are defined to determine what influences proximity?,"The context does not explicitly list four specific evaluation tasks. It mentions ""Four evaluations tasks were defined to determine what does or does not influence the proximity between documents for b",0.0,0.0,0.0,extractive,1,2,85,62.54
original,1911.11698,7d4fad6367f28c67ad22487094489680c45f5062,What six parameters were optimized with grid search?,"dm, window_size, alpha, sample, vector_size, hs",1.0,0.6667,0.3593,extractive,1,2,85,62.54
original,1901.02257,3aa7173612995223a904cc0f8eef4ff203cbb860,What baseline models do they compare against?,TriAN,0.1176,0.1176,0.0,abstractive,1,2,88,71.63
original,1710.01507,acc8d9918d19c212ec256181e51292f2957b37d7,What are the differences with previous applications of neural networks for this task?,"The study introduces a novel multi-strategy approach for identifying clickbait using neural networks, which differs from previous applications in several ways:",0.0833,0.0833,0.034,abstractive,1,1,50,31.69
original,2002.02492,6f2f304ef292d8bcd521936f93afeec917cbe28a,How much improvement is gained from the proposed approaches?,Unanswerable,0.0,0.0,0.0,abstractive,1,2,120,85.42
original,2002.02492,82fa2b99daa981fc42a882bb6db8481bdbbb9675,Is the problem of determining whether a given model would generate an infinite sequence is a decidable problem?  ,Unanswerable,1.0,1.0,1.0,unanswerable,1,2,120,85.42
original,2002.02492,61fb982b2c67541725d6db76b9c710dd169b533d,Is infinite-length sequence generation a result of training with maximum likelihood?,No,0.0,0.0,0.0,abstractive,1,2,120,85.42
